Num,ENC_Name,XML,Edition,Update_Application_Date,Update,Issue_Date,Zip_File_Date_Time,CGDs
cxl,US1AK90M,View,24,09/17/2024,3,09/22/2025,01/16/2026 05:55:35,17
cxl,US1BS01M,View,16,08/15/2024,2,09/22/2025,01/16/2026 05:55:34,17
cxl,US1BS02M,View,12,03/22/2024,3,09/22/2025,01/16/2026 05:55:34,17
cxl,US1BS03M,View,11,08/30/2018,6,09/22/2025,01/16/2026 05:55:34,17
cxl,US1BS04M,View,6,08/29/2018,1,09/22/2025,01/16/2026 05:55:34,17
1,US1EEZ1M,View,10,12/09/2025,0,12/09/2025,01/16/2026 05:55:33,14
2,US1EEZ2M,View,6,09/04/2025,0,09/04/2025,01/16/2026 05:55:33,14
3,US1EEZ3M,View,2,10/21/2013,4,08/28/2020,01/16/2026 05:55:33,14
4,US1GC09M,View,74,12/09/2025,1,01/13/2026,01/16/2026 05:55:33,"5, 7, 8"
5,US1GLBDA,View,2,12/09/2025,0,12/09/2025,01/16/2026 05:55:32,17
6,US1GLBDC,View,2,11/19/2025,1,01/14/2026,01/16/2026 05:55:32,"11, 13, 17"
7,US1GLBDD,View,1,09/19/2025,2,12/03/2025,01/16/2026 05:55:32,"11, 13, 17"
8,US1GLBDS,View,2,12/09/2025,0,12/09/2025,01/16/2026 05:55:31,17
9,US1GLBEA,View,2,12/09/2025,0,12/09/2025,01/16/2026 05:55:31,17
10,US1GLBES,View,1,09/19/2025,0,09/19/2025,01/16/2026 05:55:30,17
11,US1HA01M,View,25,04/29/2024,1,10/30/2024,01/16/2026 05:55:30,14
12,US1HA02M,View,17,10/15/2024,3,05/01/2025,01/16/2026 05:55:30,14
13,US1PO02M,View,22,09/19/2025,1,01/14/2026,01/16/2026 05:55:30,"11, 13, 14, 17"
14,US1WC01M,View,52,09/22/2025,0,09/22/2025,01/16/2026 05:55:29,"11, 13, 17"
cxl,US1WC04M,View,23,03/25/2025,4,09/22/2025,01/16/2026 05:55:29,17
15,US1WC07M,View,25,09/22/2025,0,09/22/2025,01/16/2026 05:55:29,"11, 13, 14, 17"
16,US2AK20M,View,17,03/25/2025,1,09/05/2025,01/16/2026 05:55:28,17
17,US2AK30M,View,26,09/05/2025,0,09/05/2025,01/16/2026 05:55:28,17
18,US2AK5FM,View,29,12/01/2025,0,12/01/2025,01/16/2026 05:55:28,17
19,US2AK70M,View,16,12/01/2025,0,12/01/2025,01/16/2026 05:55:27,17
cxl,US2AK7XM,View,11,03/22/2024,3,12/05/2025,01/16/2026 05:55:27,17
20,US2AK91M,View,16,03/14/2024,1,05/14/2025,01/16/2026 05:55:27,17
21,US2AK92M,View,22,12/08/2025,0,12/08/2025,01/16/2026 05:55:26,17
22,US2AK95M,View,17,12/01/2025,0,12/01/2025,01/16/2026 05:55:26,17
23,US2ARCCA,View,1,12/01/2025,0,12/01/2025,01/16/2026 05:55:26,17
24,US2ARCCB,View,1,12/01/2025,0,12/01/2025,01/16/2026 05:55:26,17
25,US2ARCDB,View,1,12/01/2025,0,12/01/2025,01/16/2026 05:55:26,17
26,US2ARCDC,View,1,12/01/2025,0,12/01/2025,01/16/2026 05:55:26,17
27,US2ARCEB,View,1,12/01/2025,0,12/01/2025,01/16/2026 05:55:25,17
28,US2ARCEC,View,1,12/01/2025,0,12/01/2025,01/16/2026 05:55:25,17
29,US2ARCED,View,1,12/01/2025,0,12/01/2025,01/16/2026 05:55:25,17
30,US2ARCGD,View,3,12/09/2025,0,12/09/2025,01/16/2026 05:55:25,17
31,US2ARCHD,View,2,12/09/2025,0,12/09/2025,01/16/2026 05:55:24,17
32,US2EC01M,View,31,08/28/2025,0,08/28/2025,01/16/2026 05:55:24,"7, 8"
33,US2EC02M,View,47,12/09/2025,0,12/09/2025,01/16/2026 05:55:24,"5, 7"
34,US2EC03M,View,39,12/09/2025,1,12/18/2025,01/16/2026 05:55:23,"1, 5"
35,US2EC04M,View,40,05/06/2025,18,01/08/2026,01/16/2026 05:55:23,"1, 5"
36,US2FAS01,View,3,04/27/2023,0,04/27/2023,01/16/2026 05:55:23,14
37,US2FAS02,View,2,07/22/2024,0,07/22/2024,01/16/2026 05:55:22,14
38,US2FAS03,View,4,03/14/2025,0,03/14/2025,01/16/2026 05:55:22,14
39,US2FAS04,View,2,07/22/2024,0,07/22/2024,01/16/2026 05:55:22,14
40,US2GC09M,View,40,08/19/2025,1,10/29/2025,01/16/2026 05:55:22,"7, 8"
41,US2GOADB,View,1,01/09/2026,0,01/09/2026,01/16/2026 05:55:21,8
42,US2HA03M,View,13,10/15/2024,4,01/14/2026,01/16/2026 05:55:21,14
43,US2HA05M,View,23,03/06/2024,5,07/08/2025,01/16/2026 05:55:21,14
44,US2HA06M,View,5,05/14/2018,1,11/21/2018,01/16/2026 05:55:20,14
45,US2HA07M,View,4,05/14/2018,0,05/14/2018,01/16/2026 05:55:19,14
46,US2HA08M,View,4,05/14/2018,0,05/14/2018,01/16/2026 05:55:18,14
47,US2MI01M,View,11,07/24/2025,4,09/18/2025,01/16/2026 05:55:18,9
48,US2MI60M,View,10,09/11/2023,18,12/11/2025,01/16/2026 05:55:18,9
49,US2MI79M,View,10,01/26/2024,20,01/14/2026,01/16/2026 05:55:17,9
50,US2MI80M,View,18,10/28/2024,8,12/17/2025,01/16/2026 05:55:17,9
51,US2PACWX,View,1,11/26/2025,0,11/26/2025,01/16/2026 05:55:16,13
52,US2PACWY,View,1,11/24/2025,0,11/24/2025,01/16/2026 05:55:16,13
53,US2PACXK,View,1,12/01/2025,0,12/01/2025,01/16/2026 05:55:16,17
54,US2PACXM,View,1,12/01/2025,0,12/01/2025,01/16/2026 05:55:16,17
55,US2SP01M,View,21,03/15/2023,0,03/15/2023,01/16/2026 05:55:15,14
56,US2SP02M,View,3,09/07/2021,0,09/07/2021,01/16/2026 05:55:15,14
57,US2SP03M,View,2,09/07/2021,0,09/07/2021,01/16/2026 05:55:15,14
58,US2WC03M,View,12,11/26/2025,0,11/26/2025,01/16/2026 05:55:15,13
59,US2WC05M,View,27,06/11/2024,11,10/22/2025,01/16/2026 05:55:14,11
60,US2WC06M,View,14,06/05/2024,6,07/08/2025,01/16/2026 05:55:14,"11, 13"
61,US2WC11M,View,28,05/02/2023,1,05/23/2023,01/16/2026 05:55:14,11
62,US2WC12M,View,28,11/26/2025,0,11/26/2025,01/16/2026 05:55:14,"11, 13"
63,US3AK12M,View,13,06/09/2023,0,06/09/2023,01/16/2026 05:55:13,17
64,US3AK1DM,View,28,06/24/2025,1,08/14/2025,01/16/2026 05:55:13,17
65,US3AK1GU,View,1,08/05/2025,0,08/05/2025,01/16/2026 05:55:13,17
66,US3AK1GV,View,1,08/05/2025,1,09/05/2025,01/16/2026 05:55:12,17
67,US3AK1HU,View,1,08/05/2025,0,08/05/2025,01/16/2026 05:55:12,17
68,US3AK1HV,View,1,08/05/2025,0,08/05/2025,01/16/2026 05:55:12,17
69,US3AK1HW,View,1,08/05/2025,0,08/05/2025,01/16/2026 05:55:11,17
70,US3AK1IU,View,1,08/05/2025,0,08/05/2025,01/16/2026 05:55:11,17
71,US3AK21M,View,21,05/17/2024,3,03/14/2025,01/16/2026 05:55:11,17
72,US3AK2DM,View,18,09/17/2024,1,03/26/2025,01/16/2026 05:55:11,17
73,US3AK2HM,View,16,05/17/2024,2,06/13/2025,01/16/2026 05:55:10,17
cxl,US3AK38M,View,14,03/14/2025,2,08/14/2025,01/16/2026 05:55:10,17
74,US3AK3AM,View,21,08/14/2025,0,08/14/2025,01/16/2026 05:55:10,17
75,US3AK3BM,View,16,06/06/2024,0,06/06/2024,01/16/2026 05:55:09,17
76,US3AK3CM,View,12,06/30/2023,1,02/14/2025,01/16/2026 05:55:09,17
77,US3AK3UM,View,14,04/05/2024,2,05/20/2025,01/16/2026 05:55:09,17
78,US3AK40M,View,19,03/21/2023,1,03/28/2025,01/16/2026 05:55:08,17
79,US3AK42M,View,20,04/25/2025,1,06/05/2025,01/16/2026 05:55:08,17
80,US3AK4PM,View,16,08/10/2023,0,08/10/2023,01/16/2026 05:55:08,17
81,US3AK4RM,View,11,07/12/2023,0,07/12/2023,01/16/2026 05:55:08,17
82,US3AK4ZM,View,13,08/14/2025,1,01/05/2026,01/16/2026 05:55:07,17
83,US3AK50M,View,26,02/05/2024,1,09/12/2025,01/16/2026 05:55:07,17
84,US3AK5KM,View,34,08/01/2024,2,03/26/2025,01/16/2026 05:55:07,17
85,US3AK60M,View,17,08/10/2024,0,08/10/2024,01/16/2026 05:55:06,17
86,US3AK61M,View,31,07/01/2024,2,08/14/2025,01/16/2026 05:55:06,17
87,US3AK71M,View,5,08/13/2018,0,08/13/2018,01/16/2026 05:55:05,17
88,US3AK72M,View,9,08/14/2018,1,02/27/2019,01/16/2026 05:55:05,17
89,US3AK7BM,View,10,08/10/2022,0,08/10/2022,01/16/2026 05:55:05,17
90,US3AK7GM,View,5,08/08/2018,0,08/08/2018,01/16/2026 05:55:04,17
91,US3AK7RM,View,12,06/14/2024,1,08/15/2024,01/16/2026 05:55:04,17
92,US3AK7WM,View,5,06/30/2022,3,03/22/2024,01/16/2026 05:55:04,17
93,US3AK80M,View,12,02/07/2022,3,05/24/2023,01/16/2026 05:55:03,17
94,US3AK83M,View,14,05/24/2023,0,05/24/2023,01/16/2026 05:55:03,17
95,US3AK84M,View,18,06/14/2024,3,09/12/2025,01/16/2026 05:55:03,17
96,US3AK89M,View,14,09/17/2024,1,09/26/2024,01/16/2026 05:55:03,17
97,US3AK8CM,View,10,08/07/2018,1,08/22/2023,01/16/2026 05:55:02,17
98,US3AK95M,View,2,07/12/2018,2,03/14/2022,01/16/2026 05:55:02,17
99,US3CA14M,View,38,11/14/2024,5,08/08/2025,01/16/2026 05:55:02,11
100,US3CA15M,View,28,10/30/2024,6,09/24/2025,01/16/2026 05:55:01,11
101,US3CA52M,View,31,06/11/2024,9,12/02/2025,01/16/2026 05:55:01,11
102,US3CA69M,View,32,03/12/2025,3,09/19/2025,01/16/2026 05:55:01,11
103,US3CA70M,View,44,03/19/2025,3,10/22/2025,01/16/2026 05:55:00,11
104,US3CA85M,View,23,06/11/2024,6,07/24/2025,01/16/2026 05:55:00,11
105,US3CO100,View,1,11/08/2023,0,11/08/2023,01/16/2026 05:54:59,14
106,US3CO200,View,1,11/08/2023,0,11/08/2023,01/16/2026 05:54:59,14
107,US3CO300,View,1,11/08/2023,0,11/08/2023,01/16/2026 05:54:59,14
108,US3CO400,View,1,11/08/2023,0,11/08/2023,01/16/2026 05:54:58,14
109,US3DE01M,View,29,08/02/2024,8,12/12/2025,01/16/2026 05:54:58,5
110,US3EC06M,View,14,09/03/2021,5,05/15/2025,01/16/2026 05:54:58,1
111,US3EC07M,View,13,05/06/2025,1,05/15/2025,01/16/2026 05:54:58,1
112,US3EC08M,View,42,08/26/2025,6,12/23/2025,01/16/2026 05:54:57,5
113,US3EC09M,View,17,05/06/2025,0,05/06/2025,01/16/2026 05:54:57,1
114,US3EC10M,View,46,09/26/2022,28,11/12/2025,01/16/2026 05:54:57,1
115,US3EC11M,View,12,12/29/2025,1,01/08/2026,01/16/2026 05:54:56,1
116,US3FL28M,View,20,09/24/2025,0,09/24/2025,01/16/2026 05:54:56,7
117,US3FL30M,View,58,08/14/2025,0,08/14/2025,01/16/2026 05:54:55,7
118,US3FL90M,View,36,02/07/2025,0,02/07/2025,01/16/2026 05:54:55,7
119,US3FSM01,View,1,01/23/2020,0,01/23/2020,01/16/2026 05:54:55,14
120,US3FSM02,View,1,05/20/2022,0,05/20/2022,01/16/2026 05:54:55,14
121,US3FSM03,View,1,01/07/2021,0,01/07/2021,01/16/2026 05:54:54,14
122,US3FSM05,View,1,06/28/2022,0,06/28/2022,01/16/2026 05:54:54,14
123,US3GA10M,View,75,08/29/2025,1,11/26/2025,01/16/2026 05:54:54,7
cxl,US3GC01M,View,43,06/06/2025,1,07/22/2025,01/16/2026 05:54:53,8
cxl,US3GC02M,View,55,07/10/2025,1,07/22/2025,01/16/2026 05:54:53,8
cxl,US3GC03M,View,71,06/06/2025,1,07/10/2025,01/16/2026 05:54:53,8
124,US3GC04M,View,78,07/10/2025,2,08/07/2025,01/16/2026 05:54:53,8
125,US3GC05M,View,67,08/21/2025,2,10/29/2025,01/16/2026 05:54:53,8
126,US3GC06M,View,52,09/19/2025,0,09/19/2025,01/16/2026 05:54:52,"7, 8"
127,US3GC07M,View,51,12/01/2025,0,12/01/2025,01/16/2026 05:54:52,7
128,US3HA04M,View,12,10/30/2024,0,10/30/2024,01/16/2026 05:54:52,14
129,US3HA10M,View,21,07/31/2024,3,07/09/2025,01/16/2026 05:54:51,14
130,US3HA20M,View,18,09/04/2024,3,07/28/2025,01/16/2026 05:54:51,14
131,US3HA60M,View,14,03/06/2024,3,07/03/2025,01/16/2026 05:54:51,14
132,US3HA76M,View,5,08/18/2017,1,08/05/2019,01/16/2026 05:54:51,14
133,US3LA01M,View,14,07/10/2025,0,07/10/2025,01/16/2026 05:54:50,8
cxl,US3LA02M,View,36,06/05/2025,1,07/10/2025,01/16/2026 05:54:50,8
134,US3LA1AA,View,1,06/04/2025,0,06/04/2025,01/16/2026 05:54:49,8
135,US3LA1AB,View,1,06/04/2025,1,11/17/2025,01/16/2026 05:54:49,8
136,US3LA1AC,View,1,06/05/2025,3,09/23/2025,01/16/2026 05:54:49,8
137,US3LA1AD,View,1,06/04/2025,0,06/04/2025,01/16/2026 05:54:49,8
138,US3LA1BA,View,1,06/04/2025,2,08/21/2025,01/16/2026 05:54:49,8
139,US3LA1BB,View,2,10/02/2025,1,12/15/2025,01/16/2026 05:54:48,8
140,US3LA1BC,View,1,06/04/2025,4,12/18/2025,01/16/2026 05:54:48,8
141,US3LA1BD,View,1,06/06/2025,0,06/06/2025,01/16/2026 05:54:48,8
142,US3LA1CA,View,1,07/09/2025,1,11/26/2025,01/16/2026 05:54:48,8
143,US3LA1CB,View,1,07/09/2025,2,12/03/2025,01/16/2026 05:54:47,8
144,US3LA1CC,View,2,12/03/2025,2,01/13/2026,01/16/2026 05:54:47,8
145,US3LA1CD,View,2,12/01/2025,0,12/01/2025,01/16/2026 05:54:47,8
146,US3LA1DB,View,1,07/09/2025,0,07/09/2025,01/16/2026 05:54:46,8
147,US3LA1DC,View,1,07/09/2025,0,07/09/2025,01/16/2026 05:54:46,8
148,US3MS1AA,View,1,05/13/2025,0,05/13/2025,01/16/2026 05:54:46,8
149,US3NY01M,View,58,12/17/2024,30,11/21/2025,01/16/2026 05:54:46,"1, 5"
150,US3OR01M,View,39,05/31/2024,6,10/22/2025,01/16/2026 05:54:45,13
151,US3OR02M,View,31,06/07/2024,4,02/18/2025,01/16/2026 05:54:45,13
152,US3OR03M,View,27,01/07/2025,0,01/07/2025,01/16/2026 05:54:44,"11, 13"
153,US3PK300,View,1,12/10/2024,0,12/10/2024,01/16/2026 05:54:44,14
154,US3PK400,View,1,12/10/2024,0,12/10/2024,01/16/2026 05:54:44,14
155,US3PQ200,View,1,12/10/2024,0,12/10/2024,01/16/2026 05:54:44,14
156,US3PR10M,View,33,12/15/2025,0,12/15/2025,01/16/2026 05:54:44,7
157,US3SC10M,View,43,08/29/2025,4,11/21/2025,01/16/2026 05:54:43,"5, 7"
158,US3SC1CB,View,1,08/29/2025,2,11/26/2025,01/16/2026 05:54:43,7
159,US3SP40M,View,3,08/18/2017,0,08/18/2017,01/16/2026 05:54:43,14
160,US3TB300,View,1,04/16/2025,0,04/16/2025,01/16/2026 05:54:42,14
161,US3TE400,View,1,04/11/2025,0,04/11/2025,01/16/2026 05:54:42,14
162,US3TF300,View,1,04/11/2025,0,04/11/2025,01/16/2026 05:54:42,14
163,US3TK100,View,1,04/11/2025,0,04/11/2025,01/16/2026 05:54:42,14
164,US3TK200,View,1,04/11/2025,0,04/11/2025,01/16/2026 05:54:41,14
165,US3TX1AA,View,1,07/22/2025,0,07/22/2025,01/16/2026 05:54:41,8
166,US3TX1AB,View,1,06/04/2025,0,06/04/2025,01/16/2026 05:54:41,8
167,US3TX1AC,View,1,06/04/2025,0,06/04/2025,01/16/2026 05:54:41,8
168,US3TX1AD,View,1,06/04/2025,0,06/04/2025,01/16/2026 05:54:41,8
169,US3TX1BA,View,1,07/22/2025,0,07/22/2025,01/16/2026 05:54:40,8
170,US3TX1BB,View,1,06/04/2025,0,06/04/2025,01/16/2026 05:54:40,8
171,US3TX1BC,View,1,06/04/2025,0,06/04/2025,01/16/2026 05:54:40,8
172,US3TX1BD,View,1,06/04/2025,0,06/04/2025,01/16/2026 05:54:40,8
173,US3TX1CA,View,1,07/22/2025,0,07/22/2025,01/16/2026 05:54:40,8
174,US3TX1CB,View,1,06/04/2025,0,06/04/2025,01/16/2026 05:54:39,8
175,US3TX1CC,View,2,06/24/2025,0,06/24/2025,01/16/2026 05:54:39,8
176,US3TX1CD,View,1,06/04/2025,0,06/04/2025,01/16/2026 05:54:39,8
177,US3TX1DC,View,1,07/22/2025,2,10/22/2025,01/16/2026 05:54:39,8
178,US3TX1DD,View,1,06/06/2025,1,07/28/2025,01/16/2026 05:54:38,8
179,US3WA01M,View,30,08/16/2024,2,06/30/2025,01/16/2026 05:54:38,13
180,US3WA03M,View,31,07/12/2022,3,11/04/2024,01/16/2026 05:54:38,13
181,US3WA46M,View,37,07/22/2024,9,09/26/2025,01/16/2026 05:54:38,13
182,US409860,View,12,11/28/2022,0,11/28/2022,01/16/2026 05:54:37,14
183,US409890,View,3,04/21/2023,0,04/21/2023,01/16/2026 05:54:37,14
cxl,US456570,View,1,07/21/2019,1,10/02/2025,01/16/2026 05:54:37,14
cxl,US456583,View,1,07/15/2019,1,06/24/2025,01/16/2026 05:54:36,14
cxl,US456586,View,1,01/11/2022,1,06/25/2025,01/16/2026 05:54:36,14
cxl,US456595,View,1,05/12/2021,1,11/04/2025,01/16/2026 05:54:36,14
cxl,US456596,View,1,07/15/2021,1,11/04/2025,01/16/2026 05:54:36,14
cxl,US456597,View,1,12/10/2021,1,10/02/2025,01/16/2026 05:54:36,14
cxl,US456598,View,1,03/19/2021,1,06/25/2025,01/16/2026 05:54:36,14
cxl,US456599,View,1,05/20/2022,1,06/24/2025,01/16/2026 05:54:36,14
cxl,US456601,View,1,10/22/2020,1,07/14/2025,01/16/2026 05:54:36,14
cxl,US456602,View,1,07/16/2019,1,06/25/2025,01/16/2026 05:54:35,14
cxl,US456603,View,1,07/15/2021,1,07/14/2025,01/16/2026 05:54:35,14
cxl,US456604,View,1,08/25/2021,1,06/25/2025,01/16/2026 05:54:35,14
cxl,US456605,View,1,05/20/2022,1,12/16/2025,01/16/2026 05:54:35,14
184,US456606,View,1,07/15/2019,1,09/17/2020,01/16/2026 05:54:35,14
cxl,US456607,View,1,05/20/2022,1,12/16/2025,01/16/2026 05:54:35,14
cxl,US456608,View,1,05/20/2022,1,12/16/2025,01/16/2026 05:54:35,14
185,US456610,View,2,08/02/2024,0,08/02/2024,01/16/2026 05:54:35,14
cxl,US456611,View,2,08/02/2024,1,12/16/2025,01/16/2026 05:54:34,14
186,US456612,View,1,01/23/2020,0,01/23/2020,01/16/2026 05:54:34,14
187,US456613,View,1,01/23/2020,0,01/23/2020,01/16/2026 05:54:34,14
cxl,US456617,View,1,06/15/2021,1,07/14/2025,01/16/2026 05:54:34,14
188,US456623,View,1,01/23/2020,0,01/23/2020,01/16/2026 05:54:34,14
cxl,US456630,View,1,03/06/2020,1,10/02/2025,01/16/2026 05:54:34,14
cxl,US456640,View,1,10/02/2019,1,10/02/2025,01/16/2026 05:54:33,14
cxl,US4AK17M,View,5,05/13/2024,2,08/07/2025,01/16/2026 05:54:33,17
cxl,US4AK1AM,View,20,04/02/2024,1,07/16/2025,01/16/2026 05:54:33,17
189,US4AK1BX,View,1,04/12/2024,0,04/12/2024,01/16/2026 05:54:33,17
190,US4AK1BY,View,1,04/12/2024,0,04/12/2024,01/16/2026 05:54:33,17
191,US4AK1BZ,View,1,04/12/2024,0,04/12/2024,01/16/2026 05:54:32,17
cxl,US4AK1CM,View,8,04/02/2024,1,07/16/2025,01/16/2026 05:54:32,17
192,US4AK1CV,View,1,04/12/2024,0,04/12/2024,01/16/2026 05:54:32,17
193,US4AK1CW,View,1,04/12/2024,0,04/12/2024,01/16/2026 05:54:32,17
194,US4AK1CX,View,1,04/12/2024,0,04/12/2024,01/16/2026 05:54:31,17
195,US4AK1CY,View,1,04/12/2024,0,04/12/2024,01/16/2026 05:54:31,17
196,US4AK1CZ,View,1,04/12/2024,0,04/12/2024,01/16/2026 05:54:31,17
197,US4AK1DV,View,1,04/12/2024,0,04/12/2024,01/16/2026 05:54:31,17
198,US4AK1DW,View,1,04/12/2024,0,04/12/2024,01/16/2026 05:54:31,17
199,US4AK1DX,View,1,04/12/2024,0,04/12/2024,01/16/2026 05:54:30,17
200,US4AK1DY,View,1,04/12/2024,0,04/12/2024,01/16/2026 05:54:30,17
201,US4AK1DZ,View,1,04/12/2024,0,04/12/2024,01/16/2026 05:54:30,17
cxl,US4AK1EM,View,9,04/02/2024,1,07/16/2025,01/16/2026 05:54:30,17
202,US4AK1EO,View,1,03/07/2024,0,03/07/2024,01/16/2026 05:54:29,17
203,US4AK1EP,View,1,03/07/2024,0,03/07/2024,01/16/2026 05:54:29,17
204,US4AK1EQ,View,1,03/07/2024,0,03/07/2024,01/16/2026 05:54:29,17
205,US4AK1ET,View,1,04/12/2024,0,04/12/2024,01/16/2026 05:54:29,17
206,US4AK1FN,View,1,03/07/2024,0,03/07/2024,01/16/2026 05:54:29,17
207,US4AK1FO,View,1,03/07/2024,0,03/07/2024,01/16/2026 05:54:28,17
208,US4AK1FP,View,1,03/07/2024,0,03/07/2024,01/16/2026 05:54:28,17
209,US4AK1FQ,View,1,03/07/2024,0,03/07/2024,01/16/2026 05:54:28,17
210,US4AK1GN,View,1,03/07/2024,0,03/07/2024,01/16/2026 05:54:28,17
211,US4AK1GO,View,1,03/07/2024,0,03/07/2024,01/16/2026 05:54:27,17
212,US4AK1GP,View,1,03/07/2024,0,03/07/2024,01/16/2026 05:54:27,17
213,US4AK2AB,View,1,02/01/2024,0,02/01/2024,01/16/2026 05:54:27,17
214,US4AK2BB,View,1,02/02/2024,0,02/02/2024,01/16/2026 05:54:27,17
215,US4AK2BC,View,1,02/01/2024,0,02/01/2024,01/16/2026 05:54:26,17
216,US4AK2BD,View,1,02/01/2024,0,02/01/2024,01/16/2026 05:54:26,17
217,US4AK2BE,View,1,02/01/2024,0,02/01/2024,01/16/2026 05:54:26,17
218,US4AK2BF,View,1,08/15/2025,0,08/15/2025,01/16/2026 05:54:26,17
219,US4AK2BG,View,1,08/15/2025,0,08/15/2025,01/16/2026 05:54:26,17
220,US4AK2CB,View,1,02/01/2024,0,02/01/2024,01/16/2026 05:54:26,17
221,US4AK2CC,View,1,02/01/2024,0,02/01/2024,01/16/2026 05:54:26,17
222,US4AK2CD,View,1,02/01/2024,0,02/01/2024,01/16/2026 05:54:26,17
223,US4AK2CE,View,1,02/01/2024,0,02/01/2024,01/16/2026 05:54:25,17
224,US4AK2CF,View,1,08/15/2025,0,08/15/2025,01/16/2026 05:54:25,17
225,US4AK2CG,View,1,08/15/2025,0,08/15/2025,01/16/2026 05:54:25,17
226,US4AK2CH,View,1,08/15/2025,0,08/15/2025,01/16/2026 05:54:24,17
227,US4AK2DB,View,1,02/01/2024,0,02/01/2024,01/16/2026 05:54:24,17
228,US4AK2DC,View,1,02/01/2024,0,02/01/2024,01/16/2026 05:54:24,17
229,US4AK2DD,View,1,02/01/2024,0,02/01/2024,01/16/2026 05:54:24,17
230,US4AK2DE,View,1,02/01/2024,0,02/01/2024,01/16/2026 05:54:24,17
231,US4AK2DF,View,1,08/14/2025,0,08/14/2025,01/16/2026 05:54:23,17
232,US4AK2DG,View,1,08/14/2025,0,08/14/2025,01/16/2026 05:54:23,17
233,US4AK2DH,View,1,08/14/2025,0,08/14/2025,01/16/2026 05:54:23,17
234,US4AK2DI,View,1,08/14/2025,0,08/14/2025,01/16/2026 05:54:23,17
235,US4AK2DJ,View,1,08/14/2025,0,08/14/2025,01/16/2026 05:54:22,17
236,US4AK2DK,View,1,02/12/2024,0,02/12/2024,01/16/2026 05:54:22,17
237,US4AK2DL,View,1,02/12/2024,0,02/12/2024,01/16/2026 05:54:22,17
238,US4AK2EF,View,1,08/14/2025,0,08/14/2025,01/16/2026 05:54:22,17
239,US4AK2EG,View,1,08/14/2025,0,08/14/2025,01/16/2026 05:54:22,17
240,US4AK2EH,View,1,08/14/2025,0,08/14/2025,01/16/2026 05:54:22,17
241,US4AK2EI,View,1,08/14/2025,0,08/14/2025,01/16/2026 05:54:21,17
242,US4AK2EJ,View,1,08/14/2025,0,08/14/2025,01/16/2026 05:54:21,17
243,US4AK2EK,View,1,02/12/2024,0,02/12/2024,01/16/2026 05:54:21,17
244,US4AK2EL,View,1,02/12/2024,0,02/12/2024,01/16/2026 05:54:21,17
cxl,US4AK2EM,View,9,10/26/2023,1,07/16/2025,01/16/2026 05:54:21,17
245,US4AK2EN,View,1,02/12/2024,0,02/12/2024,01/16/2026 05:54:21,17
246,US4AK3CA,View,1,01/24/2024,0,01/24/2024,01/16/2026 05:54:20,17
247,US4AK3DA,View,1,01/24/2024,0,01/24/2024,01/16/2026 05:54:20,17
248,US4AK3DB,View,1,01/24/2024,0,01/24/2024,01/16/2026 05:54:20,17
249,US4AK3DC,View,1,01/24/2024,0,01/24/2024,01/16/2026 05:54:20,17
250,US4AK3DD,View,1,01/24/2024,0,01/24/2024,01/16/2026 05:54:19,17
251,US4AK3DE,View,1,01/24/2024,0,01/24/2024,01/16/2026 05:54:19,17
252,US4AK3EB,View,1,01/24/2024,0,01/24/2024,01/16/2026 05:54:19,17
253,US4AK3EC,View,1,01/24/2024,0,01/24/2024,01/16/2026 05:54:19,17
254,US4AK3ED,View,1,01/24/2024,0,01/24/2024,01/16/2026 05:54:19,17
255,US4AK3EE,View,1,01/24/2024,0,01/24/2024,01/16/2026 05:54:18,17
256,US4AK3EF,View,1,04/15/2025,0,04/15/2025,01/16/2026 05:54:18,17
257,US4AK3FC,View,1,01/24/2024,0,01/24/2024,01/16/2026 05:54:18,17
258,US4AK3FD,View,1,01/24/2024,0,01/24/2024,01/16/2026 05:54:18,17
259,US4AK3FE,View,1,04/14/2025,0,04/14/2025,01/16/2026 05:54:18,17
260,US4AK3FF,View,1,04/14/2025,0,04/14/2025,01/16/2026 05:54:17,17
261,US4AK3FG,View,1,04/15/2025,0,04/15/2025,01/16/2026 05:54:17,17
262,US4AK3FH,View,1,04/15/2025,0,04/15/2025,01/16/2026 05:54:17,17
263,US4AK3FI,View,1,08/07/2024,0,08/07/2024,01/16/2026 05:54:16,17
264,US4AK3GF,View,1,04/15/2025,0,04/15/2025,01/16/2026 05:54:16,17
265,US4AK3GG,View,1,04/15/2025,0,04/15/2025,01/16/2026 05:54:16,17
266,US4AK3GH,View,1,04/15/2025,0,04/15/2025,01/16/2026 05:54:16,17
267,US4AK3GI,View,1,08/07/2024,0,08/07/2024,01/16/2026 05:54:15,17
268,US4AK3GJ,View,1,08/07/2024,0,08/07/2024,01/16/2026 05:54:15,17
269,US4AK3HH,View,1,05/01/2025,0,05/01/2025,01/16/2026 05:54:15,17
270,US4AK3HI,View,1,08/07/2024,1,09/25/2025,01/16/2026 05:54:15,17
271,US4AK3HJ,View,1,08/07/2024,0,08/07/2024,01/16/2026 05:54:14,17
272,US4AK3HK,View,1,08/07/2024,0,08/07/2024,01/16/2026 05:54:14,17
273,US4AK3HL,View,1,08/07/2024,0,08/07/2024,01/16/2026 05:54:14,17
274,US4AK3IH,View,1,04/15/2025,0,04/15/2025,01/16/2026 05:54:14,17
275,US4AK3II,View,1,08/07/2024,0,08/07/2024,01/16/2026 05:54:13,17
276,US4AK3IJ,View,1,08/07/2024,0,08/07/2024,01/16/2026 05:54:13,17
277,US4AK3IK,View,1,08/07/2024,0,08/07/2024,01/16/2026 05:54:13,17
278,US4AK3IL,View,1,08/07/2024,0,08/07/2024,01/16/2026 05:54:12,17
279,US4AK3IM,View,1,08/07/2024,0,08/07/2024,01/16/2026 05:54:12,17
280,US4AK3IN,View,1,08/29/2025,0,08/29/2025,01/16/2026 05:54:12,17
281,US4AK3IO,View,1,08/29/2025,0,08/29/2025,01/16/2026 05:54:12,17
282,US4AK3IP,View,1,11/29/2023,0,11/29/2023,01/16/2026 05:54:11,17
283,US4AK3IQ,View,1,11/29/2023,0,11/29/2023,01/16/2026 05:54:11,17
284,US4AK3JJ,View,1,08/07/2024,0,08/07/2024,01/16/2026 05:54:11,17
285,US4AK3JK,View,1,08/07/2024,0,08/07/2024,01/16/2026 05:54:11,17
286,US4AK3JL,View,1,08/07/2024,0,08/07/2024,01/16/2026 05:54:11,17
287,US4AK3JM,View,1,08/07/2024,0,08/07/2024,01/16/2026 05:54:10,17
288,US4AK3JN,View,1,08/29/2025,0,08/29/2025,01/16/2026 05:54:10,17
289,US4AK3JO,View,1,08/29/2025,0,08/29/2025,01/16/2026 05:54:10,17
290,US4AK3JP,View,1,11/29/2023,0,11/29/2023,01/16/2026 05:54:10,17
291,US4AK3JQ,View,1,11/29/2023,0,11/29/2023,01/16/2026 05:54:10,17
292,US4AK3KK,View,1,08/07/2024,0,08/07/2024,01/16/2026 05:54:09,17
293,US4AK3KL,View,1,08/07/2024,0,08/07/2024,01/16/2026 05:54:09,17
294,US4AK3KM,View,1,08/07/2024,0,08/07/2024,01/16/2026 05:54:09,17
295,US4AK3KN,View,1,08/29/2025,0,08/29/2025,01/16/2026 05:54:09,17
296,US4AK3KO,View,1,08/29/2025,0,08/29/2025,01/16/2026 05:54:09,17
297,US4AK3KP,View,1,11/29/2023,0,11/29/2023,01/16/2026 05:54:08,17
298,US4AK3KQ,View,1,11/29/2023,0,11/29/2023,01/16/2026 05:54:08,17
299,US4AK3KR,View,1,09/14/2023,0,09/14/2023,01/16/2026 05:54:08,17
300,US4AK3KS,View,1,09/14/2023,0,09/14/2023,01/16/2026 05:54:08,17
301,US4AK3KT,View,1,12/01/2020,0,12/01/2020,01/16/2026 05:54:07,17
302,US4AK3KU,View,1,12/01/2020,0,12/01/2020,01/16/2026 05:54:07,17
303,US4AK3LL,View,1,08/07/2024,0,08/07/2024,01/16/2026 05:54:07,17
304,US4AK3LM,View,1,08/07/2024,0,08/07/2024,01/16/2026 05:54:07,17
305,US4AK3LN,View,1,08/29/2025,0,08/29/2025,01/16/2026 05:54:07,17
306,US4AK3LO,View,1,08/29/2025,0,08/29/2025,01/16/2026 05:54:06,17
307,US4AK3LP,View,2,08/14/2025,0,08/14/2025,01/16/2026 05:54:06,17
308,US4AK3LQ,View,2,09/12/2025,0,09/12/2025,01/16/2026 05:54:06,17
309,US4AK3LR,View,1,09/14/2023,0,09/14/2023,01/16/2026 05:54:05,17
310,US4AK3LS,View,1,09/14/2023,0,09/14/2023,01/16/2026 05:54:05,17
311,US4AK3LT,View,1,12/01/2020,0,12/01/2020,01/16/2026 05:54:05,17
312,US4AK3LU,View,1,12/01/2020,0,12/01/2020,01/16/2026 05:54:05,17
313,US4AK3MN,View,1,08/29/2025,0,08/29/2025,01/16/2026 05:54:05,17
314,US4AK3MO,View,1,08/29/2025,0,08/29/2025,01/16/2026 05:54:05,17
315,US4AK3MP,View,1,11/29/2023,0,11/29/2023,01/16/2026 05:54:04,17
316,US4AK3MQ,View,1,11/29/2023,0,11/29/2023,01/16/2026 05:54:04,17
317,US4AK3MR,View,1,09/14/2023,0,09/14/2023,01/16/2026 05:54:04,17
318,US4AK3MS,View,1,09/14/2023,3,09/12/2025,01/16/2026 05:54:04,17
319,US4AK3MT,View,1,06/21/2023,0,06/21/2023,01/16/2026 05:54:04,17
320,US4AK3MU,View,1,06/21/2023,0,06/21/2023,01/16/2026 05:54:03,17
321,US4AK3NP,View,2,10/31/2024,0,10/31/2024,01/16/2026 05:54:03,17
322,US4AK3NQ,View,1,11/29/2023,0,11/29/2023,01/16/2026 05:54:03,17
323,US4AK3NR,View,1,09/14/2023,0,09/14/2023,01/16/2026 05:54:03,17
324,US4AK3NS,View,1,09/14/2023,0,09/14/2023,01/16/2026 05:54:03,17
325,US4AK3NT,View,1,06/21/2023,0,06/21/2023,01/16/2026 05:54:02,17
326,US4AK3NU,View,1,06/21/2023,0,06/21/2023,01/16/2026 05:54:02,17
327,US4AK3NV,View,1,04/18/2023,0,04/18/2023,01/16/2026 05:54:02,17
328,US4AK3NW,View,1,04/18/2023,0,04/18/2023,01/16/2026 05:54:02,17
329,US4AK3OP,View,2,10/31/2024,0,10/31/2024,01/16/2026 05:54:01,17
330,US4AK3OQ,View,2,10/31/2024,0,10/31/2024,01/16/2026 05:54:01,17
331,US4AK3OR,View,1,09/14/2023,0,09/14/2023,01/16/2026 05:54:01,17
332,US4AK3OS,View,1,09/14/2023,3,09/25/2025,01/16/2026 05:54:01,17
333,US4AK3OT,View,1,06/21/2023,0,06/21/2023,01/16/2026 05:54:01,17
334,US4AK3OU,View,1,06/21/2023,0,06/21/2023,01/16/2026 05:54:00,17
335,US4AK3OV,View,1,04/18/2023,0,04/18/2023,01/16/2026 05:54:00,17
336,US4AK3OW,View,1,04/18/2023,0,04/18/2023,01/16/2026 05:54:00,17
337,US4AK3OY,View,1,10/02/2023,0,10/02/2023,01/16/2026 05:53:59,17
338,US4AK3PR,View,1,09/14/2023,0,09/14/2023,01/16/2026 05:53:59,17
339,US4AK3PS,View,1,09/14/2023,0,09/14/2023,01/16/2026 05:53:59,17
340,US4AK3PT,View,1,10/12/2023,0,10/12/2023,01/16/2026 05:53:59,17
341,US4AK3PV,View,1,04/18/2023,0,04/18/2023,01/16/2026 05:53:59,17
342,US4AK3PW,View,1,04/18/2023,0,04/18/2023,01/16/2026 05:53:59,17
343,US4AK3PY,View,1,10/02/2023,0,10/02/2023,01/16/2026 05:53:58,17
344,US4AK3QC,View,1,06/30/2020,1,03/23/2021,01/16/2026 05:53:58,17
345,US4AK3QD,View,1,06/30/2020,2,08/22/2023,01/16/2026 05:53:58,17
346,US4AK3QE,View,1,06/30/2020,1,03/23/2021,01/16/2026 05:53:58,17
347,US4AK3QS,View,1,09/14/2023,0,09/14/2023,01/16/2026 05:53:57,17
348,US4AK3QT,View,1,10/12/2023,0,10/12/2023,01/16/2026 05:53:57,17
349,US4AK3QU,View,1,10/12/2023,0,10/12/2023,01/16/2026 05:53:57,17
350,US4AK3QV,View,1,04/18/2023,0,04/18/2023,01/16/2026 05:53:57,17
351,US4AK3QW,View,1,04/18/2023,0,04/18/2023,01/16/2026 05:53:57,17
352,US4AK3QX,View,1,02/20/2025,0,02/20/2025,01/16/2026 05:53:56,17
353,US4AK3QY,View,1,02/20/2025,0,02/20/2025,01/16/2026 05:53:56,17
354,US4AK3RC,View,1,06/30/2020,1,03/23/2021,01/16/2026 05:53:56,17
355,US4AK3RD,View,1,06/30/2020,1,03/23/2021,01/16/2026 05:53:56,17
356,US4AK3RE,View,1,06/30/2020,1,03/23/2021,01/16/2026 05:53:56,17
357,US4AK3RU,View,1,04/25/2024,0,04/25/2024,01/16/2026 05:53:56,17
358,US4AK3RV,View,1,04/25/2024,0,04/25/2024,01/16/2026 05:53:55,17
359,US4AK3RX,View,1,04/10/2024,0,04/10/2024,01/16/2026 05:53:55,17
360,US4AK3RY,View,1,04/10/2024,0,04/10/2024,01/16/2026 05:53:55,17
361,US4AK3RZ,View,1,04/10/2024,0,04/10/2024,01/16/2026 05:53:54,17
362,US4AK3SB,View,1,06/30/2020,1,03/23/2021,01/16/2026 05:53:54,17
363,US4AK3SC,View,3,09/11/2023,0,09/11/2023,01/16/2026 05:53:54,17
364,US4AK3SD,View,1,06/30/2020,1,03/23/2021,01/16/2026 05:53:54,17
365,US4AK3SU,View,1,04/25/2024,0,04/25/2024,01/16/2026 05:53:54,17
366,US4AK3SV,View,1,04/25/2024,0,04/25/2024,01/16/2026 05:53:54,17
367,US4AK3SW,View,1,04/25/2024,0,04/25/2024,01/16/2026 05:53:53,17
368,US4AK3SY,View,1,04/10/2024,0,04/10/2024,01/16/2026 05:53:53,17
369,US4AK3SZ,View,1,04/10/2024,0,04/10/2024,01/16/2026 05:53:53,17
370,US4AK3TB,View,1,06/30/2020,1,03/30/2021,01/16/2026 05:53:53,17
371,US4AK3TC,View,1,06/30/2020,1,03/30/2021,01/16/2026 05:53:53,17
372,US4AK3TD,View,1,06/30/2020,1,03/30/2021,01/16/2026 05:53:52,17
373,US4AK3TV,View,1,12/12/2023,0,12/12/2023,01/16/2026 05:53:52,17
374,US4AK3TW,View,1,12/12/2023,0,12/12/2023,01/16/2026 05:53:52,17
375,US4AK3TX,View,1,12/12/2023,0,12/12/2023,01/16/2026 05:53:52,17
376,US4AK3TZ,View,1,04/10/2024,0,04/10/2024,01/16/2026 05:53:51,17
377,US4AK3UV,View,1,12/12/2023,0,12/12/2023,01/16/2026 05:53:51,17
378,US4AK3UW,View,1,12/12/2023,0,12/12/2023,01/16/2026 05:53:51,17
379,US4AK3UX,View,1,12/12/2023,0,12/12/2023,01/16/2026 05:53:51,17
380,US4AK3VV,View,1,12/12/2023,1,06/10/2025,01/16/2026 05:53:51,17
381,US4AK3VW,View,1,10/12/2023,0,10/12/2023,01/16/2026 05:53:50,17
382,US4AK3VX,View,1,10/12/2023,0,10/12/2023,01/16/2026 05:53:50,17
383,US4AK3WO,View,1,01/22/2024,0,01/22/2024,01/16/2026 05:53:50,17
384,US4AK3WP,View,1,01/22/2024,1,06/03/2025,01/16/2026 05:53:50,17
385,US4AK3WQ,View,1,09/22/2023,1,06/03/2025,01/16/2026 05:53:50,17
386,US4AK3WR,View,1,09/22/2023,1,06/03/2025,01/16/2026 05:53:50,17
387,US4AK3WS,View,1,09/22/2023,1,06/03/2025,01/16/2026 05:53:49,17
388,US4AK3WT,View,1,12/12/2023,1,06/03/2025,01/16/2026 05:53:49,17
389,US4AK3WU,View,1,12/12/2023,2,06/10/2025,01/16/2026 05:53:49,17
390,US4AK3WV,View,1,12/12/2023,2,06/10/2025,01/16/2026 05:53:49,17
391,US4AK3WW,View,1,10/12/2023,2,06/10/2025,01/16/2026 05:53:48,17
392,US4AK3WX,View,1,10/12/2023,0,10/12/2023,01/16/2026 05:53:48,17
393,US4AK3XO,View,1,01/22/2024,0,01/22/2024,01/16/2026 05:53:48,17
394,US4AK3XP,View,1,01/22/2024,1,06/03/2025,01/16/2026 05:53:48,17
395,US4AK3XQ,View,1,09/22/2023,0,09/22/2023,01/16/2026 05:53:48,17
396,US4AK3XR,View,1,09/22/2023,0,09/22/2023,01/16/2026 05:53:47,17
397,US4AK3XS,View,1,09/22/2023,0,09/22/2023,01/16/2026 05:53:47,17
398,US4AK3XT,View,1,12/12/2023,0,12/12/2023,01/16/2026 05:53:46,17
399,US4AK3XU,View,1,12/12/2023,0,12/12/2023,01/16/2026 05:53:46,17
400,US4AK3XV,View,1,12/12/2023,1,06/03/2025,01/16/2026 05:53:46,17
401,US4AK3XW,View,1,10/12/2023,0,10/12/2023,01/16/2026 05:53:46,17
402,US4AK3XX,View,1,10/12/2023,0,10/12/2023,01/16/2026 05:53:46,17
403,US4AK3XY,View,1,10/12/2023,0,10/12/2023,01/16/2026 05:53:45,17
404,US4AK3YO,View,1,01/22/2024,0,01/22/2024,01/16/2026 05:53:45,17
405,US4AK3YP,View,1,01/22/2024,1,06/03/2025,01/16/2026 05:53:45,17
406,US4AK3YQ,View,2,06/03/2025,0,06/03/2025,01/16/2026 05:53:45,17
407,US4AK3YR,View,1,09/22/2023,0,09/22/2023,01/16/2026 05:53:45,17
408,US4AK3YS,View,1,09/22/2023,0,09/22/2023,01/16/2026 05:53:45,17
409,US4AK3YT,View,1,12/12/2023,0,12/12/2023,01/16/2026 05:53:44,17
410,US4AK3YU,View,1,12/12/2023,0,12/12/2023,01/16/2026 05:53:44,17
411,US4AK3YV,View,1,12/12/2023,2,10/29/2025,01/16/2026 05:53:44,17
412,US4AK3YW,View,1,10/12/2023,0,10/12/2023,01/16/2026 05:53:44,17
413,US4AK3YX,View,1,10/12/2023,0,10/12/2023,01/16/2026 05:53:44,17
414,US4AK3YY,View,1,10/12/2023,0,10/12/2023,01/16/2026 05:53:44,17
415,US4AK3ZO,View,1,01/22/2024,0,01/22/2024,01/16/2026 05:53:43,17
416,US4AK3ZP,View,1,01/22/2024,2,07/01/2025,01/16/2026 05:53:43,17
417,US4AK3ZQ,View,1,09/22/2023,0,09/22/2023,01/16/2026 05:53:43,17
418,US4AK4CA,View,1,01/19/2024,0,01/19/2024,01/16/2026 05:53:43,17
419,US4AK4DA,View,1,01/19/2024,0,01/19/2024,01/16/2026 05:53:43,17
420,US4AK4FB,View,1,05/10/2024,0,05/10/2024,01/16/2026 05:53:43,17
421,US4AK4FC,View,1,05/10/2024,1,08/01/2024,01/16/2026 05:53:43,17
422,US4AK4FD,View,1,08/04/2025,0,08/04/2025,01/16/2026 05:53:42,17
423,US4AK4GB,View,1,05/10/2024,0,05/10/2024,01/16/2026 05:53:42,17
424,US4AK4GC,View,1,05/10/2024,0,05/10/2024,01/16/2026 05:53:42,17
425,US4AK4GD,View,1,08/04/2025,0,08/04/2025,01/16/2026 05:53:42,17
426,US4AK4GE,View,1,08/04/2025,0,08/04/2025,01/16/2026 05:53:42,17
427,US4AK4HB,View,1,05/10/2024,1,08/01/2024,01/16/2026 05:53:42,17
428,US4AK4HC,View,1,05/10/2024,0,05/10/2024,01/16/2026 05:53:41,17
429,US4AK4HD,View,1,08/01/2025,0,08/01/2025,01/16/2026 05:53:41,17
430,US4AK4HE,View,1,08/01/2025,0,08/01/2025,01/16/2026 05:53:41,17
431,US4AK4HF,View,1,08/01/2025,0,08/01/2025,01/16/2026 05:53:41,17
432,US4AK4IA,View,1,04/10/2024,0,04/10/2024,01/16/2026 05:53:40,17
433,US4AK4IB,View,1,08/01/2025,0,08/01/2025,01/16/2026 05:53:40,17
434,US4AK4IC,View,1,08/01/2025,0,08/01/2025,01/16/2026 05:53:40,17
435,US4AK4ID,View,1,08/01/2025,0,08/01/2025,01/16/2026 05:53:40,17
436,US4AK4IE,View,1,08/01/2025,0,08/01/2025,01/16/2026 05:53:40,17
437,US4AK4IF,View,1,08/01/2025,0,08/01/2025,01/16/2026 05:53:39,17
438,US4AK4IG,View,1,08/01/2025,0,08/01/2025,01/16/2026 05:53:39,17
439,US4AK4JA,View,1,04/10/2024,0,04/10/2024,01/16/2026 05:53:39,17
440,US4AK4JB,View,1,04/10/2024,0,04/10/2024,01/16/2026 05:53:39,17
441,US4AK4JC,View,1,08/01/2025,0,08/01/2025,01/16/2026 05:53:38,17
442,US4AK4JD,View,1,05/21/2024,1,08/01/2024,01/16/2026 05:53:38,17
443,US4AK4JE,View,1,05/21/2024,0,05/21/2024,01/16/2026 05:53:38,17
444,US4AK4JF,View,2,03/11/2025,1,08/26/2025,01/16/2026 05:53:38,17
445,US4AK4JG,View,1,08/01/2025,0,08/01/2025,01/16/2026 05:53:37,17
446,US4AK4KB,View,1,04/10/2024,0,04/10/2024,01/16/2026 05:53:37,17
447,US4AK4KC,View,1,06/25/2025,0,06/25/2025,01/16/2026 05:53:37,17
448,US4AK4KD,View,1,05/20/2024,0,05/20/2024,01/16/2026 05:53:36,17
449,US4AK4KE,View,1,05/20/2024,0,05/20/2024,01/16/2026 05:53:36,17
450,US4AK4KF,View,2,09/09/2025,0,09/09/2025,01/16/2026 05:53:36,17
451,US4AK4KG,View,1,07/01/2025,0,07/01/2025,01/16/2026 05:53:36,17
452,US4AK4KH,View,1,07/01/2025,0,07/01/2025,01/16/2026 05:53:35,17
453,US4AK4LC,View,1,06/25/2025,0,06/25/2025,01/16/2026 05:53:35,17
454,US4AK4LD,View,1,06/25/2025,0,06/25/2025,01/16/2026 05:53:35,17
455,US4AK4LE,View,1,06/25/2025,0,06/25/2025,01/16/2026 05:53:35,17
456,US4AK4LF,View,1,07/01/2025,0,07/01/2025,01/16/2026 05:53:34,17
457,US4AK4LG,View,1,07/01/2025,0,07/01/2025,01/16/2026 05:53:34,17
458,US4AK4LH,View,1,07/01/2025,0,07/01/2025,01/16/2026 05:53:34,17
459,US4AK4MD,View,1,06/25/2025,0,06/25/2025,01/16/2026 05:53:34,17
460,US4AK4ME,View,1,06/25/2025,0,06/25/2025,01/16/2026 05:53:34,17
461,US4AK4MF,View,1,07/01/2025,0,07/01/2025,01/16/2026 05:53:33,17
462,US4AK4MG,View,1,07/01/2025,0,07/01/2025,01/16/2026 05:53:33,17
463,US4AK4MH,View,1,07/01/2025,0,07/01/2025,01/16/2026 05:53:33,17
464,US4AK4NC,View,1,04/01/2024,0,04/01/2024,01/16/2026 05:53:33,17
465,US4AK4ND,View,1,04/01/2024,0,04/01/2024,01/16/2026 05:53:33,17
466,US4AK4NE,View,1,04/01/2024,0,04/01/2024,01/16/2026 05:53:32,17
467,US4AK4NF,View,1,04/01/2024,0,04/01/2024,01/16/2026 05:53:32,17
468,US4AK4NG,View,1,04/01/2024,0,04/01/2024,01/16/2026 05:53:32,17
469,US4AK4NH,View,1,04/01/2024,0,04/01/2024,01/16/2026 05:53:32,17
470,US4AK4OC,View,1,04/01/2024,0,04/01/2024,01/16/2026 05:53:32,17
471,US4AK4OD,View,1,04/01/2024,0,04/01/2024,01/16/2026 05:53:31,17
472,US4AK4OE,View,1,04/02/2024,0,04/02/2024,01/16/2026 05:53:31,17
473,US4AK4OF,View,1,04/02/2024,0,04/02/2024,01/16/2026 05:53:31,17
474,US4AK4OG,View,1,04/02/2024,0,04/02/2024,01/16/2026 05:53:31,17
475,US4AK4OH,View,1,04/02/2024,0,04/02/2024,01/16/2026 05:53:31,17
476,US4AK4OI,View,1,07/16/2025,0,07/16/2025,01/16/2026 05:53:30,17
477,US4AK4OJ,View,1,10/26/2023,0,10/26/2023,01/16/2026 05:53:30,17
478,US4AK4OK,View,1,10/26/2023,0,10/26/2023,01/16/2026 05:53:30,17
479,US4AK4OQ,View,1,12/07/2023,0,12/07/2023,01/16/2026 05:53:30,17
480,US4AK4PD,View,1,07/16/2025,0,07/16/2025,01/16/2026 05:53:30,17
481,US4AK4PE,View,1,07/16/2025,0,07/16/2025,01/16/2026 05:53:29,17
482,US4AK4PF,View,1,07/16/2025,0,07/16/2025,01/16/2026 05:53:29,17
483,US4AK4PG,View,1,07/16/2025,0,07/16/2025,01/16/2026 05:53:29,17
484,US4AK4PH,View,1,07/16/2025,0,07/16/2025,01/16/2026 05:53:29,17
485,US4AK4PI,View,1,07/16/2025,0,07/16/2025,01/16/2026 05:53:29,17
486,US4AK4PJ,View,1,10/26/2023,0,10/26/2023,01/16/2026 05:53:28,17
487,US4AK4PK,View,1,10/26/2023,0,10/26/2023,01/16/2026 05:53:28,17
488,US4AK4PL,View,1,10/26/2023,0,10/26/2023,01/16/2026 05:53:28,17
489,US4AK4PP,View,1,12/07/2023,0,12/07/2023,01/16/2026 05:53:28,17
490,US4AK4PQ,View,1,12/07/2023,0,12/07/2023,01/16/2026 05:53:28,17
491,US4AK4PZ,View,1,03/12/2024,0,03/12/2024,01/16/2026 05:53:27,17
492,US4AK4QD,View,1,07/16/2025,0,07/16/2025,01/16/2026 05:53:27,17
493,US4AK4QE,View,1,04/01/2024,0,04/01/2024,01/16/2026 05:53:27,17
494,US4AK4QF,View,1,04/01/2024,0,04/01/2024,01/16/2026 05:53:27,17
495,US4AK4QG,View,1,04/01/2024,0,04/01/2024,01/16/2026 05:53:27,17
496,US4AK4QH,View,1,04/01/2024,0,04/01/2024,01/16/2026 05:53:27,17
497,US4AK4QI,View,1,07/16/2025,0,07/16/2025,01/16/2026 05:53:26,17
498,US4AK4QJ,View,1,10/26/2023,0,10/26/2023,01/16/2026 05:53:26,17
499,US4AK4QK,View,2,09/17/2024,1,08/19/2025,01/16/2026 05:53:26,17
500,US4AK4QL,View,1,10/26/2023,0,10/26/2023,01/16/2026 05:53:26,17
501,US4AK4QM,View,1,02/20/2024,0,02/20/2024,01/16/2026 05:53:26,17
502,US4AK4QN,View,2,09/17/2024,0,09/17/2024,01/16/2026 05:53:25,17
503,US4AK4QO,View,1,12/07/2023,0,12/07/2023,01/16/2026 05:53:25,17
504,US4AK4QS,View,1,01/05/2024,0,01/05/2024,01/16/2026 05:53:25,17
505,US4AK4QT,View,1,01/05/2024,0,01/05/2024,01/16/2026 05:53:25,17
506,US4AK4QU,View,1,01/05/2024,0,01/05/2024,01/16/2026 05:53:24,17
507,US4AK4QV,View,1,03/12/2024,0,03/12/2024,01/16/2026 05:53:24,17
508,US4AK4QW,View,1,03/12/2024,0,03/12/2024,01/16/2026 05:53:24,17
509,US4AK4QX,View,1,03/12/2024,0,03/12/2024,01/16/2026 05:53:24,17
510,US4AK4QY,View,1,03/12/2024,0,03/12/2024,01/16/2026 05:53:24,17
511,US4AK4QZ,View,1,03/12/2024,0,03/12/2024,01/16/2026 05:53:23,17
512,US4AK4RF,View,1,04/01/2024,0,04/01/2024,01/16/2026 05:53:23,17
513,US4AK4RG,View,1,04/01/2024,0,04/01/2024,01/16/2026 05:53:23,17
514,US4AK4RH,View,1,04/01/2024,0,04/01/2024,01/16/2026 05:53:23,17
515,US4AK4RK,View,2,09/29/2025,0,09/29/2025,01/16/2026 05:53:23,17
516,US4AK4RL,View,1,10/26/2023,1,03/26/2025,01/16/2026 05:53:22,17
517,US4AK4RM,View,1,02/20/2024,0,02/20/2024,01/16/2026 05:53:22,17
518,US4AK4RN,View,1,02/20/2024,0,02/20/2024,01/16/2026 05:53:22,17
519,US4AK4RO,View,1,12/07/2023,0,12/07/2023,01/16/2026 05:53:22,17
520,US4AK4RP,View,2,05/17/2024,2,02/06/2025,01/16/2026 05:53:21,17
521,US4AK4RQ,View,1,12/07/2023,0,12/07/2023,01/16/2026 05:53:21,17
522,US4AK4RR,View,1,12/07/2023,1,03/14/2025,01/16/2026 05:53:21,17
523,US4AK4RS,View,1,01/05/2024,1,03/14/2025,01/16/2026 05:53:21,17
524,US4AK4RT,View,1,01/05/2024,0,01/05/2024,01/16/2026 05:53:21,17
525,US4AK4RU,View,2,01/18/2024,0,01/18/2024,01/16/2026 05:53:20,17
526,US4AK4RV,View,1,03/12/2024,0,03/12/2024,01/16/2026 05:53:20,17
527,US4AK4RW,View,1,03/12/2024,0,03/12/2024,01/16/2026 05:53:20,17
528,US4AK4RX,View,1,03/12/2024,0,03/12/2024,01/16/2026 05:53:20,17
529,US4AK4RY,View,1,03/12/2024,0,03/12/2024,01/16/2026 05:53:20,17
530,US4AK4SF,View,1,04/01/2024,0,04/01/2024,01/16/2026 05:53:19,17
531,US4AK4SG,View,1,04/01/2024,0,04/01/2024,01/16/2026 05:53:19,17
532,US4AK4SH,View,1,04/01/2024,1,08/14/2025,01/16/2026 05:53:19,17
533,US4AK4SL,View,1,02/20/2024,0,02/20/2024,01/16/2026 05:53:19,17
534,US4AK4SN,View,2,03/06/2025,0,03/06/2025,01/16/2026 05:53:18,17
535,US4AK4SO,View,1,02/03/2023,0,02/03/2023,01/16/2026 05:53:18,17
536,US4AK4SP,View,1,02/03/2023,2,08/10/2023,01/16/2026 05:53:18,17
537,US4AK4SQ,View,1,02/03/2023,0,02/03/2023,01/16/2026 05:53:18,17
538,US4AK4SR,View,3,09/04/2024,1,03/14/2025,01/16/2026 05:53:17,17
539,US4AK4SS,View,1,01/05/2024,0,01/05/2024,01/16/2026 05:53:17,17
540,US4AK4TG,View,1,04/01/2024,0,04/01/2024,01/16/2026 05:53:17,17
541,US4AK4TH,View,1,04/01/2024,0,04/01/2024,01/16/2026 05:53:16,17
542,US4AK4TI,View,1,04/21/2025,0,04/21/2025,01/16/2026 05:53:16,17
543,US4AK4TM,View,2,05/01/2025,0,05/01/2025,01/16/2026 05:53:16,17
544,US4AK4TN,View,2,07/23/2025,0,07/23/2025,01/16/2026 05:53:16,17
545,US4AK4TO,View,1,02/03/2023,0,02/03/2023,01/16/2026 05:53:15,17
546,US4AK4TP,View,1,02/03/2023,0,02/03/2023,01/16/2026 05:53:15,17
547,US4AK4TQ,View,1,02/03/2023,0,02/03/2023,01/16/2026 05:53:15,17
548,US4AK4TR,View,2,03/23/2023,2,05/14/2025,01/16/2026 05:53:15,17
549,US4AK4UH,View,1,04/21/2025,0,04/21/2025,01/16/2026 05:53:14,17
550,US4AK4UI,View,1,04/21/2025,0,04/21/2025,01/16/2026 05:53:14,17
551,US4AK4UJ,View,1,04/21/2025,0,04/21/2025,01/16/2026 05:53:14,17
552,US4AK4UM,View,1,11/16/2023,0,11/16/2023,01/16/2026 05:53:14,17
553,US4AK4UN,View,1,11/16/2023,0,11/16/2023,01/16/2026 05:53:13,17
554,US4AK4UO,View,2,03/02/2023,0,03/02/2023,01/16/2026 05:53:13,17
555,US4AK4UP,View,1,02/03/2023,1,03/02/2023,01/16/2026 05:53:13,17
556,US4AK4UQ,View,1,02/03/2023,2,04/23/2024,01/16/2026 05:53:13,17
557,US4AK4VI,View,1,04/21/2025,0,04/21/2025,01/16/2026 05:53:12,17
558,US4AK4VJ,View,1,04/21/2025,0,04/21/2025,01/16/2026 05:53:12,17
559,US4AK4VK,View,3,09/29/2025,0,09/29/2025,01/16/2026 05:53:12,17
560,US4AK4VN,View,1,11/16/2023,0,11/16/2023,01/16/2026 05:53:12,17
561,US4AK4VO,View,1,02/03/2023,0,02/03/2023,01/16/2026 05:53:12,17
562,US4AK51M,View,7,10/12/2023,0,10/12/2023,01/16/2026 05:53:11,17
cxl,US4AK54M,View,6,11/29/2023,1,09/02/2025,01/16/2026 05:53:11,17
cxl,US4AK55M,View,27,11/29/2023,2,09/02/2025,01/16/2026 05:53:11,17
563,US4AK58M,View,14,06/22/2023,0,06/22/2023,01/16/2026 05:53:11,17
564,US4AK59M,View,9,04/18/2023,0,04/18/2023,01/16/2026 05:53:11,17
cxl,US4AK5BM,View,9,07/07/2025,1,08/07/2025,01/16/2026 05:53:10,17
cxl,US4AK5CM,View,11,05/17/2024,1,09/03/2025,01/16/2026 05:53:10,17
565,US4AK5FL,View,1,03/21/2024,0,03/21/2024,01/16/2026 05:53:10,17
566,US4AK5FN,View,1,05/01/2024,0,05/01/2024,01/16/2026 05:53:10,17
567,US4AK5FO,View,2,04/25/2025,1,06/05/2025,01/16/2026 05:53:09,17
568,US4AK5FP,View,1,11/19/2024,1,06/18/2025,01/16/2026 05:53:09,17
569,US4AK5FQ,View,2,06/25/2025,1,08/25/2025,01/16/2026 05:53:09,17
570,US4AK5FZ,View,1,01/07/2025,2,09/24/2025,01/16/2026 05:53:09,17
571,US4AK5GL,View,1,03/14/2024,0,03/14/2024,01/16/2026 05:53:08,17
572,US4AK5GN,View,1,05/01/2024,0,05/01/2024,01/16/2026 05:53:08,17
573,US4AK5GO,View,1,05/03/2024,2,02/27/2025,01/16/2026 05:53:08,17
574,US4AK5GP,View,1,11/19/2024,0,11/19/2024,01/16/2026 05:53:07,17
575,US4AK5GQ,View,1,11/19/2024,0,11/19/2024,01/16/2026 05:53:07,17
576,US4AK5GZ,View,1,01/07/2025,0,01/07/2025,01/16/2026 05:53:06,17
577,US4AK5HK,View,1,03/21/2024,0,03/21/2024,01/16/2026 05:53:06,17
578,US4AK5HL,View,1,03/14/2024,0,03/14/2024,01/16/2026 05:53:06,17
579,US4AK5HM,View,7,02/20/2025,0,02/20/2025,01/16/2026 05:53:06,17
580,US4AK5HN,View,1,05/03/2024,1,02/14/2025,01/16/2026 05:53:05,17
581,US4AK5HO,View,1,05/03/2024,5,06/27/2025,01/16/2026 05:53:05,17
582,US4AK5HP,View,1,05/06/2024,0,05/06/2024,01/16/2026 05:53:05,17
583,US4AK5HQ,View,1,11/19/2024,0,11/19/2024,01/16/2026 05:53:04,17
584,US4AK5HZ,View,1,01/07/2025,1,02/14/2025,01/16/2026 05:53:04,17
585,US4AK5IK,View,1,03/21/2024,0,03/21/2024,01/16/2026 05:53:04,17
586,US4AK5IL,View,1,03/14/2024,0,03/14/2024,01/16/2026 05:53:03,17
587,US4AK5IM,View,9,02/20/2025,0,02/20/2025,01/16/2026 05:53:03,17
588,US4AK5IN,View,1,05/07/2024,1,02/14/2025,01/16/2026 05:53:03,17
589,US4AK5IO,View,1,05/03/2024,0,05/03/2024,01/16/2026 05:53:03,17
590,US4AK5IP,View,1,05/01/2024,0,05/01/2024,01/16/2026 05:53:02,17
591,US4AK5IQ,View,1,11/19/2024,0,11/19/2024,01/16/2026 05:53:02,17
592,US4AK5IZ,View,1,01/07/2025,0,01/07/2025,01/16/2026 05:53:02,17
593,US4AK5JK,View,1,03/14/2024,0,03/14/2024,01/16/2026 05:53:02,17
594,US4AK5JL,View,1,03/14/2024,0,03/14/2024,01/16/2026 05:53:02,17
cxl,US4AK5JM,View,6,07/10/2025,1,08/07/2025,01/16/2026 05:53:01,17
595,US4AK5JN,View,1,01/07/2025,1,02/14/2025,01/16/2026 05:53:01,17
596,US4AK5JO,View,1,01/07/2025,0,01/07/2025,01/16/2026 05:53:01,17
597,US4AK5JP,View,1,01/07/2025,0,01/07/2025,01/16/2026 05:53:00,17
598,US4AK5JZ,View,1,01/07/2025,1,02/14/2025,01/16/2026 05:53:00,17
599,US4AK5KJ,View,1,05/10/2024,0,05/10/2024,01/16/2026 05:53:00,17
600,US4AK5KK,View,1,01/07/2025,0,01/07/2025,01/16/2026 05:52:59,17
601,US4AK5KL,View,1,01/07/2025,0,01/07/2025,01/16/2026 05:52:59,17
602,US4AK5KN,View,1,05/17/2024,1,05/21/2025,01/16/2026 05:52:59,17
603,US4AK5KO,View,1,05/17/2024,0,05/17/2024,01/16/2026 05:52:59,17
604,US4AK5KZ,View,1,01/07/2025,0,01/07/2025,01/16/2026 05:52:59,17
605,US4AK5LI,View,1,05/10/2024,0,05/10/2024,01/16/2026 05:52:58,17
606,US4AK5LJ,View,1,05/10/2024,0,05/10/2024,01/16/2026 05:52:58,17
607,US4AK5LK,View,1,05/10/2024,0,05/10/2024,01/16/2026 05:52:58,17
608,US4AK5LL,View,1,03/24/2025,0,03/24/2025,01/16/2026 05:52:57,17
cxl,US4AK5LM,View,18,05/13/2024,2,08/07/2025,01/16/2026 05:52:57,17
609,US4AK5LN,View,1,05/17/2024,2,05/29/2025,01/16/2026 05:52:57,17
610,US4AK5LO,View,1,05/17/2024,0,05/17/2024,01/16/2026 05:52:56,17
611,US4AK5LZ,View,2,06/14/2024,0,06/14/2024,01/16/2026 05:52:56,17
612,US4AK5MH,View,1,05/10/2024,0,05/10/2024,01/16/2026 05:52:56,17
613,US4AK5MI,View,1,05/10/2024,0,05/10/2024,01/16/2026 05:52:56,17
614,US4AK5MJ,View,1,05/10/2024,0,05/10/2024,01/16/2026 05:52:56,17
615,US4AK5MK,View,1,05/28/2024,0,05/28/2024,01/16/2026 05:52:55,17
616,US4AK5ML,View,1,03/19/2025,0,03/19/2025,01/16/2026 05:52:55,17
617,US4AK5MN,View,1,05/17/2024,0,05/17/2024,01/16/2026 05:52:54,17
618,US4AK5MZ,View,1,03/19/2025,1,05/20/2025,01/16/2026 05:52:54,17
619,US4AK5NH,View,1,03/19/2025,0,03/19/2025,01/16/2026 05:52:54,17
620,US4AK5NI,View,1,03/19/2025,0,03/19/2025,01/16/2026 05:52:54,17
621,US4AK5NJ,View,1,03/19/2025,0,03/19/2025,01/16/2026 05:52:53,17
622,US4AK5NK,View,1,05/10/2024,0,05/10/2024,01/16/2026 05:52:53,17
623,US4AK5NL,View,1,03/24/2025,0,03/24/2025,01/16/2026 05:52:53,17
cxl,US4AK5NM,View,19,06/02/2023,3,08/07/2025,01/16/2026 05:52:52,17
624,US4AK5NZ,View,1,03/19/2025,0,03/19/2025,01/16/2026 05:52:52,17
625,US4AK5OG,View,1,04/22/2024,0,04/22/2024,01/16/2026 05:52:52,17
626,US4AK5OH,View,1,04/22/2024,0,04/22/2024,01/16/2026 05:52:52,17
627,US4AK5OI,View,1,04/22/2024,0,04/22/2024,01/16/2026 05:52:51,17
628,US4AK5OJ,View,1,03/19/2025,0,03/19/2025,01/16/2026 05:52:51,17
629,US4AK5OK,View,1,03/19/2025,0,03/19/2025,01/16/2026 05:52:51,17
630,US4AK5OL,View,1,03/19/2025,0,03/19/2025,01/16/2026 05:52:51,17
cxl,US4AK5OM,View,12,05/22/2024,2,08/07/2025,01/16/2026 05:52:50,17
631,US4AK5OZ,View,1,03/19/2025,0,03/19/2025,01/16/2026 05:52:50,17
632,US4AK5PG,View,1,04/22/2024,0,04/22/2024,01/16/2026 05:52:50,17
633,US4AK5PH,View,1,04/22/2024,0,04/22/2024,01/16/2026 05:52:50,17
634,US4AK5PI,View,2,03/20/2025,0,03/20/2025,01/16/2026 05:52:49,17
635,US4AK5PJ,View,1,03/19/2025,0,03/19/2025,01/16/2026 05:52:49,17
636,US4AK5PK,View,1,03/19/2025,0,03/19/2025,01/16/2026 05:52:49,17
637,US4AK5PL,View,1,03/19/2025,0,03/19/2025,01/16/2026 05:52:49,17
cxl,US4AK5PM,View,23,07/07/2025,1,08/07/2025,01/16/2026 05:52:49,17
638,US4AK5PZ,View,1,03/19/2025,0,03/19/2025,01/16/2026 05:52:48,17
639,US4AK5QF,View,1,04/22/2024,0,04/22/2024,01/16/2026 05:52:48,17
640,US4AK5QG,View,1,04/22/2024,0,04/22/2024,01/16/2026 05:52:48,17
641,US4AK5QH,View,1,11/29/2024,0,11/29/2024,01/16/2026 05:52:47,17
642,US4AK5QI,View,1,11/29/2024,0,11/29/2024,01/16/2026 05:52:47,17
643,US4AK5QJ,View,1,03/18/2024,1,12/18/2024,01/16/2026 05:52:47,17
644,US4AK5QK,View,1,03/18/2024,0,03/18/2024,01/16/2026 05:52:47,17
645,US4AK5QL,View,1,03/19/2025,0,03/19/2025,01/16/2026 05:52:46,17
cxl,US4AK5QM,View,16,05/23/2024,1,08/07/2025,01/16/2026 05:52:46,17
646,US4AK5QZ,View,1,03/19/2025,0,03/19/2025,01/16/2026 05:52:46,17
647,US4AK5RF,View,1,04/22/2024,0,04/22/2024,01/16/2026 05:52:46,17
648,US4AK5RG,View,1,04/22/2024,1,06/03/2024,01/16/2026 05:52:46,17
649,US4AK5RH,View,1,11/29/2024,1,01/05/2026,01/16/2026 05:52:45,17
650,US4AK5RI,View,1,11/29/2024,0,11/29/2024,01/16/2026 05:52:45,17
651,US4AK5RJ,View,2,03/06/2025,2,04/16/2025,01/16/2026 05:52:45,17
652,US4AK5RK,View,1,03/18/2024,2,05/20/2025,01/16/2026 05:52:45,17
cxl,US4AK5RM,View,7,05/23/2024,1,08/07/2025,01/16/2026 05:52:44,17
653,US4AK5SD,View,1,02/07/2024,0,02/07/2024,01/16/2026 05:52:44,17
654,US4AK5SE,View,1,11/29/2024,0,11/29/2024,01/16/2026 05:52:44,17
655,US4AK5SF,View,1,11/29/2024,0,11/29/2024,01/16/2026 05:52:44,17
656,US4AK5SG,View,1,11/29/2024,0,11/29/2024,01/16/2026 05:52:44,17
657,US4AK5SH,View,1,11/29/2024,0,11/29/2024,01/16/2026 05:52:43,17
658,US4AK5SI,View,1,03/20/2024,0,03/20/2024,01/16/2026 05:52:43,17
659,US4AK5SJ,View,1,03/18/2024,0,03/18/2024,01/16/2026 05:52:43,17
660,US4AK5TD,View,1,02/07/2024,0,02/07/2024,01/16/2026 05:52:43,17
661,US4AK5TE,View,1,02/09/2024,0,02/09/2024,01/16/2026 05:52:43,17
662,US4AK5TF,View,1,11/29/2024,0,11/29/2024,01/16/2026 05:52:43,17
663,US4AK5TG,View,1,11/29/2024,0,11/29/2024,01/16/2026 05:52:42,17
664,US4AK5TH,View,1,11/29/2024,0,11/29/2024,01/16/2026 05:52:42,17
665,US4AK5TI,View,1,03/18/2024,0,03/18/2024,01/16/2026 05:52:42,17
666,US4AK5TJ,View,1,03/18/2024,0,03/18/2024,01/16/2026 05:52:42,17
667,US4AK5UB,View,1,02/09/2024,0,02/09/2024,01/16/2026 05:52:41,17
668,US4AK5UC,View,1,02/09/2024,0,02/09/2024,01/16/2026 05:52:41,17
669,US4AK5UD,View,1,02/09/2024,0,02/09/2024,01/16/2026 05:52:41,17
670,US4AK5UI,View,1,03/18/2024,1,05/20/2025,01/16/2026 05:52:41,17
671,US4AK5VA,View,1,12/05/2023,0,12/05/2023,01/16/2026 05:52:40,17
672,US4AK5VB,View,1,12/05/2023,1,03/14/2025,01/16/2026 05:52:40,17
673,US4AK5VI,View,1,03/18/2024,2,10/24/2024,01/16/2026 05:52:40,17
674,US4AK5WA,View,1,12/05/2023,0,12/05/2023,01/16/2026 05:52:40,17
675,US4AK5WB,View,1,12/05/2023,0,12/05/2023,01/16/2026 05:52:39,17
676,US4AK5XB,View,1,12/05/2023,0,12/05/2023,01/16/2026 05:52:39,17
677,US4AK5XM,View,9,02/20/2025,0,02/20/2025,01/16/2026 05:52:39,17
cxl,US4AK61M,View,1,11/16/2015,2,09/02/2025,01/16/2026 05:52:39,17
678,US4AK6AN,View,2,09/03/2021,0,09/03/2021,01/16/2026 05:52:38,17
679,US4AK6AO,View,2,09/03/2021,0,09/03/2021,01/16/2026 05:52:38,17
680,US4AK6AP,View,2,09/03/2021,1,03/08/2023,01/16/2026 05:52:38,17
681,US4AK6AQ,View,1,03/04/2024,0,03/04/2024,01/16/2026 05:52:38,17
682,US4AK6AR,View,1,03/04/2024,0,03/04/2024,01/16/2026 05:52:38,17
683,US4AK6AS,View,1,01/22/2024,0,01/22/2024,01/16/2026 05:52:38,17
684,US4AK6AT,View,1,01/22/2024,2,07/01/2025,01/16/2026 05:52:37,17
685,US4AK6AU,View,1,09/19/2023,0,09/19/2023,01/16/2026 05:52:37,17
686,US4AK6BL,View,1,03/09/2023,0,03/09/2023,01/16/2026 05:52:37,17
687,US4AK6BM,View,1,03/09/2023,0,03/09/2023,01/16/2026 05:52:37,17
688,US4AK6BN,View,2,02/28/2022,1,03/08/2023,01/16/2026 05:52:37,17
689,US4AK6BO,View,2,02/28/2022,1,03/08/2023,01/16/2026 05:52:37,17
690,US4AK6BP,View,1,10/17/2018,2,03/08/2023,01/16/2026 05:52:37,17
691,US4AK6BQ,View,1,03/04/2024,0,03/04/2024,01/16/2026 05:52:36,17
692,US4AK6BR,View,1,03/04/2024,0,03/04/2024,01/16/2026 05:52:36,17
693,US4AK6BS,View,1,07/14/2023,0,07/14/2023,01/16/2026 05:52:36,17
694,US4AK6BT,View,2,06/14/2024,3,09/12/2025,01/16/2026 05:52:36,17
695,US4AK6BU,View,1,07/14/2023,1,06/03/2025,01/16/2026 05:52:36,17
696,US4AK6CB,View,2,11/07/2023,0,11/07/2023,01/16/2026 05:52:36,17
697,US4AK6CC,View,2,11/07/2023,0,11/07/2023,01/16/2026 05:52:36,17
698,US4AK6CD,View,2,11/07/2023,0,11/07/2023,01/16/2026 05:52:35,17
699,US4AK6CK,View,1,03/09/2023,0,03/09/2023,01/16/2026 05:52:35,17
700,US4AK6CL,View,2,05/19/2025,0,05/19/2025,01/16/2026 05:52:35,17
701,US4AK6CM,View,1,03/09/2023,1,05/13/2025,01/16/2026 05:52:35,17
702,US4AK6CN,View,2,02/28/2022,0,02/28/2022,01/16/2026 05:52:35,17
703,US4AK6CO,View,2,02/28/2022,0,02/28/2022,01/16/2026 05:52:35,17
704,US4AK6CQ,View,1,03/04/2024,0,03/04/2024,01/16/2026 05:52:35,17
705,US4AK6CR,View,1,03/04/2024,0,03/04/2024,01/16/2026 05:52:34,17
706,US4AK6CS,View,1,07/14/2023,0,07/14/2023,01/16/2026 05:52:34,17
707,US4AK6CT,View,1,07/14/2023,5,09/12/2025,01/16/2026 05:52:34,17
708,US4AK6DB,View,2,11/07/2023,0,11/07/2023,01/16/2026 05:52:34,17
709,US4AK6DC,View,2,11/07/2023,0,11/07/2023,01/16/2026 05:52:34,17
710,US4AK6DD,View,2,11/07/2023,0,11/07/2023,01/16/2026 05:52:34,17
711,US4AK6DL,View,1,03/09/2023,1,05/13/2025,01/16/2026 05:52:33,17
712,US4AK6DM,View,1,10/18/2018,2,05/13/2025,01/16/2026 05:52:33,17
713,US4AK6DN,View,1,10/17/2018,2,05/13/2025,01/16/2026 05:52:33,17
714,US4AK6DO,View,1,10/17/2018,1,06/09/2021,01/16/2026 05:52:33,17
715,US4AK6DR,View,1,03/04/2024,0,03/04/2024,01/16/2026 05:52:33,17
716,US4AK6DS,View,1,07/14/2023,0,07/14/2023,01/16/2026 05:52:33,17
717,US4AK6DT,View,1,07/14/2023,7,09/25/2025,01/16/2026 05:52:33,17
718,US4AK6EB,View,3,11/07/2023,0,11/07/2023,01/16/2026 05:52:32,17
719,US4AK6EC,View,3,11/07/2023,0,11/07/2023,01/16/2026 05:52:32,17
720,US4AK6EM,View,1,10/17/2018,1,06/09/2021,01/16/2026 05:52:32,17
721,US4AK6EN,View,1,10/17/2018,1,06/09/2021,01/16/2026 05:52:32,17
722,US4AK6EO,View,1,03/04/2024,0,03/04/2024,01/16/2026 05:52:32,17
723,US4AK6ET,View,1,07/14/2023,1,09/29/2023,01/16/2026 05:52:31,17
724,US4AK6EU,View,1,07/14/2023,2,06/03/2025,01/16/2026 05:52:31,17
725,US4AK6FN,View,1,12/22/2023,0,12/22/2023,01/16/2026 05:52:31,17
726,US4AK6FO,View,1,03/04/2024,0,03/04/2024,01/16/2026 05:52:31,17
727,US4AK6GM,View,1,12/22/2023,0,12/22/2023,01/16/2026 05:52:31,17
728,US4AK6GN,View,1,12/22/2023,0,12/22/2023,01/16/2026 05:52:31,17
729,US4AK6HM,View,1,12/22/2023,0,12/22/2023,01/16/2026 05:52:31,17
730,US4AK6HN,View,1,12/22/2023,0,12/22/2023,01/16/2026 05:52:30,17
731,US4AK6HT,View,2,07/01/2025,0,07/01/2025,01/16/2026 05:52:30,17
732,US4AK6HU,View,2,07/01/2025,0,07/01/2025,01/16/2026 05:52:30,17
733,US4AK6HV,View,2,07/01/2025,0,07/01/2025,01/16/2026 05:52:30,17
734,US4AK6IM,View,1,12/22/2023,0,12/22/2023,01/16/2026 05:52:30,17
735,US4AK6IN,View,1,12/22/2023,0,12/22/2023,01/16/2026 05:52:29,17
736,US4AK6IQ,View,2,07/01/2025,0,07/01/2025,01/16/2026 05:52:29,17
737,US4AK6IR,View,2,07/01/2025,0,07/01/2025,01/16/2026 05:52:29,17
738,US4AK6IS,View,2,07/01/2025,0,07/01/2025,01/16/2026 05:52:29,17
739,US4AK6IT,View,2,07/01/2025,0,07/01/2025,01/16/2026 05:52:29,17
740,US4AK6JN,View,1,01/02/2024,0,01/02/2024,01/16/2026 05:52:29,17
741,US4AK6JO,View,1,01/02/2024,0,01/02/2024,01/16/2026 05:52:28,17
742,US4AK6JQ,View,2,07/01/2025,0,07/01/2025,01/16/2026 05:52:28,17
743,US4AK6JR,View,2,07/01/2025,0,07/01/2025,01/16/2026 05:52:28,17
744,US4AK6JS,View,2,07/01/2025,0,07/01/2025,01/16/2026 05:52:28,17
745,US4AK6KN,View,1,01/02/2024,1,09/09/2025,01/16/2026 05:52:28,17
746,US4AK6KO,View,2,07/01/2025,1,09/09/2025,01/16/2026 05:52:28,17
747,US4AK6KP,View,2,07/01/2025,0,07/01/2025,01/16/2026 05:52:28,17
748,US4AK6KQ,View,2,07/01/2025,0,07/01/2025,01/16/2026 05:52:27,17
749,US4AK6KR,View,2,07/01/2025,0,07/01/2025,01/16/2026 05:52:27,17
750,US4AK6LF,View,1,08/18/2020,1,06/03/2021,01/16/2026 05:52:27,17
751,US4AK6LG,View,1,08/18/2020,1,06/03/2021,01/16/2026 05:52:27,17
752,US4AK6LH,View,1,08/18/2020,1,06/03/2021,01/16/2026 05:52:27,17
753,US4AK6LI,View,1,08/18/2020,1,06/03/2021,01/16/2026 05:52:27,17
754,US4AK6LO,View,1,01/02/2024,1,09/09/2025,01/16/2026 05:52:26,17
755,US4AK6LP,View,2,07/01/2025,0,07/01/2025,01/16/2026 05:52:26,17
756,US4AK6LQ,View,2,07/01/2025,0,07/01/2025,01/16/2026 05:52:26,17
757,US4AK6LR,View,2,07/01/2025,0,07/01/2025,01/16/2026 05:52:26,17
758,US4AK6MD,View,1,08/18/2020,1,05/27/2021,01/16/2026 05:52:26,17
759,US4AK6ME,View,1,08/18/2020,1,05/27/2021,01/16/2026 05:52:26,17
760,US4AK6MF,View,1,08/18/2020,1,05/27/2021,01/16/2026 05:52:25,17
761,US4AK6MG,View,1,08/18/2020,1,05/27/2021,01/16/2026 05:52:25,17
762,US4AK6MH,View,1,08/18/2020,1,05/27/2021,01/16/2026 05:52:25,17
763,US4AK6MI,View,1,08/18/2020,2,01/24/2023,01/16/2026 05:52:25,17
764,US4AK6MJ,View,1,08/18/2020,1,05/27/2021,01/16/2026 05:52:25,17
765,US4AK6MO,View,1,01/02/2024,1,09/09/2025,01/16/2026 05:52:24,17
766,US4AK6MP,View,2,07/01/2025,1,09/09/2025,01/16/2026 05:52:24,17
767,US4AK6MQ,View,2,07/01/2025,0,07/01/2025,01/16/2026 05:52:24,17
768,US4AK6MR,View,2,07/01/2025,0,07/01/2025,01/16/2026 05:52:24,17
769,US4AK6MS,View,1,03/03/2023,1,09/08/2025,01/16/2026 05:52:24,17
770,US4AK6MT,View,1,03/03/2023,1,09/05/2025,01/16/2026 05:52:24,17
771,US4AK6ND,View,1,08/18/2020,0,08/18/2020,01/16/2026 05:52:23,17
772,US4AK6NE,View,1,08/18/2020,1,05/24/2021,01/16/2026 05:52:23,17
773,US4AK6NF,View,1,08/18/2020,1,05/24/2021,01/16/2026 05:52:23,17
774,US4AK6NG,View,1,08/18/2020,1,05/24/2021,01/16/2026 05:52:23,17
775,US4AK6NH,View,1,08/18/2020,1,05/24/2021,01/16/2026 05:52:23,17
776,US4AK6NI,View,1,08/18/2020,1,05/24/2021,01/16/2026 05:52:23,17
777,US4AK6NJ,View,1,08/18/2020,1,05/24/2021,01/16/2026 05:52:23,17
778,US4AK6NP,View,1,01/02/2024,1,09/09/2025,01/16/2026 05:52:22,17
779,US4AK6NQ,View,1,01/02/2024,1,09/09/2025,01/16/2026 05:52:22,17
780,US4AK6NR,View,1,01/02/2024,1,09/09/2025,01/16/2026 05:52:22,17
781,US4AK6NS,View,1,03/03/2023,1,09/08/2025,01/16/2026 05:52:22,17
782,US4AK6NT,View,2,09/08/2025,0,09/08/2025,01/16/2026 05:52:22,17
783,US4AK6NU,View,1,03/03/2023,1,09/05/2025,01/16/2026 05:52:22,17
784,US4AK6NV,View,1,03/03/2023,1,09/05/2025,01/16/2026 05:52:21,17
785,US4AK6OD,View,1,08/18/2020,1,05/04/2021,01/16/2026 05:52:21,17
786,US4AK6OE,View,1,08/18/2020,1,05/04/2021,01/16/2026 05:52:21,17
787,US4AK6OF,View,1,08/18/2020,1,05/04/2021,01/16/2026 05:52:21,17
788,US4AK6OG,View,1,08/18/2020,1,05/04/2021,01/16/2026 05:52:21,17
789,US4AK6OH,View,1,08/18/2020,1,05/04/2021,01/16/2026 05:52:21,17
790,US4AK6OS,View,1,03/03/2023,1,09/08/2025,01/16/2026 05:52:20,17
791,US4AK6OT,View,1,03/03/2023,1,09/05/2025,01/16/2026 05:52:20,17
792,US4AK6OU,View,1,03/03/2023,1,09/05/2025,01/16/2026 05:52:20,17
793,US4AK6OV,View,1,03/03/2023,1,09/05/2025,01/16/2026 05:52:20,17
794,US4AK6OW,View,1,03/03/2023,1,09/05/2025,01/16/2026 05:52:20,17
795,US4AK6PD,View,1,08/18/2020,1,05/04/2021,01/16/2026 05:52:20,17
796,US4AK6PE,View,1,08/18/2020,1,05/04/2021,01/16/2026 05:52:20,17
797,US4AK6PV,View,1,03/03/2023,1,09/05/2025,01/16/2026 05:52:19,17
798,US4AK6QM,View,1,10/04/2022,1,05/24/2023,01/16/2026 05:52:19,17
799,US4AK6QN,View,1,10/04/2022,1,05/24/2023,01/16/2026 05:52:19,17
800,US4AK6QO,View,1,10/04/2022,2,05/24/2023,01/16/2026 05:52:19,17
801,US4AK6QP,View,1,01/17/2023,1,05/24/2023,01/16/2026 05:52:19,17
802,US4AK6QQ,View,1,01/17/2023,0,01/17/2023,01/16/2026 05:52:19,17
803,US4AK6QR,View,1,01/17/2023,0,01/17/2023,01/16/2026 05:52:19,17
804,US4AK6QS,View,1,01/17/2023,0,01/17/2023,01/16/2026 05:52:18,17
805,US4AK6QT,View,1,06/23/2023,0,06/23/2023,01/16/2026 05:52:18,17
806,US4AK6QU,View,1,06/23/2023,0,06/23/2023,01/16/2026 05:52:18,17
807,US4AK6QV,View,1,06/23/2023,0,06/23/2023,01/16/2026 05:52:18,17
808,US4AK6RM,View,1,10/04/2022,1,05/24/2023,01/16/2026 05:52:18,17
809,US4AK6RN,View,1,10/04/2022,0,10/04/2022,01/16/2026 05:52:18,17
810,US4AK6RO,View,1,10/04/2022,0,10/04/2022,01/16/2026 05:52:18,17
811,US4AK6RP,View,1,01/17/2023,0,01/17/2023,01/16/2026 05:52:17,17
812,US4AK6RQ,View,1,01/17/2023,0,01/17/2023,01/16/2026 05:52:17,17
813,US4AK6RR,View,1,01/17/2023,0,01/17/2023,01/16/2026 05:52:17,17
814,US4AK6RS,View,1,01/17/2023,0,01/17/2023,01/16/2026 05:52:17,17
815,US4AK6RT,View,1,06/23/2023,0,06/23/2023,01/16/2026 05:52:17,17
816,US4AK6RU,View,1,06/23/2023,0,06/23/2023,01/16/2026 05:52:17,17
817,US4AK6RV,View,1,06/23/2023,0,06/23/2023,01/16/2026 05:52:17,17
818,US4AK6RW,View,1,06/23/2023,0,06/23/2023,01/16/2026 05:52:17,17
819,US4AK6SJ,View,1,08/04/2022,1,05/25/2023,01/16/2026 05:52:16,17
820,US4AK6SK,View,1,09/20/2019,1,04/28/2021,01/16/2026 05:52:16,17
821,US4AK6SL,View,1,09/20/2019,1,04/28/2021,01/16/2026 05:52:16,17
822,US4AK6SM,View,1,09/20/2019,0,09/20/2019,01/16/2026 05:52:16,17
823,US4AK6SN,View,1,06/06/2023,0,06/06/2023,01/16/2026 05:52:16,17
824,US4AK6SU,View,1,06/23/2023,0,06/23/2023,01/16/2026 05:52:16,17
825,US4AK6SV,View,1,06/23/2023,0,06/23/2023,01/16/2026 05:52:15,17
826,US4AK6TJ,View,1,08/04/2022,1,05/24/2023,01/16/2026 05:52:15,17
827,US4AK6TK,View,1,09/20/2019,1,04/28/2021,01/16/2026 05:52:15,17
828,US4AK6TL,View,1,09/20/2019,1,04/28/2021,01/16/2026 05:52:15,17
829,US4AK6TM,View,2,02/07/2022,0,02/07/2022,01/16/2026 05:52:15,17
830,US4AK6TN,View,1,06/06/2023,0,06/06/2023,01/16/2026 05:52:14,17
831,US4AK6UI,View,1,08/04/2022,1,05/24/2023,01/16/2026 05:52:14,17
832,US4AK6UJ,View,1,08/04/2022,1,05/24/2023,01/16/2026 05:52:14,17
833,US4AK6UK,View,1,09/20/2019,1,04/28/2021,01/16/2026 05:52:14,17
834,US4AK6UL,View,1,09/20/2019,0,09/20/2019,01/16/2026 05:52:14,17
835,US4AK6VI,View,1,08/04/2022,0,08/04/2022,01/16/2026 05:52:14,17
836,US4AK6VJ,View,2,09/17/2024,1,09/26/2024,01/16/2026 05:52:14,17
837,US4AK6VK,View,1,04/07/2022,0,04/07/2022,01/16/2026 05:52:13,17
838,US4AK6VL,View,1,04/07/2022,0,04/07/2022,01/16/2026 05:52:13,17
839,US4AK6WI,View,1,08/04/2022,0,08/04/2022,01/16/2026 05:52:13,17
840,US4AK6WJ,View,1,04/07/2022,1,05/24/2023,01/16/2026 05:52:13,17
841,US4AK6WK,View,1,04/07/2022,0,04/07/2022,01/16/2026 05:52:13,17
842,US4AK6WL,View,1,04/07/2022,0,04/07/2022,01/16/2026 05:52:13,17
843,US4AK6WM,View,1,04/07/2022,0,04/07/2022,01/16/2026 05:52:12,17
844,US4AK6WN,View,1,04/07/2022,0,04/07/2022,01/16/2026 05:52:12,17
845,US4AK6WQ,View,1,03/04/2021,0,03/04/2021,01/16/2026 05:52:12,17
846,US4AK6WR,View,1,03/04/2021,0,03/04/2021,01/16/2026 05:52:12,17
847,US4AK6WS,View,1,12/01/2023,0,12/01/2023,01/16/2026 05:52:12,17
848,US4AK6WT,View,2,09/17/2024,0,09/17/2024,01/16/2026 05:52:12,17
849,US4AK6WU,View,1,12/01/2023,0,12/01/2023,01/16/2026 05:52:12,17
850,US4AK6XN,View,1,04/07/2022,0,04/07/2022,01/16/2026 05:52:11,17
851,US4AK6XO,View,1,04/07/2022,0,04/07/2022,01/16/2026 05:52:11,17
852,US4AK6XP,View,1,04/07/2022,0,04/07/2022,01/16/2026 05:52:11,17
853,US4AK6XQ,View,1,03/04/2021,0,03/04/2021,01/16/2026 05:52:11,17
854,US4AK6XR,View,1,03/04/2021,0,03/04/2021,01/16/2026 05:52:11,17
855,US4AK6XS,View,1,12/01/2023,0,12/01/2023,01/16/2026 05:52:11,17
856,US4AK6XT,View,1,09/03/2020,1,01/26/2024,01/16/2026 05:52:11,17
857,US4AK6XU,View,1,09/03/2020,0,09/03/2020,01/16/2026 05:52:10,17
858,US4AK6YP,View,2,09/17/2024,0,09/17/2024,01/16/2026 05:52:10,17
859,US4AK6YQ,View,1,03/04/2021,0,03/04/2021,01/16/2026 05:52:10,17
860,US4AK6YR,View,2,09/17/2024,0,09/17/2024,01/16/2026 05:52:10,17
861,US4AK6YS,View,1,09/03/2020,1,01/26/2024,01/16/2026 05:52:10,17
862,US4AK6YT,View,1,09/03/2020,0,09/03/2020,01/16/2026 05:52:10,17
863,US4AK6YU,View,1,09/03/2020,0,09/03/2020,01/16/2026 05:52:09,17
864,US4AK6ZQ,View,1,09/03/2020,1,01/26/2024,01/16/2026 05:52:09,17
865,US4AK6ZR,View,2,09/17/2024,0,09/17/2024,01/16/2026 05:52:09,17
866,US4AK6ZS,View,1,09/03/2020,1,01/26/2024,01/16/2026 05:52:09,17
867,US4AK6ZT,View,1,09/03/2020,0,09/03/2020,01/16/2026 05:52:09,17
868,US4AK6ZU,View,1,09/03/2020,0,09/03/2020,01/16/2026 05:52:09,17
869,US4AK7AD,View,1,11/15/2019,3,01/26/2024,01/16/2026 05:52:08,17
870,US4AK7AE,View,1,11/15/2019,4,01/26/2024,01/16/2026 05:52:08,17
871,US4AK7BD,View,1,11/15/2019,5,01/26/2024,01/16/2026 05:52:08,17
872,US4AK7BE,View,1,11/15/2019,3,05/16/2023,01/16/2026 05:52:08,17
873,US4AK7CC,View,1,02/25/2020,1,04/07/2021,01/16/2026 05:52:07,17
874,US4AK7CD,View,1,11/15/2019,2,11/16/2022,01/16/2026 05:52:07,17
875,US4AK7DB,View,2,12/15/2020,0,12/15/2020,01/16/2026 05:52:07,17
876,US4AK7DC,View,3,08/21/2023,1,10/26/2023,01/16/2026 05:52:07,17
877,US4AK7EB,View,2,12/15/2020,0,12/15/2020,01/16/2026 05:52:07,17
878,US4AK7EC,View,3,08/21/2023,1,10/26/2023,01/16/2026 05:52:07,17
879,US4AK7FB,View,2,12/15/2020,0,12/15/2020,01/16/2026 05:52:06,17
880,US4AK7FC,View,3,12/15/2020,1,01/24/2023,01/16/2026 05:52:06,17
881,US4AK7FD,View,2,12/15/2020,0,12/15/2020,01/16/2026 05:52:06,17
882,US4AK7FE,View,2,12/15/2020,0,12/15/2020,01/16/2026 05:52:06,17
883,US4AK7GB,View,2,12/15/2020,0,12/15/2020,01/16/2026 05:52:06,17
884,US4AK7GC,View,3,12/16/2020,0,12/16/2020,01/16/2026 05:52:06,17
885,US4AK7GD,View,2,12/16/2020,0,12/16/2020,01/16/2026 05:52:05,17
886,US4AK7GE,View,2,12/16/2020,0,12/16/2020,01/16/2026 05:52:05,17
887,US4AK7HE,View,2,12/16/2020,0,12/16/2020,01/16/2026 05:52:05,17
888,US4AK7HF,View,2,12/16/2020,0,12/16/2020,01/16/2026 05:52:05,17
889,US4AK7IE,View,2,01/05/2021,1,03/17/2021,01/16/2026 05:52:05,17
890,US4AK7IF,View,3,01/24/2023,0,01/24/2023,01/16/2026 05:52:05,17
891,US4AK7IM,View,2,01/08/2021,1,03/17/2021,01/16/2026 05:52:04,17
892,US4AK7IW,View,2,01/06/2021,1,03/17/2021,01/16/2026 05:52:04,17
893,US4AK7IX,View,2,01/06/2021,1,03/18/2021,01/16/2026 05:52:04,17
894,US4AK7JE,View,2,01/06/2021,1,03/17/2021,01/16/2026 05:52:04,17
895,US4AK7JF,View,2,01/06/2021,1,03/30/2021,01/16/2026 05:52:04,17
896,US4AK7JG,View,2,01/06/2021,0,01/06/2021,01/16/2026 05:52:03,17
897,US4AK7JS,View,2,01/08/2021,1,03/30/2021,01/16/2026 05:52:03,17
898,US4AK7JT,View,2,01/08/2021,1,03/30/2021,01/16/2026 05:52:03,17
899,US4AK7JU,View,3,03/30/2021,0,03/30/2021,01/16/2026 05:52:03,17
900,US4AK7JV,View,2,01/11/2021,1,03/30/2021,01/16/2026 05:52:02,17
901,US4AK7JW,View,2,01/11/2021,1,03/18/2021,01/16/2026 05:52:02,17
902,US4AK7JX,View,2,01/11/2021,1,03/18/2021,01/16/2026 05:52:02,17
903,US4AK7KF,View,2,01/12/2021,1,06/08/2022,01/16/2026 05:52:02,17
904,US4AK7KG,View,2,01/11/2021,0,01/11/2021,01/16/2026 05:52:02,17
905,US4AK7KH,View,2,01/11/2021,0,01/11/2021,01/16/2026 05:52:01,17
cxl,US4AK7KM,View,8,02/02/2024,1,08/19/2025,01/16/2026 05:52:01,17
906,US4AK7KO,View,2,01/13/2021,1,03/18/2021,01/16/2026 05:52:01,17
907,US4AK7KP,View,2,01/12/2021,0,01/12/2021,01/16/2026 05:52:01,17
908,US4AK7KQ,View,2,01/12/2021,1,03/18/2021,01/16/2026 05:52:00,17
909,US4AK7KR,View,3,05/14/2025,1,11/19/2025,01/16/2026 05:52:00,17
910,US4AK7KS,View,2,01/12/2021,0,01/12/2021,01/16/2026 05:52:00,17
911,US4AK7KT,View,2,01/22/2021,0,01/22/2021,01/16/2026 05:52:00,17
912,US4AK7KU,View,2,01/22/2021,0,01/22/2021,01/16/2026 05:51:59,17
913,US4AK7KV,View,2,01/13/2021,1,03/22/2021,01/16/2026 05:51:59,17
914,US4AK7LG,View,2,01/22/2021,0,01/22/2021,01/16/2026 05:51:59,17
915,US4AK7LH,View,2,01/26/2021,3,10/26/2023,01/16/2026 05:51:59,17
916,US4AK7LI,View,3,06/08/2023,0,06/08/2023,01/16/2026 05:51:59,17
917,US4AK7LJ,View,2,01/26/2021,1,06/08/2023,01/16/2026 05:51:59,17
cxl,US4AK7LM,View,7,02/02/2024,1,08/19/2025,01/16/2026 05:51:58,17
918,US4AK7LN,View,2,02/05/2021,0,02/05/2021,01/16/2026 05:51:58,17
919,US4AK7LO,View,2,02/05/2021,0,02/05/2021,01/16/2026 05:51:58,17
920,US4AK7LP,View,2,02/05/2021,0,02/05/2021,01/16/2026 05:51:58,17
921,US4AK7LQ,View,2,02/09/2021,0,02/09/2021,01/16/2026 05:51:57,17
922,US4AK7LR,View,2,02/09/2021,0,02/09/2021,01/16/2026 05:51:57,17
923,US4AK7MH,View,3,12/09/2021,0,12/09/2021,01/16/2026 05:51:57,17
924,US4AK7MI,View,3,06/08/2023,0,06/08/2023,01/16/2026 05:51:57,17
925,US4AK7MJ,View,3,06/08/2023,0,06/08/2023,01/16/2026 05:51:56,17
926,US4AK7MK,View,2,02/12/2021,1,06/08/2023,01/16/2026 05:51:56,17
927,US4AK7ML,View,2,02/12/2021,0,02/12/2021,01/16/2026 05:51:56,17
928,US4AK7MM,View,2,02/17/2021,0,02/17/2021,01/16/2026 05:51:56,17
929,US4AK7MN,View,2,02/17/2021,0,02/17/2021,01/16/2026 05:51:56,17
930,US4AK7MO,View,1,04/07/2020,2,07/06/2023,01/16/2026 05:51:55,17
931,US4AK7MP,View,1,04/07/2020,2,07/06/2023,01/16/2026 05:51:55,17
932,US4AK7NJ,View,1,06/04/2020,1,02/24/2021,01/16/2026 05:51:55,17
933,US4AK7NK,View,4,06/08/2023,2,10/26/2023,01/16/2026 05:51:55,17
934,US4AK7NL,View,2,07/06/2023,2,10/26/2023,01/16/2026 05:51:54,17
935,US4AK7NM,View,1,04/08/2020,2,07/05/2023,01/16/2026 05:51:54,17
936,US4AK7OK,View,1,04/07/2020,3,10/26/2023,01/16/2026 05:51:54,17
937,US4AK8DM,View,11,08/04/2022,1,05/24/2023,01/16/2026 05:51:54,17
938,US4AL1BA,View,3,08/25/2025,0,08/25/2025,01/16/2026 05:51:54,8
939,US4AL1BB,View,10,09/16/2025,2,12/17/2025,01/16/2026 05:51:53,8
940,US4AL1BC,View,5,09/16/2025,0,09/16/2025,01/16/2026 05:51:53,8
941,US4AL1CA,View,3,08/25/2025,1,11/05/2025,01/16/2026 05:51:53,8
942,US4AL1CB,View,8,12/04/2025,0,12/04/2025,01/16/2026 05:51:52,8
943,US4AL1CC,View,5,12/04/2025,0,12/04/2025,01/16/2026 05:51:52,8
944,US4AL1DB,View,5,11/17/2025,0,11/17/2025,01/16/2026 05:51:52,8
945,US4AL1DC,View,1,11/08/2023,0,11/08/2023,01/16/2026 05:51:52,8
946,US4AS1KP,View,1,12/04/2025,0,12/04/2025,01/16/2026 05:51:51,14
947,US4AS1LG,View,1,12/04/2025,0,12/04/2025,01/16/2026 05:51:51,14
948,US4AS1LH,View,1,12/04/2025,0,12/04/2025,01/16/2026 05:51:51,14
949,US4AS1LK,View,1,12/04/2025,0,12/04/2025,01/16/2026 05:51:51,14
950,US4AS1LL,View,1,12/04/2025,0,12/04/2025,01/16/2026 05:51:51,14
951,US4CA11M,View,39,06/11/2024,5,09/24/2025,01/16/2026 05:51:50,11
952,US4CA2FR,View,1,01/07/2026,0,01/07/2026,01/16/2026 05:51:50,11
953,US4CA2FS,View,1,01/07/2026,0,01/07/2026,01/16/2026 05:51:50,11
954,US4CA2GR,View,1,01/07/2026,0,01/07/2026,01/16/2026 05:51:50,11
955,US4CA46M,View,9,07/10/2025,0,07/10/2025,01/16/2026 05:51:49,11
956,US4CA60M,View,38,03/19/2025,4,12/02/2025,01/16/2026 05:51:49,11
957,US4CA68M,View,18,06/11/2024,2,05/27/2025,01/16/2026 05:51:49,11
958,US4CA73M,View,12,06/26/2024,1,04/23/2025,01/16/2026 05:51:48,11
959,US4CA74M,View,16,05/01/2024,1,07/17/2024,01/16/2026 05:51:48,11
960,US4CN22M,View,20,10/24/2024,1,12/17/2024,01/16/2026 05:51:48,1
961,US4CT1AA,View,1,08/15/2022,5,06/04/2025,01/16/2026 05:51:48,1
962,US4CT1AB,View,1,08/08/2024,5,12/18/2025,01/16/2026 05:51:47,1
963,US4CT1AC,View,1,08/08/2024,2,08/29/2025,01/16/2026 05:51:47,1
964,US4CT1AD,View,1,10/24/2024,2,12/11/2025,01/16/2026 05:51:47,1
965,US4CT1AE,View,1,10/24/2024,7,09/12/2025,01/16/2026 05:51:46,1
966,US4CT1AF,View,1,10/24/2024,0,10/24/2024,01/16/2026 05:51:46,1
967,US4CT1BC,View,1,12/03/2024,0,12/03/2024,01/16/2026 05:51:46,1
968,US4CT1BD,View,1,12/03/2024,0,12/03/2024,01/16/2026 05:51:45,1
969,US4CT1BE,View,1,12/03/2024,0,12/03/2024,01/16/2026 05:51:45,1
970,US4CT1CC,View,1,12/03/2024,0,12/03/2024,01/16/2026 05:51:45,1
971,US4DE11M,View,41,09/15/2025,2,12/01/2025,01/16/2026 05:51:45,5
972,US4DE12M,View,29,08/06/2024,2,10/03/2025,01/16/2026 05:51:44,5
973,US4DE1AD,View,1,06/26/2025,0,06/26/2025,01/16/2026 05:51:44,5
974,US4DE1AE,View,1,06/26/2025,0,06/26/2025,01/16/2026 05:51:44,5
975,US4FL1EP,View,2,02/20/2025,0,02/20/2025,01/16/2026 05:51:44,7
976,US4FL1EQ,View,2,02/20/2025,0,02/20/2025,01/16/2026 05:51:43,7
977,US4FL1ER,View,3,01/08/2026,0,01/08/2026,01/16/2026 05:51:43,7
978,US4FL1ES,View,3,01/08/2026,0,01/08/2026,01/16/2026 05:51:43,7
979,US4FL1ET,View,5,07/11/2025,0,07/11/2025,01/16/2026 05:51:43,7
980,US4FL1EU,View,1,09/04/2024,0,09/04/2024,01/16/2026 05:51:42,7
981,US4FL1EV,View,1,09/04/2024,0,09/04/2024,01/16/2026 05:51:42,7
982,US4FL1EW,View,1,09/04/2024,0,09/04/2024,01/16/2026 05:51:42,7
983,US4FL1EX,View,1,06/05/2025,0,06/05/2025,01/16/2026 05:51:42,7
984,US4FL1FP,View,2,02/20/2025,0,02/20/2025,01/16/2026 05:51:42,7
985,US4FL1FQ,View,2,02/20/2025,0,02/20/2025,01/16/2026 05:51:42,7
986,US4FL1FR,View,3,01/08/2026,0,01/08/2026,01/16/2026 05:51:41,7
987,US4FL1FS,View,4,01/08/2026,0,01/08/2026,01/16/2026 05:51:41,7
988,US4FL1FT,View,5,07/11/2025,0,07/11/2025,01/16/2026 05:51:41,7
989,US4FL1FU,View,2,02/20/2025,0,02/20/2025,01/16/2026 05:51:41,7
990,US4FL1FV,View,2,01/17/2025,1,03/11/2025,01/16/2026 05:51:40,7
991,US4FL1FW,View,1,09/04/2024,0,09/04/2024,01/16/2026 05:51:40,7
992,US4FL1FX,View,2,08/28/2025,0,08/28/2025,01/16/2026 05:51:40,7
993,US4FL1FY,View,1,06/05/2025,0,06/05/2025,01/16/2026 05:51:40,7
994,US4FL1FZ,View,1,06/05/2025,0,06/05/2025,01/16/2026 05:51:40,7
995,US4FL1GS,View,2,03/13/2025,0,03/13/2025,01/16/2026 05:51:39,7
996,US4FL1GT,View,2,03/13/2025,0,03/13/2025,01/16/2026 05:51:39,7
997,US4FL1GU,View,2,03/13/2025,0,03/13/2025,01/16/2026 05:51:39,7
998,US4FL1GV,View,6,03/17/2025,0,03/17/2025,01/16/2026 05:51:39,7
999,US4FL1GW,View,7,04/25/2024,0,04/25/2024,01/16/2026 05:51:39,7
1000,US4FL1GX,View,2,08/28/2025,1,12/17/2025,01/16/2026 05:51:38,7
1001,US4FL1GY,View,1,06/05/2025,0,06/05/2025,01/16/2026 05:51:38,7
1002,US4FL1GZ,View,1,06/05/2025,0,06/05/2025,01/16/2026 05:51:38,7
1003,US4FL1HS,View,2,03/13/2025,0,03/13/2025,01/16/2026 05:51:38,7
1004,US4FL1HT,View,2,03/13/2025,0,03/13/2025,01/16/2026 05:51:38,7
1005,US4FL1HU,View,2,03/13/2025,0,03/13/2025,01/16/2026 05:51:37,7
1006,US4FL1HV,View,3,03/17/2025,0,03/17/2025,01/16/2026 05:51:37,7
1007,US4FL1HW,View,2,04/26/2024,0,04/26/2024,01/16/2026 05:51:37,7
1008,US4FL1HX,View,1,06/05/2025,0,06/05/2025,01/16/2026 05:51:37,7
1009,US4FL1HY,View,2,09/24/2025,1,11/12/2025,01/16/2026 05:51:37,7
1010,US4FL1HZ,View,1,06/05/2025,0,06/05/2025,01/16/2026 05:51:36,7
1011,US4FL1IS,View,3,03/05/2025,0,03/05/2025,01/16/2026 05:51:36,7
1012,US4FL1IT,View,2,03/05/2025,0,03/05/2025,01/16/2026 05:51:36,7
1013,US4FL1IU,View,5,03/05/2025,0,03/05/2025,01/16/2026 05:51:36,7
1014,US4FL1IV,View,5,03/05/2025,0,03/05/2025,01/16/2026 05:51:35,7
1015,US4FL1JS,View,2,03/05/2025,0,03/05/2025,01/16/2026 05:51:35,7
1016,US4FL1JT,View,11,06/23/2025,0,06/23/2025,01/16/2026 05:51:35,7
1017,US4FL1JU,View,7,12/15/2025,0,12/15/2025,01/16/2026 05:51:35,7
1018,US4FL1JV,View,1,11/13/2023,0,11/13/2023,01/16/2026 05:51:34,7
1019,US4FL1KR,View,2,03/05/2025,0,03/05/2025,01/16/2026 05:51:34,7
1020,US4FL1KS,View,4,03/05/2025,0,03/05/2025,01/16/2026 05:51:34,7
1021,US4FL1KT,View,9,07/11/2025,0,07/11/2025,01/16/2026 05:51:34,7
1022,US4FL1LR,View,9,07/21/2025,0,07/21/2025,01/16/2026 05:51:34,7
1023,US4FL1LS,View,15,07/11/2025,1,12/11/2025,01/16/2026 05:51:33,7
1024,US4FL1LT,View,7,02/27/2025,0,02/27/2025,01/16/2026 05:51:33,7
1025,US4FL1MP,View,2,02/27/2025,0,02/27/2025,01/16/2026 05:51:33,7
1026,US4FL1MQ,View,2,02/27/2025,0,02/27/2025,01/16/2026 05:51:33,7
1027,US4FL1MR,View,13,08/22/2025,0,08/22/2025,01/16/2026 05:51:32,7
1028,US4FL1MS,View,8,07/11/2025,0,07/11/2025,01/16/2026 05:51:32,7
1029,US4FL1MT,View,1,05/19/2025,0,05/19/2025,01/16/2026 05:51:32,7
1030,US4FL1MU,View,1,04/22/2025,0,04/22/2025,01/16/2026 05:51:32,7
1031,US4FL1NP,View,2,02/27/2025,0,02/27/2025,01/16/2026 05:51:31,7
1032,US4FL1NQ,View,4,02/27/2025,0,02/27/2025,01/16/2026 05:51:31,7
1033,US4FL1NR,View,4,09/12/2025,0,09/12/2025,01/16/2026 05:51:31,7
1034,US4FL1NS,View,1,04/22/2025,0,04/22/2025,01/16/2026 05:51:31,7
1035,US4FL1OO,View,3,02/27/2025,0,02/27/2025,01/16/2026 05:51:31,7
1036,US4FL1OP,View,5,09/11/2025,0,09/11/2025,01/16/2026 05:51:30,7
1037,US4FL1OQ,View,14,09/11/2025,2,01/12/2026,01/16/2026 05:51:30,7
1038,US4FL1OR,View,2,04/07/2023,0,04/07/2023,01/16/2026 05:51:30,7
1039,US4FL1PO,View,4,04/11/2025,0,04/11/2025,01/16/2026 05:51:30,7
1040,US4FL1PP,View,7,09/11/2025,0,09/11/2025,01/16/2026 05:51:30,7
1041,US4FL1PQ,View,24,09/11/2025,1,01/12/2026,01/16/2026 05:51:29,7
1042,US4FL1PR,View,7,03/06/2025,0,03/06/2025,01/16/2026 05:51:29,7
1043,US4FL1QO,View,2,04/11/2025,0,04/11/2025,01/16/2026 05:51:29,7
1044,US4FL1QP,View,9,04/11/2025,2,12/30/2025,01/16/2026 05:51:29,7
1045,US4FL1QQ,View,5,04/11/2025,0,04/11/2025,01/16/2026 05:51:28,7
1046,US4FL1QR,View,6,12/09/2025,0,12/09/2025,01/16/2026 05:51:28,7
1047,US4FL1RO,View,2,04/11/2025,0,04/11/2025,01/16/2026 05:51:28,7
1048,US4FL1RP,View,3,04/11/2025,0,04/11/2025,01/16/2026 05:51:28,7
1049,US4FL1RQ,View,6,09/29/2025,1,11/25/2025,01/16/2026 05:51:28,7
1050,US4FL1SO,View,2,04/11/2025,0,04/11/2025,01/16/2026 05:51:27,7
1051,US4FL1SP,View,3,04/11/2025,0,04/11/2025,01/16/2026 05:51:27,7
1052,US4FL1SQ,View,4,04/11/2025,1,11/25/2025,01/16/2026 05:51:27,7
1053,US4FL1TN,View,2,03/04/2025,0,03/04/2025,01/16/2026 05:51:27,7
1054,US4FL1TO,View,2,03/07/2025,0,03/07/2025,01/16/2026 05:51:27,7
1055,US4FL1TP,View,5,07/23/2025,1,11/26/2025,01/16/2026 05:51:26,7
1056,US4FL1TQ,View,5,07/23/2025,1,11/26/2025,01/16/2026 05:51:26,7
1057,US4FL1UG,View,3,08/18/2025,0,08/18/2025,01/16/2026 05:51:26,8
1058,US4FL1UH,View,2,05/28/2025,0,05/28/2025,01/16/2026 05:51:26,8
1059,US4FL1UI,View,2,05/28/2025,0,05/28/2025,01/16/2026 05:51:26,8
1060,US4FL1UJ,View,2,05/28/2025,0,05/28/2025,01/16/2026 05:51:25,8
1061,US4FL1UM,View,2,03/07/2025,0,03/07/2025,01/16/2026 05:51:25,7
1062,US4FL1UN,View,2,03/07/2025,0,03/07/2025,01/16/2026 05:51:25,7
1063,US4FL1UO,View,4,03/04/2025,0,03/04/2025,01/16/2026 05:51:25,7
1064,US4FL1UP,View,5,05/22/2025,1,05/30/2025,01/16/2026 05:51:25,7
1065,US4FL1UQ,View,3,06/05/2025,0,06/05/2025,01/16/2026 05:51:21,7
1066,US4FL1VF,View,2,04/24/2025,0,04/24/2025,01/16/2026 05:51:21,8
1067,US4FL1VG,View,3,03/21/2025,0,03/21/2025,01/16/2026 05:51:21,8
1068,US4FL1VH,View,6,05/30/2025,0,05/30/2025,01/16/2026 05:51:20,8
1069,US4FL1VI,View,11,09/25/2025,1,01/12/2026,01/16/2026 05:51:20,8
1070,US4FL1VJ,View,6,04/10/2025,0,04/10/2025,01/16/2026 05:51:20,8
1071,US4FL1VK,View,3,04/10/2025,0,04/10/2025,01/16/2026 05:51:20,8
1072,US4FL1VL,View,2,04/10/2025,0,04/10/2025,01/16/2026 05:51:20,8
1073,US4FL1VM,View,3,04/10/2025,0,04/10/2025,01/16/2026 05:51:19,7
1074,US4FL1VN,View,3,04/10/2025,0,04/10/2025,01/16/2026 05:51:19,7
1075,US4FL1VO,View,2,04/11/2025,0,04/11/2025,01/16/2026 05:51:19,7
1076,US4FL1WC,View,2,04/24/2025,0,04/24/2025,01/16/2026 05:51:19,8
1077,US4FL1WD,View,2,04/24/2025,0,04/24/2025,01/16/2026 05:51:19,8
1078,US4FL1WE,View,2,04/28/2025,0,04/28/2025,01/16/2026 05:51:18,8
1079,US4FL1WF,View,2,04/25/2025,0,04/25/2025,01/16/2026 05:51:18,8
1080,US4FL1WG,View,5,04/11/2025,0,04/11/2025,01/16/2026 05:51:18,8
1081,US4FL1WH,View,9,09/08/2025,0,09/08/2025,01/16/2026 05:51:18,8
1082,US4FL1WI,View,9,09/25/2025,0,09/25/2025,01/16/2026 05:51:18,8
1083,US4FL1WJ,View,12,08/01/2025,0,08/01/2025,01/16/2026 05:51:17,8
1084,US4FL1WK,View,5,04/11/2025,0,04/11/2025,01/16/2026 05:51:17,8
1085,US4FL1WL,View,4,04/11/2025,0,04/11/2025,01/16/2026 05:51:17,8
1086,US4FL1WM,View,3,04/11/2025,0,04/11/2025,01/16/2026 05:51:17,8
1087,US4FL1WN,View,3,04/11/2025,0,04/11/2025,01/16/2026 05:51:16,7
1088,US4FL1XA,View,8,07/30/2025,0,07/30/2025,01/16/2026 05:51:16,8
1089,US4FL1XB,View,5,07/30/2025,0,07/30/2025,01/16/2026 05:51:16,8
1090,US4FL1XC,View,2,04/28/2025,0,04/28/2025,01/16/2026 05:51:16,8
1091,US4FL1XD,View,2,04/25/2025,0,04/25/2025,01/16/2026 05:51:16,8
1092,US4FL1XE,View,2,04/25/2025,0,04/25/2025,01/16/2026 05:51:16,8
1093,US4FL1XF,View,6,04/25/2025,0,04/25/2025,01/16/2026 05:51:15,8
1094,US4FL1XG,View,13,08/12/2025,3,10/09/2025,01/16/2026 05:51:15,8
1095,US4FL1XH,View,5,09/08/2025,0,09/08/2025,01/16/2026 05:51:15,8
1096,US4FL1XK,View,4,02/10/2025,1,06/11/2025,01/16/2026 05:51:15,8
1097,US4FL1XL,View,8,08/14/2025,0,08/14/2025,01/16/2026 05:51:15,8
1098,US4FL1XM,View,3,04/11/2025,0,04/11/2025,01/16/2026 05:51:14,8
1099,US4FL1YA,View,6,07/30/2025,0,07/30/2025,01/16/2026 05:51:14,8
1100,US4FL1YB,View,10,07/30/2025,1,09/12/2025,01/16/2026 05:51:14,8
1101,US4FL1YC,View,6,04/25/2025,0,04/25/2025,01/16/2026 05:51:14,8
1102,US4FL1YD,View,12,04/25/2025,5,12/18/2025,01/16/2026 05:51:13,8
1103,US4FL1YE,View,8,04/25/2025,0,04/25/2025,01/16/2026 05:51:13,8
1104,US4FL1YF,View,4,04/25/2025,0,04/25/2025,01/16/2026 05:51:13,8
1105,US4FL1YG,View,1,11/27/2024,0,11/27/2024,01/16/2026 05:51:13,8
1106,US4FL2AI,View,7,12/19/2025,0,12/19/2025,01/16/2026 05:51:13,7
1107,US4FL2AJ,View,1,09/11/2024,0,09/11/2024,01/16/2026 05:51:12,7
1108,US4FL2AK,View,1,09/11/2024,0,09/11/2024,01/16/2026 05:51:12,7
1109,US4FL2AL,View,2,08/01/2025,0,08/01/2025,01/16/2026 05:51:12,7
1110,US4FL2AM,View,1,09/11/2024,0,09/11/2024,01/16/2026 05:51:12,7
1111,US4FL2BI,View,1,09/18/2024,0,09/18/2024,01/16/2026 05:51:12,7
1112,US4FL2BJ,View,2,06/26/2025,0,06/26/2025,01/16/2026 05:51:11,7
1113,US4FL2BK,View,1,09/11/2024,0,09/11/2024,01/16/2026 05:51:11,7
1114,US4FL2BL,View,1,09/11/2024,0,09/11/2024,01/16/2026 05:51:11,7
1115,US4FL2BM,View,1,09/11/2024,0,09/11/2024,01/16/2026 05:51:11,7
1116,US4FL2CI,View,3,06/05/2025,0,06/05/2025,01/16/2026 05:51:10,7
1117,US4FL2CJ,View,4,07/21/2025,0,07/21/2025,01/16/2026 05:51:10,7
1118,US4FL2CK,View,1,09/11/2024,0,09/11/2024,01/16/2026 05:51:10,7
1119,US4FL2CL,View,1,09/11/2024,0,09/11/2024,01/16/2026 05:51:10,7
1120,US4FL2CM,View,2,10/16/2024,0,10/16/2024,01/16/2026 05:51:10,7
1121,US4FL2DG,View,1,04/22/2025,0,04/22/2025,01/16/2026 05:51:09,7
1122,US4FL2DJ,View,3,11/20/2025,0,11/20/2025,01/16/2026 05:51:09,7
1123,US4FL2EF,View,1,04/22/2025,0,04/22/2025,01/16/2026 05:51:09,7
1124,US4FL2EG,View,1,04/22/2025,0,04/22/2025,01/16/2026 05:51:09,7
1125,US4FL2EH,View,1,04/22/2025,0,04/22/2025,01/16/2026 05:51:08,7
1126,US4FL2EJ,View,1,04/22/2025,0,04/22/2025,01/16/2026 05:51:08,7
1127,US4FL2FF,View,1,04/22/2025,0,04/22/2025,01/16/2026 05:51:08,7
1128,US4FL2FG,View,1,04/22/2025,0,04/22/2025,01/16/2026 05:51:08,7
1129,US4FL2FH,View,1,04/29/2025,0,04/29/2025,01/16/2026 05:51:08,7
1130,US4FL2FI,View,2,11/24/2025,0,11/24/2025,01/16/2026 05:51:07,7
1131,US4FL2FJ,View,1,04/22/2025,0,04/22/2025,01/16/2026 05:51:07,7
1132,US4FL2GI,View,1,09/26/2025,0,09/26/2025,01/16/2026 05:51:07,7
1133,US4FL2GJ,View,1,09/26/2025,0,09/26/2025,01/16/2026 05:51:07,7
1134,US4FL2HH,View,1,09/26/2025,0,09/26/2025,01/16/2026 05:51:07,7
1135,US4FL2HI,View,1,09/26/2025,0,09/26/2025,01/16/2026 05:51:06,7
1136,US4FL2HJ,View,1,09/26/2025,0,09/26/2025,01/16/2026 05:51:06,7
1137,US4FL2IH,View,1,09/26/2025,0,09/26/2025,01/16/2026 05:51:06,7
1138,US4FL2II,View,1,09/26/2025,0,09/26/2025,01/16/2026 05:51:06,7
1139,US4FL2JG,View,1,09/26/2025,0,09/26/2025,01/16/2026 05:51:05,7
1140,US4FL2JH,View,1,11/17/2025,0,11/17/2025,01/16/2026 05:51:05,7
1141,US4FL2JI,View,1,09/26/2025,0,09/26/2025,01/16/2026 05:51:05,7
1142,US4FL2KF,View,1,02/28/2025,0,02/28/2025,01/16/2026 05:51:05,7
1143,US4FL2KG,View,1,07/07/2025,0,07/07/2025,01/16/2026 05:51:04,7
1144,US4FL2KH,View,1,07/08/2025,0,07/08/2025,01/16/2026 05:51:04,7
1145,US4FL2KI,View,1,07/07/2025,0,07/07/2025,01/16/2026 05:51:04,7
1146,US4FL2LE,View,4,10/02/2025,0,10/02/2025,01/16/2026 05:51:04,7
1147,US4FL2LF,View,2,09/18/2025,0,09/18/2025,01/16/2026 05:51:03,7
1148,US4FL2LG,View,1,07/07/2025,0,07/07/2025,01/16/2026 05:51:03,7
1149,US4FL2LH,View,1,07/07/2025,0,07/07/2025,01/16/2026 05:51:03,7
1150,US4FL2LI,View,1,07/07/2025,0,07/07/2025,01/16/2026 05:51:03,7
1151,US4FL2MD,View,2,09/18/2025,0,09/18/2025,01/16/2026 05:51:02,7
1152,US4FL2ME,View,2,09/18/2025,0,09/18/2025,01/16/2026 05:51:02,7
1153,US4FL2MF,View,1,07/07/2025,0,07/07/2025,01/16/2026 05:51:02,7
1154,US4FL2MG,View,1,07/07/2025,0,07/07/2025,01/16/2026 05:51:02,7
1155,US4FL2ND,View,3,09/18/2025,0,09/18/2025,01/16/2026 05:51:01,7
1156,US4FL2NE,View,1,02/28/2025,0,02/28/2025,01/16/2026 05:51:01,7
1157,US4FL2NF,View,1,07/07/2025,0,07/07/2025,01/16/2026 05:51:01,7
1158,US4FL2NG,View,1,07/07/2025,0,07/07/2025,01/16/2026 05:51:01,7
1159,US4FL2OD,View,2,09/18/2025,0,09/18/2025,01/16/2026 05:51:01,7
1160,US4FL2OE,View,3,09/18/2025,0,09/18/2025,01/16/2026 05:51:00,7
1161,US4FL2OF,View,1,07/07/2025,0,07/07/2025,01/16/2026 05:51:00,7
1162,US4FL2OG,View,1,07/07/2025,0,07/07/2025,01/16/2026 05:51:00,7
1163,US4FL2PD,View,1,02/28/2025,0,02/28/2025,01/16/2026 05:51:00,7
1164,US4FL2PE,View,1,10/24/2024,0,10/24/2024,01/16/2026 05:50:59,7
1165,US4FL2PF,View,1,10/24/2024,0,10/24/2024,01/16/2026 05:50:59,7
1166,US4FL2PG,View,1,10/24/2024,0,10/24/2024,01/16/2026 05:50:59,8
1167,US4FL2QD,View,2,06/24/2025,0,06/24/2025,01/16/2026 05:50:58,7
1168,US4FL2QE,View,3,06/24/2025,0,06/24/2025,01/16/2026 05:50:58,7
1169,US4FL2QF,View,3,08/11/2025,0,08/11/2025,01/16/2026 05:50:58,7
1170,US4FL2QG,View,2,08/11/2025,0,08/11/2025,01/16/2026 05:50:58,8
1171,US4FL2RD,View,1,10/24/2024,0,10/24/2024,01/16/2026 05:50:58,7
1172,US4FL2RE,View,2,04/30/2025,0,04/30/2025,01/16/2026 05:50:58,7
1173,US4FL2RF,View,2,04/30/2025,0,04/30/2025,01/16/2026 05:50:57,7
1174,US4FL2RG,View,1,10/24/2024,0,10/24/2024,01/16/2026 05:50:57,8
cxl,US4FL80M,View,28,07/07/2025,1,09/25/2025,01/16/2026 05:50:57,7
cxl,US4FL87M,View,14,09/27/2024,1,09/25/2025,01/16/2026 05:50:57,7
cxl,US4FL89M,View,18,08/14/2025,1,09/25/2025,01/16/2026 05:50:57,7
1175,US4FL92M,View,23,09/04/2024,0,09/04/2024,01/16/2026 05:50:56,7
1176,US4GA1AE,View,1,10/24/2024,0,10/24/2024,01/16/2026 05:50:56,7
1177,US4GA1AF,View,1,10/24/2024,0,10/24/2024,01/16/2026 05:50:56,7
1178,US4GA1AG,View,1,10/24/2024,0,10/24/2024,01/16/2026 05:50:56,7
1179,US4GA1AH,View,1,10/24/2024,0,10/24/2024,01/16/2026 05:50:56,7
1180,US4GA1BF,View,1,03/24/2025,0,03/24/2025,01/16/2026 05:50:55,7
1181,US4GA1BG,View,1,03/24/2025,0,03/24/2025,01/16/2026 05:50:55,7
1182,US4GA1BH,View,1,03/24/2025,0,03/24/2025,01/16/2026 05:50:55,7
1183,US4GA1CF,View,1,03/24/2025,0,03/24/2025,01/16/2026 05:50:55,7
1184,US4GA1CG,View,1,03/24/2025,1,08/27/2025,01/16/2026 05:50:54,7
1185,US4GA1CH,View,1,03/24/2025,0,03/24/2025,01/16/2026 05:50:54,7
1186,US4GA1DF,View,1,03/24/2025,0,03/24/2025,01/16/2026 05:50:54,7
1187,US4GA1DG,View,3,07/15/2025,1,11/12/2025,01/16/2026 05:50:54,7
1188,US4GA1DH,View,5,08/29/2025,0,08/29/2025,01/16/2026 05:50:54,7
1189,US4GA1DI,View,2,07/15/2025,0,07/15/2025,01/16/2026 05:50:53,7
1190,US4GA1DJ,View,2,04/23/2025,0,04/23/2025,01/16/2026 05:50:53,7
1191,US4GU1GD,View,1,08/20/2025,0,08/20/2025,01/16/2026 05:50:53,14
1192,US4GU1GE,View,1,08/20/2025,0,08/20/2025,01/16/2026 05:50:53,14
1193,US4GU1HD,View,1,08/20/2025,0,08/20/2025,01/16/2026 05:50:53,14
1194,US4GU1HE,View,1,08/20/2025,0,08/20/2025,01/16/2026 05:50:53,14
1195,US4GU1HF,View,1,08/20/2025,0,08/20/2025,01/16/2026 05:50:53,14
1196,US4GU1ID,View,1,08/20/2025,0,08/20/2025,01/16/2026 05:50:52,14
1197,US4GU1IE,View,1,08/20/2025,0,08/20/2025,01/16/2026 05:50:52,14
1198,US4GU1IF,View,1,08/21/2025,0,08/21/2025,01/16/2026 05:50:52,14
1199,US4GU1MG,View,1,08/20/2025,0,08/20/2025,01/16/2026 05:50:52,14
1200,US4GU1MH,View,1,08/20/2025,0,08/20/2025,01/16/2026 05:50:52,14
1201,US4GU1MI,View,1,08/20/2025,0,08/20/2025,01/16/2026 05:50:52,14
1202,US4GU1NG,View,1,08/20/2025,0,08/20/2025,01/16/2026 05:50:52,14
1203,US4GU1NH,View,1,08/20/2025,0,08/20/2025,01/16/2026 05:50:51,14
1204,US4GU1NI,View,1,08/20/2025,0,08/20/2025,01/16/2026 05:50:51,14
1205,US4GU1OG,View,1,08/20/2025,0,08/20/2025,01/16/2026 05:50:51,14
1206,US4GU1OH,View,1,08/20/2025,0,08/20/2025,01/16/2026 05:50:51,14
1207,US4GU1OI,View,1,08/20/2025,0,08/20/2025,01/16/2026 05:50:51,14
cxl,US4HA14M,View,21,02/23/2023,4,01/13/2026,01/16/2026 05:50:51,14
cxl,US4HA23M,View,16,04/28/2022,3,09/26/2025,01/16/2026 05:50:50,14
cxl,US4HA30M,View,13,04/28/2022,1,09/26/2025,01/16/2026 05:50:50,14
cxl,US4HA51M,View,32,10/04/2024,3,09/26/2025,01/16/2026 05:50:50,14
cxl,US4HA61M,View,11,03/06/2024,1,08/12/2025,01/16/2026 05:50:49,14
cxl,US4HA70M,View,4,08/14/2017,1,11/19/2025,01/16/2026 05:50:49,14
cxl,US4HA72M,View,5,01/08/2018,1,09/05/2025,01/16/2026 05:50:49,14
cxl,US4HA73M,View,5,02/08/2018,1,08/15/2025,01/16/2026 05:50:49,14
1208,US4HI1HR,View,1,01/13/2026,0,01/13/2026,01/16/2026 05:50:48,14
1209,US4HI1HS,View,1,01/13/2026,0,01/13/2026,01/16/2026 05:50:48,14
1210,US4HI1IR,View,1,01/13/2026,0,01/13/2026,01/16/2026 05:50:48,14
1211,US4HI1IS,View,1,01/13/2026,0,01/13/2026,01/16/2026 05:50:48,14
1212,US4HI1JL,View,1,09/26/2025,0,09/26/2025,01/16/2026 05:50:47,14
1213,US4HI1JR,View,1,01/13/2026,0,01/13/2026,01/16/2026 05:50:47,14
1214,US4HI1JS,View,1,01/13/2026,0,01/13/2026,01/16/2026 05:50:47,14
1215,US4HI1KN,View,1,09/26/2025,0,09/26/2025,01/16/2026 05:50:47,14
1216,US4HI1KO,View,1,09/26/2025,0,09/26/2025,01/16/2026 05:50:47,14
1217,US4HI1KQ,View,1,09/26/2025,0,09/26/2025,01/16/2026 05:50:47,14
1218,US4HI1LM,View,1,09/26/2025,0,09/26/2025,01/16/2026 05:50:46,14
1219,US4HI1LN,View,1,09/26/2025,0,09/26/2025,01/16/2026 05:50:46,14
1220,US4HI1LO,View,1,09/26/2025,0,09/26/2025,01/16/2026 05:50:46,14
1221,US4HI1LQ,View,1,09/26/2025,0,09/26/2025,01/16/2026 05:50:46,14
1222,US4HI1MJ,View,1,09/26/2025,0,09/26/2025,01/16/2026 05:50:46,14
1223,US4HI1MK,View,1,09/26/2025,0,09/26/2025,01/16/2026 05:50:45,14
1224,US4HI1ML,View,1,09/26/2025,0,09/26/2025,01/16/2026 05:50:45,14
1225,US4HI1MM,View,1,11/14/2025,0,11/14/2025,01/16/2026 05:50:45,14
1226,US4HI1MN,View,1,09/26/2025,0,09/26/2025,01/16/2026 05:50:45,14
1227,US4HI1MO,View,1,09/26/2025,0,09/26/2025,01/16/2026 05:50:45,14
1228,US4HI1MQ,View,1,09/26/2025,0,09/26/2025,01/16/2026 05:50:44,14
1229,US4HI1NJ,View,1,09/26/2025,0,09/26/2025,01/16/2026 05:50:44,14
1230,US4HI1NK,View,1,09/26/2025,0,09/26/2025,01/16/2026 05:50:44,14
1231,US4HI1NL,View,1,09/26/2025,0,09/26/2025,01/16/2026 05:50:44,14
1232,US4HI1OC,View,1,08/12/2025,0,08/12/2025,01/16/2026 05:50:43,14
1233,US4HI1OD,View,1,08/12/2025,0,08/12/2025,01/16/2026 05:50:43,14
1234,US4HI1OE,View,1,08/12/2025,0,08/12/2025,01/16/2026 05:50:43,14
1235,US4HI1OF,View,1,08/12/2025,0,08/12/2025,01/16/2026 05:50:43,14
1236,US4HI1OG,View,1,08/12/2025,0,08/12/2025,01/16/2026 05:50:43,14
1237,US4HI1OJ,View,1,09/26/2025,0,09/26/2025,01/16/2026 05:50:43,14
1238,US4HI1OK,View,1,09/26/2025,0,09/26/2025,01/16/2026 05:50:42,14
1239,US4HI1OL,View,1,09/26/2025,0,09/26/2025,01/16/2026 05:50:42,14
1240,US4HI1PC,View,1,08/12/2025,0,08/12/2025,01/16/2026 05:50:42,14
1241,US4HI1PD,View,1,08/12/2025,0,08/12/2025,01/16/2026 05:50:42,14
1242,US4HI1PE,View,1,08/12/2025,0,08/12/2025,01/16/2026 05:50:42,14
1243,US4HI1PF,View,1,08/12/2025,0,08/12/2025,01/16/2026 05:50:42,14
1244,US4HI1PG,View,1,08/12/2025,0,08/12/2025,01/16/2026 05:50:42,14
1245,US4HI1QD,View,1,08/12/2025,0,08/12/2025,01/16/2026 05:50:41,14
1246,US4HI1QE,View,1,08/12/2025,0,08/12/2025,01/16/2026 05:50:41,14
1247,US4HI1QF,View,1,08/12/2025,0,08/12/2025,01/16/2026 05:50:41,14
1248,US4HI1QG,View,1,08/12/2025,0,08/12/2025,01/16/2026 05:50:41,14
1249,US4HI2LI,View,1,11/19/2025,0,11/19/2025,01/16/2026 05:50:41,14
1250,US4HI2LJ,View,1,11/19/2025,0,11/19/2025,01/16/2026 05:50:41,14
1251,US4HI2LK,View,1,11/19/2025,0,11/19/2025,01/16/2026 05:50:40,14
1252,US4HI2MI,View,1,11/19/2025,0,11/19/2025,01/16/2026 05:50:40,14
1253,US4HI2MJ,View,1,11/19/2025,0,11/19/2025,01/16/2026 05:50:40,14
1254,US4HI2MK,View,1,11/19/2025,0,11/19/2025,01/16/2026 05:50:37,14
1255,US4HI2OC,View,1,09/05/2025,0,09/05/2025,01/16/2026 05:50:37,14
1256,US4HI2OD,View,1,09/05/2025,0,09/05/2025,01/16/2026 05:50:37,14
1257,US4HI2OE,View,1,09/05/2025,0,09/05/2025,01/16/2026 05:50:37,14
1258,US4HI2PC,View,1,09/05/2025,0,09/05/2025,01/16/2026 05:50:36,14
1259,US4HI2PD,View,1,09/05/2025,0,09/05/2025,01/16/2026 05:50:36,14
1260,US4HI2PE,View,1,09/05/2025,0,09/05/2025,01/16/2026 05:50:36,14
1261,US4HI2QC,View,1,09/05/2025,0,09/05/2025,01/16/2026 05:50:36,14
1262,US4HI2QD,View,1,09/05/2025,0,09/05/2025,01/16/2026 05:50:36,14
1263,US4HI2QE,View,1,09/05/2025,0,09/05/2025,01/16/2026 05:50:36,14
1264,US4HI2RC,View,1,09/05/2025,0,09/05/2025,01/16/2026 05:50:35,14
1265,US4HI2RD,View,1,09/05/2025,0,09/05/2025,01/16/2026 05:50:35,14
1266,US4HI2RE,View,1,09/05/2025,0,09/05/2025,01/16/2026 05:50:35,14
1267,US4HI3HO,View,1,08/15/2025,0,08/15/2025,01/16/2026 05:50:35,14
1268,US4HI3HP,View,1,08/15/2025,0,08/15/2025,01/16/2026 05:50:34,14
1269,US4HI3HQ,View,1,08/15/2025,0,08/15/2025,01/16/2026 05:50:34,14
1270,US4HI3IO,View,1,08/15/2025,0,08/15/2025,01/16/2026 05:50:34,14
1271,US4HI3IP,View,1,08/15/2025,0,08/15/2025,01/16/2026 05:50:34,14
1272,US4HI3IQ,View,1,08/15/2025,0,08/15/2025,01/16/2026 05:50:34,14
1273,US4ID1UC,View,2,06/12/2025,0,06/12/2025,01/16/2026 05:50:33,13
1274,US4ID1VC,View,2,06/12/2025,0,06/12/2025,01/16/2026 05:50:33,13
1275,US4ID1VD,View,2,06/12/2025,0,06/12/2025,01/16/2026 05:50:33,13
1276,US4ID1WC,View,2,06/12/2025,0,06/12/2025,01/16/2026 05:50:33,13
1277,US4IL1WX,View,2,07/18/2025,0,07/18/2025,01/16/2026 05:50:33,9
1278,US4IL1XX,View,2,07/18/2025,2,12/17/2025,01/16/2026 05:50:32,9
1279,US4IL1XY,View,2,07/18/2025,1,12/17/2025,01/16/2026 05:50:32,9
1280,US4IL1YX,View,2,07/18/2025,1,12/09/2025,01/16/2026 05:50:32,9
1281,US4IL1YY,View,2,05/19/2025,0,05/19/2025,01/16/2026 05:50:32,9
1282,US4IL1YZ,View,2,05/19/2025,0,05/19/2025,01/16/2026 05:50:32,9
1283,US4IL1ZX,View,2,07/18/2025,0,07/18/2025,01/16/2026 05:50:32,9
1284,US4IL1ZY,View,2,05/19/2025,0,05/19/2025,01/16/2026 05:50:31,9
1285,US4IL1ZZ,View,2,05/19/2025,0,05/19/2025,01/16/2026 05:50:31,9
1286,US4IN1CC,View,2,07/18/2025,2,07/30/2025,01/16/2026 05:50:31,9
1287,US4IN1CD,View,3,07/24/2025,0,07/24/2025,01/16/2026 05:50:31,9
1288,US4IN1CE,View,1,12/13/2024,0,12/13/2024,01/16/2026 05:50:31,9
1289,US4IN1DD,View,2,10/04/2024,2,07/18/2025,01/16/2026 05:50:31,9
cxl,US4LA15M,View,45,04/24/2025,1,07/10/2025,01/16/2026 05:50:31,8
1290,US4LA1CI,View,2,03/18/2025,1,09/29/2025,01/16/2026 05:50:30,8
1291,US4LA1CJ,View,2,02/18/2025,0,02/18/2025,01/16/2026 05:50:30,8
1292,US4LA1CK,View,2,03/18/2025,1,12/09/2025,01/16/2026 05:50:30,8
1293,US4LA1CL,View,1,09/03/2024,1,05/30/2025,01/16/2026 05:50:30,8
1294,US4LA1CM,View,1,09/03/2024,1,05/30/2025,01/16/2026 05:50:30,8
1295,US4LA1CN,View,1,09/03/2024,1,05/30/2025,01/16/2026 05:50:29,8
1296,US4LA1CO,View,1,07/17/2024,1,05/30/2025,01/16/2026 05:50:29,8
1297,US4LA1CP,View,1,07/17/2024,1,05/30/2025,01/16/2026 05:50:29,8
1298,US4LA1CQ,View,1,02/16/2024,1,05/30/2025,01/16/2026 05:50:29,8
1299,US4LA1CR,View,2,05/08/2025,0,05/08/2025,01/16/2026 05:50:29,8
1300,US4LA1DH,View,1,09/03/2024,1,03/26/2025,01/16/2026 05:50:29,8
1301,US4LA1DI,View,2,02/25/2025,1,03/18/2025,01/16/2026 05:50:28,8
1302,US4LA1DJ,View,1,09/03/2024,2,03/26/2025,01/16/2026 05:50:28,8
1303,US4LA1DK,View,2,03/18/2025,1,11/20/2025,01/16/2026 05:50:28,8
1304,US4LA1DL,View,1,03/28/2025,0,03/28/2025,01/16/2026 05:50:28,8
1305,US4LA1DM,View,1,03/27/2025,2,12/18/2025,01/16/2026 05:50:27,8
1306,US4LA1DN,View,2,12/12/2025,0,12/12/2025,01/16/2026 05:50:27,8
1307,US4LA1DO,View,3,09/26/2025,2,12/04/2025,01/16/2026 05:50:27,8
1308,US4LA1DP,View,3,09/26/2025,0,09/26/2025,01/16/2026 05:50:27,8
1309,US4LA1DQ,View,1,02/16/2024,2,06/25/2025,01/16/2026 05:50:26,8
1310,US4LA1DR,View,2,05/08/2025,0,05/08/2025,01/16/2026 05:50:26,8
1311,US4LA1EA,View,1,09/03/2024,1,03/26/2025,01/16/2026 05:50:26,8
1312,US4LA1EB,View,1,09/03/2024,1,03/26/2025,01/16/2026 05:50:26,8
1313,US4LA1EC,View,1,04/11/2025,0,04/11/2025,01/16/2026 05:50:26,8
1314,US4LA1ED,View,1,09/03/2024,3,03/26/2025,01/16/2026 05:50:25,8
1315,US4LA1EE,View,1,09/03/2024,4,03/26/2025,01/16/2026 05:50:25,8
1316,US4LA1EF,View,1,09/03/2024,1,03/26/2025,01/16/2026 05:50:25,8
1317,US4LA1EG,View,1,09/04/2024,1,03/26/2025,01/16/2026 05:50:25,8
1318,US4LA1EH,View,1,09/30/2024,1,03/26/2025,01/16/2026 05:50:24,8
1319,US4LA1EI,View,3,06/05/2025,0,06/05/2025,01/16/2026 05:50:24,8
1320,US4LA1EJ,View,2,02/25/2025,1,09/22/2025,01/16/2026 05:50:24,8
1321,US4LA1EK,View,1,03/28/2025,1,07/11/2025,01/16/2026 05:50:24,8
1322,US4LA1EL,View,1,03/28/2025,2,01/13/2026,01/16/2026 05:50:23,8
1323,US4LA1EM,View,1,03/27/2025,2,06/10/2025,01/16/2026 05:50:23,8
1324,US4LA1EN,View,2,02/25/2025,2,09/29/2025,01/16/2026 05:50:23,8
1325,US4LA1EO,View,3,08/15/2025,1,01/13/2026,01/16/2026 05:50:23,8
1326,US4LA1EP,View,3,09/26/2025,4,01/13/2026,01/16/2026 05:50:22,8
1327,US4LA1EQ,View,2,12/09/2024,1,05/30/2025,01/16/2026 05:50:22,8
1328,US4LA1ER,View,3,05/09/2025,1,08/07/2025,01/16/2026 05:50:22,8
1329,US4LA1FA,View,1,04/11/2025,3,11/05/2025,01/16/2026 05:50:21,8
1330,US4LA1FB,View,1,04/11/2025,1,06/09/2025,01/16/2026 05:50:21,8
1331,US4LA1FC,View,1,04/11/2025,2,07/11/2025,01/16/2026 05:50:21,8
1332,US4LA1FD,View,2,11/26/2025,0,11/26/2025,01/16/2026 05:50:21,8
1333,US4LA1FE,View,1,09/03/2024,3,09/22/2025,01/16/2026 05:50:21,8
1334,US4LA1FF,View,1,09/03/2024,3,10/22/2025,01/16/2026 05:50:20,8
1335,US4LA1FG,View,1,09/03/2024,1,03/26/2025,01/16/2026 05:50:20,8
1336,US4LA1FH,View,1,09/30/2024,1,03/26/2025,01/16/2026 05:50:20,8
1337,US4LA1FI,View,3,06/05/2025,5,01/13/2026,01/16/2026 05:50:20,8
1338,US4LA1FJ,View,1,09/30/2024,3,12/03/2025,01/16/2026 05:50:19,8
1339,US4LA1FK,View,2,09/03/2025,2,12/12/2025,01/16/2026 05:50:19,8
1340,US4LA1FL,View,1,03/28/2025,0,03/28/2025,01/16/2026 05:50:19,8
1341,US4LA1FM,View,1,03/28/2025,0,03/28/2025,01/16/2026 05:50:19,8
1342,US4LA1FN,View,2,06/25/2025,5,01/13/2026,01/16/2026 05:50:18,8
1343,US4LA1FO,View,1,04/11/2025,4,01/13/2026,01/16/2026 05:50:18,8
1344,US4LA1FP,View,4,10/08/2025,2,11/12/2025,01/16/2026 05:50:18,8
1345,US4LA1FQ,View,1,02/16/2024,1,05/30/2025,01/16/2026 05:50:17,8
1346,US4LA1FR,View,3,05/09/2025,0,05/09/2025,01/16/2026 05:50:17,8
1347,US4LA1GA,View,1,04/30/2025,1,07/10/2025,01/16/2026 05:50:17,8
1348,US4LA1GB,View,3,09/17/2025,1,10/15/2025,01/16/2026 05:50:17,8
1349,US4LA1GC,View,1,04/30/2025,1,07/11/2025,01/16/2026 05:50:16,8
1350,US4LA1GD,View,1,04/30/2025,2,09/29/2025,01/16/2026 05:50:16,8
1351,US4LA1GE,View,1,04/23/2025,0,04/23/2025,01/16/2026 05:50:16,8
1352,US4LA1GF,View,1,04/23/2025,0,04/23/2025,01/16/2026 05:50:16,8
1353,US4LA1GG,View,1,04/23/2025,2,07/28/2025,01/16/2026 05:50:15,8
1354,US4LA1GH,View,1,04/23/2025,2,11/25/2025,01/16/2026 05:50:15,8
1355,US4LA1GI,View,2,04/23/2025,1,01/13/2026,01/16/2026 05:50:15,8
1356,US4LA1GJ,View,1,09/30/2024,1,12/03/2025,01/16/2026 05:50:15,8
1357,US4LA1GK,View,1,03/28/2025,2,01/13/2026,01/16/2026 05:50:14,8
1358,US4LA1GL,View,2,06/11/2025,2,01/13/2026,01/16/2026 05:50:14,8
1359,US4LA1GM,View,2,06/11/2025,6,01/13/2026,01/16/2026 05:50:14,8
1360,US4LA1GN,View,2,08/15/2025,2,01/13/2026,01/16/2026 05:50:13,8
1361,US4LA1GO,View,1,05/01/2024,4,01/15/2025,01/16/2026 05:50:13,8
1362,US4LA1GP,View,1,05/01/2024,1,07/16/2024,01/16/2026 05:50:13,8
1363,US4LA1GQ,View,1,02/16/2024,1,05/30/2025,01/16/2026 05:50:13,8
1364,US4LA1GR,View,2,05/09/2025,0,05/09/2025,01/16/2026 05:50:13,8
1365,US4LA1GS,View,2,05/09/2025,1,10/29/2025,01/16/2026 05:50:12,8
1366,US4LA1HB,View,2,10/08/2025,2,01/13/2026,01/16/2026 05:50:12,8
1367,US4LA1HC,View,1,04/30/2025,2,11/21/2025,01/16/2026 05:50:12,8
1368,US4LA1HD,View,1,06/12/2024,1,08/23/2024,01/16/2026 05:50:12,8
1369,US4LA1HE,View,1,06/12/2024,1,08/23/2024,01/16/2026 05:50:11,8
1370,US4LA1HF,View,1,06/12/2024,0,06/12/2024,01/16/2026 05:50:11,8
1371,US4LA1HG,View,1,06/12/2024,0,06/12/2024,01/16/2026 05:50:11,8
1372,US4LA1HH,View,1,06/12/2024,0,06/12/2024,01/16/2026 05:50:11,8
1373,US4LA1HI,View,1,05/13/2025,1,01/13/2026,01/16/2026 05:50:11,8
1374,US4LA1HJ,View,2,06/11/2025,3,01/13/2026,01/16/2026 05:50:10,8
1375,US4LA1HK,View,3,10/02/2025,1,01/13/2026,01/16/2026 05:50:10,8
1376,US4LA1HL,View,1,05/12/2025,2,01/13/2026,01/16/2026 05:50:10,8
1377,US4LA1HM,View,2,01/05/2026,0,01/05/2026,01/16/2026 05:50:10,8
1378,US4LA1HO,View,2,10/02/2025,1,11/12/2025,01/16/2026 05:50:10,8
1379,US4LA1HP,View,3,12/04/2025,0,12/04/2025,01/16/2026 05:50:09,8
1380,US4LA1HQ,View,2,02/12/2025,2,07/01/2025,01/16/2026 05:50:09,8
1381,US4LA1IC,View,1,06/12/2024,0,06/12/2024,01/16/2026 05:50:09,8
1382,US4LA1ID,View,1,06/12/2024,0,06/12/2024,01/16/2026 05:50:09,8
1383,US4LA1IH,View,1,06/12/2024,0,06/12/2024,01/16/2026 05:50:09,8
1384,US4LA1II,View,3,09/09/2025,1,01/13/2026,01/16/2026 05:50:08,8
1385,US4LA1IJ,View,3,09/09/2025,1,01/13/2026,01/16/2026 05:50:08,8
1386,US4LA1IL,View,1,06/12/2024,2,07/02/2025,01/16/2026 05:50:08,8
1387,US4LA1IM,View,2,10/04/2024,1,08/21/2025,01/16/2026 05:50:08,8
1388,US4LA1IN,View,1,06/12/2024,0,06/12/2024,01/16/2026 05:50:08,8
1389,US4LA1JG,View,1,06/12/2024,0,06/12/2024,01/16/2026 05:50:08,8
1390,US4LA1JH,View,1,06/12/2024,0,06/12/2024,01/16/2026 05:50:07,8
1391,US4LA1KG,View,1,06/12/2024,0,06/12/2024,01/16/2026 05:50:07,8
1392,US4LA1KH,View,2,10/31/2024,0,10/31/2024,01/16/2026 05:50:07,8
cxl,US4LA21M,View,49,04/24/2025,1,07/10/2025,01/16/2026 05:50:07,8
1393,US4MA1BD,View,1,04/11/2024,3,07/07/2025,01/16/2026 05:50:07,1
1394,US4MA1CC,View,1,02/23/2024,27,11/21/2025,01/16/2026 05:50:07,1
1395,US4MA1CD,View,1,04/11/2024,16,09/26/2025,01/16/2026 05:50:06,1
1396,US4MA1CE,View,1,04/11/2024,29,12/30/2025,01/16/2026 05:50:06,1
1397,US4MA1DC,View,2,05/15/2024,25,11/18/2025,01/16/2026 05:50:05,1
1398,US4MA1DD,View,1,10/09/2024,6,09/19/2025,01/16/2026 05:50:05,1
1399,US4MA1DE,View,1,07/30/2024,9,07/07/2025,01/16/2026 05:50:04,1
1400,US4MA1DF,View,1,07/30/2024,0,07/30/2024,01/16/2026 05:50:04,1
1401,US4MA1DG,View,2,04/29/2024,0,04/29/2024,01/16/2026 05:50:04,1
1402,US4MA1EC,View,1,05/15/2024,11,09/12/2025,01/16/2026 05:50:03,1
1403,US4MA1ED,View,1,10/09/2024,4,12/11/2025,01/16/2026 05:50:02,1
1404,US4MA1EE,View,1,09/12/2024,5,05/29/2025,01/16/2026 05:50:02,1
1405,US4MA1EF,View,2,10/18/2024,8,09/12/2025,01/16/2026 05:50:02,1
1406,US4MA1EG,View,2,04/29/2024,0,04/29/2024,01/16/2026 05:50:02,1
1407,US4MA1FC,View,1,12/13/2024,0,12/13/2024,01/16/2026 05:50:01,1
1408,US4MA1FD,View,1,12/09/2024,2,08/29/2025,01/16/2026 05:50:01,1
1409,US4MA1FE,View,1,12/09/2024,5,08/29/2025,01/16/2026 05:50:01,1
1410,US4MA1FF,View,1,12/09/2024,2,08/11/2025,01/16/2026 05:50:00,1
1411,US4MA1FG,View,2,04/29/2024,0,04/29/2024,01/16/2026 05:50:00,1
1412,US4MA1GC,View,1,09/04/2024,0,09/04/2024,01/16/2026 05:50:00,1
1413,US4MA1GD,View,1,12/09/2024,1,09/19/2025,01/16/2026 05:50:00,1
1414,US4MA1GE,View,1,12/09/2024,1,11/12/2025,01/16/2026 05:50:00,1
1415,US4MA1GF,View,1,12/09/2024,1,12/30/2024,01/16/2026 05:49:59,1
1416,US4MA1GG,View,1,11/22/2024,0,11/22/2024,01/16/2026 05:49:59,1
1417,US4MA1HC,View,1,09/04/2024,5,08/29/2025,01/16/2026 05:49:59,1
1418,US4MA1HD,View,1,04/29/2024,7,09/19/2025,01/16/2026 05:49:59,1
1419,US4MA1HE,View,1,04/29/2024,0,04/29/2024,01/16/2026 05:49:58,1
1420,US4MA1HF,View,1,11/22/2024,0,11/22/2024,01/16/2026 05:49:58,1
1421,US4MA1IC,View,1,06/05/2024,4,10/01/2025,01/16/2026 05:49:58,1
1422,US4MA1ID,View,1,06/05/2024,5,08/29/2025,01/16/2026 05:49:58,1
1423,US4MA1IE,View,1,06/05/2024,0,06/05/2024,01/16/2026 05:49:57,1
1424,US4MA1IF,View,1,06/05/2024,0,06/05/2024,01/16/2026 05:49:57,1
1425,US4MD1EC,View,1,07/22/2025,0,07/22/2025,01/16/2026 05:49:57,5
1426,US4MD1ED,View,1,07/22/2025,4,12/12/2025,01/16/2026 05:49:57,5
1427,US4MD1FC,View,1,07/22/2025,0,07/22/2025,01/16/2026 05:49:56,5
1428,US4MD1FD,View,1,07/22/2025,2,10/03/2025,01/16/2026 05:49:56,5
1429,US4MD20M,View,40,11/25/2024,16,12/31/2025,01/16/2026 05:49:56,5
1430,US4MD40M,View,21,01/29/2024,18,11/21/2025,01/16/2026 05:49:55,5
1431,US4MD80M,View,9,01/07/2025,0,01/07/2025,01/16/2026 05:49:55,5
1432,US4MD81M,View,31,07/22/2025,6,12/22/2025,01/16/2026 05:49:55,5
1433,US4MD82M,View,34,07/22/2025,0,07/22/2025,01/16/2026 05:49:54,5
1434,US4ME1AB,View,1,06/05/2024,0,06/05/2024,01/16/2026 05:49:54,1
1435,US4ME1AC,View,1,06/05/2024,4,12/22/2025,01/16/2026 05:49:54,1
1436,US4ME1AD,View,1,06/05/2024,1,01/09/2026,01/16/2026 05:49:53,1
1437,US4ME1AE,View,1,06/05/2024,0,06/05/2024,01/16/2026 05:49:53,1
1438,US4ME1BC,View,1,07/17/2024,5,10/22/2025,01/16/2026 05:49:53,1
1439,US4ME1BD,View,1,07/17/2024,5,05/07/2025,01/16/2026 05:49:53,1
1440,US4ME1BE,View,1,07/17/2024,6,12/11/2025,01/16/2026 05:49:52,1
1441,US4ME1BF,View,1,07/17/2024,2,10/08/2025,01/16/2026 05:49:52,1
1442,US4ME1CD,View,1,07/17/2024,0,07/17/2024,01/16/2026 05:49:51,1
1443,US4ME1CE,View,2,05/13/2025,2,07/22/2025,01/16/2026 05:49:51,1
1444,US4ME1CF,View,1,07/17/2024,3,11/18/2025,01/16/2026 05:49:51,1
1445,US4ME1CG,View,1,11/15/2024,2,07/01/2025,01/16/2026 05:49:50,1
1446,US4ME1CH,View,1,11/15/2024,5,01/08/2026,01/16/2026 05:49:50,1
1447,US4ME1CI,View,1,11/15/2024,0,11/15/2024,01/16/2026 05:49:49,1
1448,US4ME1CJ,View,1,06/26/2024,0,06/26/2024,01/16/2026 05:49:49,1
1449,US4ME1CK,View,1,06/26/2024,0,06/26/2024,01/16/2026 05:49:49,1
1450,US4ME1DE,View,1,07/17/2024,0,07/17/2024,01/16/2026 05:49:49,1
1451,US4ME1DG,View,1,11/15/2024,0,11/15/2024,01/16/2026 05:49:48,1
1452,US4ME1DH,View,1,11/15/2024,3,08/22/2025,01/16/2026 05:49:48,1
1453,US4ME1DI,View,2,01/12/2026,0,01/12/2026,01/16/2026 05:49:48,1
1454,US4ME1DJ,View,1,06/26/2024,7,04/22/2025,01/16/2026 05:49:47,1
1455,US4ME1DK,View,1,06/26/2024,1,01/23/2025,01/16/2026 05:49:47,1
1456,US4ME1DL,View,1,06/26/2024,0,06/26/2024,01/16/2026 05:49:47,1
1457,US4ME1DM,View,1,06/26/2024,1,03/21/2025,01/16/2026 05:49:47,1
1458,US4ME1EG,View,1,11/15/2024,0,11/15/2024,01/16/2026 05:49:46,1
1459,US4ME1EH,View,1,11/15/2024,3,07/16/2025,01/16/2026 05:49:46,1
1460,US4ME1EI,View,1,11/15/2024,3,07/25/2025,01/16/2026 05:49:46,1
1461,US4ME1EJ,View,1,06/27/2024,1,11/25/2025,01/16/2026 05:49:46,1
1462,US4ME1EK,View,1,06/26/2024,1,11/12/2024,01/16/2026 05:49:46,1
1463,US4ME1EL,View,1,06/26/2024,1,11/18/2025,01/16/2026 05:49:46,1
1464,US4ME1EM,View,1,06/26/2024,0,06/26/2024,01/16/2026 05:49:45,1
1465,US4ME1FH,View,1,11/15/2024,1,07/16/2025,01/16/2026 05:49:45,1
1466,US4ME1FM,View,1,06/26/2024,0,06/26/2024,01/16/2026 05:49:45,1
1467,US4MI1AH,View,1,03/08/2024,2,01/07/2026,01/16/2026 05:49:44,9
1468,US4MI1AI,View,2,08/06/2025,4,12/31/2025,01/16/2026 05:49:44,9
1469,US4MI1BI,View,1,03/08/2024,4,09/11/2025,01/16/2026 05:49:44,9
1470,US4MI1BJ,View,2,04/22/2025,0,04/22/2025,01/16/2026 05:49:44,9
1471,US4MI1BK,View,1,03/18/2024,0,03/18/2024,01/16/2026 05:49:43,9
1472,US4MI1CI,View,1,11/22/2023,0,11/22/2023,01/16/2026 05:49:43,9
1473,US4MI1CJ,View,2,07/26/2024,8,12/17/2025,01/16/2026 05:49:43,9
1474,US4MI1CK,View,2,07/26/2024,9,09/18/2025,01/16/2026 05:49:43,9
1475,US4MI1CL,View,1,03/18/2024,0,03/18/2024,01/16/2026 05:49:42,9
1476,US4MI1DJ,View,1,11/22/2023,1,08/20/2025,01/16/2026 05:49:42,9
1477,US4MI1DK,View,2,07/26/2024,4,01/02/2026,01/16/2026 05:49:42,9
1478,US4MI1DL,View,2,07/26/2024,2,12/22/2025,01/16/2026 05:49:42,9
1479,US4MI1EK,View,2,05/20/2025,0,05/20/2025,01/16/2026 05:49:41,9
1480,US4MI1EL,View,2,08/14/2024,4,12/22/2025,01/16/2026 05:49:41,9
1481,US4MI1FG,View,1,10/19/2023,0,10/19/2023,01/16/2026 05:49:41,9
1482,US4MI1FK,View,2,05/20/2025,1,07/18/2025,01/16/2026 05:49:41,9
1483,US4MI1FL,View,2,08/14/2024,0,08/14/2024,01/16/2026 05:49:41,9
1484,US4MI1FM,View,2,08/14/2024,0,08/14/2024,01/16/2026 05:49:41,9
1485,US4MI1GG,View,1,10/19/2023,1,03/21/2024,01/16/2026 05:49:40,9
1486,US4MI1GH,View,1,10/19/2023,0,10/19/2023,01/16/2026 05:49:40,9
1487,US4MI1GK,View,2,05/20/2025,0,05/20/2025,01/16/2026 05:49:40,9
1488,US4MI1GL,View,2,05/20/2025,0,05/20/2025,01/16/2026 05:49:40,9
1489,US4MI1GM,View,2,08/14/2024,0,08/14/2024,01/16/2026 05:49:40,9
1490,US4MI1HG,View,1,10/19/2023,0,10/19/2023,01/16/2026 05:49:39,9
1491,US4MI1HH,View,1,10/19/2023,0,10/19/2023,01/16/2026 05:49:39,9
1492,US4MI1HI,View,1,10/19/2023,1,04/24/2025,01/16/2026 05:49:39,9
1493,US4MI1HJ,View,1,10/19/2023,1,04/17/2024,01/16/2026 05:49:39,9
1494,US4MI1HK,View,2,06/10/2025,0,06/10/2025,01/16/2026 05:49:39,9
1495,US4MI1HL,View,2,08/14/2024,0,08/14/2024,01/16/2026 05:49:38,9
1496,US4MI1HM,View,2,08/14/2024,0,08/14/2024,01/16/2026 05:49:38,9
1497,US4MI1IH,View,1,10/19/2023,1,04/24/2025,01/16/2026 05:49:38,9
1498,US4MI1II,View,1,10/19/2023,0,10/19/2023,01/16/2026 05:49:38,9
1499,US4MI1IJ,View,1,10/19/2023,0,10/19/2023,01/16/2026 05:49:38,9
1500,US4MI1IK,View,2,06/10/2025,0,06/10/2025,01/16/2026 05:49:37,9
1501,US4MI1IL,View,2,08/14/2024,0,08/14/2024,01/16/2026 05:49:37,9
1502,US4MI1JI,View,1,01/25/2024,0,01/25/2024,01/16/2026 05:49:37,9
1503,US4MI1JJ,View,1,10/20/2023,0,10/20/2023,01/16/2026 05:49:37,9
1504,US4MI1JK,View,2,06/10/2025,0,06/10/2025,01/16/2026 05:49:37,9
1505,US4MI1JL,View,2,08/14/2024,0,08/14/2024,01/16/2026 05:49:37,9
1506,US4MI1KH,View,1,01/25/2024,0,01/25/2024,01/16/2026 05:49:36,9
1507,US4MI1KI,View,1,01/25/2024,2,08/07/2024,01/16/2026 05:49:36,9
1508,US4MI1KJ,View,1,10/20/2023,0,10/20/2023,01/16/2026 05:49:36,9
1509,US4MI1KK,View,2,06/10/2025,0,06/10/2025,01/16/2026 05:49:36,9
1510,US4MI1KL,View,2,08/14/2024,0,08/14/2024,01/16/2026 05:49:36,9
1511,US4MI1LH,View,4,02/25/2025,0,02/25/2025,01/16/2026 05:49:35,9
1512,US4MI1LI,View,3,08/07/2024,1,11/25/2025,01/16/2026 05:49:35,9
1513,US4MI1LJ,View,1,10/20/2023,0,10/20/2023,01/16/2026 05:49:35,9
1514,US4MI1LK,View,2,08/14/2024,0,08/14/2024,01/16/2026 05:49:35,9
1515,US4MI1LL,View,2,08/14/2024,0,08/14/2024,01/16/2026 05:49:35,9
1516,US4MI1MD,View,1,03/05/2024,1,09/12/2024,01/16/2026 05:49:34,9
1517,US4MI1ME,View,1,09/12/2024,0,09/12/2024,01/16/2026 05:49:34,9
1518,US4MI1MF,View,1,06/25/2024,1,09/12/2024,01/16/2026 05:49:34,9
1519,US4MI1MG,View,1,06/25/2024,0,06/25/2024,01/16/2026 05:49:34,9
1520,US4MI1MH,View,2,05/08/2024,0,05/08/2024,01/16/2026 05:49:33,9
1521,US4MI1MI,View,2,05/08/2024,1,02/27/2025,01/16/2026 05:49:33,9
1522,US4MI1MJ,View,2,07/25/2024,0,07/25/2024,01/16/2026 05:49:33,9
1523,US4MI1MK,View,2,08/14/2024,0,08/14/2024,01/16/2026 05:49:33,9
1524,US4MI1ND,View,1,03/05/2024,5,12/17/2025,01/16/2026 05:49:33,9
1525,US4MI1NE,View,1,09/12/2024,1,12/11/2025,01/16/2026 05:49:32,9
1526,US4MI1NF,View,1,06/25/2024,2,11/24/2025,01/16/2026 05:49:32,9
1527,US4MI1NG,View,1,06/25/2024,0,06/25/2024,01/16/2026 05:49:32,9
1528,US4MI1NH,View,2,07/25/2024,0,07/25/2024,01/16/2026 05:49:32,9
1529,US4MI1NI,View,2,07/25/2024,0,07/25/2024,01/16/2026 05:49:32,9
1530,US4MI1NJ,View,1,10/30/2024,0,10/30/2024,01/16/2026 05:49:32,9
1531,US4MI1OD,View,1,03/05/2024,0,03/05/2024,01/16/2026 05:49:31,9
1532,US4MI1OE,View,1,09/12/2024,3,12/01/2025,01/16/2026 05:49:31,9
1533,US4MI1OF,View,1,06/25/2024,1,02/27/2025,01/16/2026 05:49:31,9
1534,US4MI1OG,View,1,06/25/2024,4,12/17/2025,01/16/2026 05:49:31,9
1535,US4MI1OH,View,1,06/25/2024,0,06/25/2024,01/16/2026 05:49:30,9
1536,US4MI1PD,View,2,04/26/2024,0,04/26/2024,01/16/2026 05:49:30,9
1537,US4MI1PE,View,3,04/26/2024,7,11/28/2025,01/16/2026 05:49:30,9
1538,US4MI1PF,View,2,04/26/2024,11,08/06/2025,01/16/2026 05:49:29,9
1539,US4MI2AM,View,1,12/13/2024,3,12/05/2025,01/16/2026 05:49:29,9
1540,US4MI2AN,View,1,09/12/2024,1,07/18/2025,01/16/2026 05:49:29,9
1541,US4MI2BM,View,2,06/06/2025,0,06/06/2025,01/16/2026 05:49:29,9
1542,US4MI2BN,View,1,09/12/2024,2,08/20/2025,01/16/2026 05:49:29,9
1543,US4MI2BO,View,1,09/12/2024,0,09/12/2024,01/16/2026 05:49:28,9
1544,US4MI2CM,View,2,06/06/2025,0,06/06/2025,01/16/2026 05:49:28,9
1545,US4MI2CN,View,2,06/06/2025,0,06/06/2025,01/16/2026 05:49:28,9
1546,US4MI2CO,View,1,09/12/2024,0,09/12/2024,01/16/2026 05:49:28,9
1547,US4MI2DM,View,2,06/06/2025,0,06/06/2025,01/16/2026 05:49:28,9
1548,US4MI2DN,View,2,06/06/2025,0,06/06/2025,01/16/2026 05:49:28,9
1549,US4MI2DO,View,1,09/12/2024,3,09/18/2025,01/16/2026 05:49:28,9
1550,US4MI2EM,View,2,07/25/2025,0,07/25/2025,01/16/2026 05:49:27,9
1551,US4MI2EN,View,2,07/25/2025,0,07/25/2025,01/16/2026 05:49:27,9
1552,US4MI2EO,View,1,11/18/2024,2,09/12/2025,01/16/2026 05:49:23,9
1553,US4MI2FM,View,2,07/25/2025,0,07/25/2025,01/16/2026 05:49:23,9
1554,US4MI2FN,View,1,10/16/2024,1,04/24/2025,01/16/2026 05:49:23,9
1555,US4MI2FO,View,1,10/16/2024,2,07/14/2025,01/16/2026 05:49:23,9
1556,US4MI2GM,View,2,07/25/2025,0,07/25/2025,01/16/2026 05:49:23,9
1557,US4MI2GN,View,1,10/16/2024,0,10/16/2024,01/16/2026 05:49:22,9
1558,US4MI2HM,View,2,07/25/2025,0,07/25/2025,01/16/2026 05:49:22,9
1559,US4MI2HN,View,1,10/16/2024,3,06/20/2025,01/16/2026 05:49:22,9
1560,US4MI2IM,View,2,07/25/2025,0,07/25/2025,01/16/2026 05:49:22,9
1561,US4MI2IN,View,1,10/16/2024,0,10/16/2024,01/16/2026 05:49:22,9
1562,US4MI2IO,View,1,10/16/2024,2,09/12/2025,01/16/2026 05:49:22,9
1563,US4MI2JM,View,2,07/25/2025,0,07/25/2025,01/16/2026 05:49:21,9
1564,US4MI2JN,View,2,07/25/2025,0,07/25/2025,01/16/2026 05:49:21,9
1565,US4MI2JO,View,1,11/18/2024,0,11/18/2024,01/16/2026 05:49:21,9
1566,US4MI2KN,View,2,07/25/2025,0,07/25/2025,01/16/2026 05:49:21,9
1567,US4MI2KO,View,1,09/26/2024,0,09/26/2024,01/16/2026 05:49:21,9
1568,US4MI2KP,View,1,09/26/2024,0,09/26/2024,01/16/2026 05:49:21,9
1569,US4MI2KQ,View,1,09/26/2024,1,10/28/2024,01/16/2026 05:49:21,9
1570,US4MI2KR,View,1,09/26/2024,0,09/26/2024,01/16/2026 05:49:20,9
1571,US4MI2LK,View,1,08/17/2023,1,05/21/2024,01/16/2026 05:49:20,9
1572,US4MI2LN,View,2,07/25/2025,0,07/25/2025,01/16/2026 05:49:20,9
1573,US4MI2LO,View,1,09/26/2024,0,09/26/2024,01/16/2026 05:49:20,9
1574,US4MI2LP,View,1,09/26/2024,0,09/26/2024,01/16/2026 05:49:20,9
1575,US4MI2LQ,View,1,09/26/2024,0,09/26/2024,01/16/2026 05:49:20,9
1576,US4MI2LR,View,1,03/05/2024,1,09/26/2024,01/16/2026 05:49:19,9
1577,US4MI2LS,View,1,03/05/2024,0,03/05/2024,01/16/2026 05:49:19,9
1578,US4MI2MK,View,1,08/17/2023,2,11/26/2025,01/16/2026 05:49:19,9
1579,US4MI2ML,View,2,09/17/2025,0,09/17/2025,01/16/2026 05:49:19,9
1580,US4MI2MN,View,2,09/17/2025,0,09/17/2025,01/16/2026 05:49:19,9
1581,US4MI2MO,View,2,09/17/2025,0,09/17/2025,01/16/2026 05:49:19,9
1582,US4MI2MP,View,1,09/26/2024,1,06/20/2025,01/16/2026 05:49:18,9
1583,US4MI2MQ,View,1,09/26/2024,0,09/26/2024,01/16/2026 05:49:18,9
1584,US4MI2MR,View,1,03/05/2024,0,03/05/2024,01/16/2026 05:49:18,9
1585,US4MI2MS,View,1,03/05/2024,1,10/28/2024,01/16/2026 05:49:18,9
1586,US4MI2NL,View,2,09/17/2025,0,09/17/2025,01/16/2026 05:49:18,9
1587,US4MI2NM,View,3,09/17/2025,0,09/17/2025,01/16/2026 05:49:17,9
1588,US4MI2NN,View,2,09/17/2025,0,09/17/2025,01/16/2026 05:49:17,9
1589,US4MI2NO,View,2,09/17/2025,0,09/17/2025,01/16/2026 05:49:17,9
1590,US4MI2NP,View,2,09/17/2025,0,09/17/2025,01/16/2026 05:49:17,9
1591,US4MI2NQ,View,2,09/17/2025,0,09/17/2025,01/16/2026 05:49:16,9
1592,US4MI2NR,View,2,09/17/2025,0,09/17/2025,01/16/2026 05:49:16,9
1593,US4MI2NS,View,3,09/17/2025,0,09/17/2025,01/16/2026 05:49:16,9
1594,US4MI2OM,View,2,01/05/2026,0,01/05/2026,01/16/2026 05:49:16,9
1595,US4MI2ON,View,2,01/05/2026,0,01/05/2026,01/16/2026 05:49:16,9
1596,US4MI2OO,View,2,01/05/2026,0,01/05/2026,01/16/2026 05:49:16,9
1597,US4MI2OP,View,2,01/05/2026,0,01/05/2026,01/16/2026 05:49:15,9
1598,US4MI2OQ,View,2,01/05/2026,0,01/05/2026,01/16/2026 05:49:15,9
1599,US4MI2OR,View,2,01/05/2026,0,01/05/2026,01/16/2026 05:49:15,9
1600,US4MI2OS,View,2,01/05/2026,0,01/05/2026,01/16/2026 05:49:15,9
1601,US4MI2PK,View,1,03/02/2020,1,12/06/2022,01/16/2026 05:49:15,9
1602,US4MI2PL,View,2,09/13/2022,0,09/13/2022,01/16/2026 05:49:15,9
1603,US4MI2PM,View,2,09/26/2022,0,09/26/2022,01/16/2026 05:49:14,9
1604,US4MI2PN,View,2,10/12/2022,1,11/16/2022,01/16/2026 05:49:14,9
1605,US4MI2PS,View,1,11/10/2020,1,10/14/2022,01/16/2026 05:49:14,9
1606,US4MI2QB,View,1,05/15/2020,2,06/09/2021,01/16/2026 05:49:14,9
1607,US4MI2QC,View,1,05/15/2020,0,05/15/2020,01/16/2026 05:49:14,9
1608,US4MI2QH,View,1,12/08/2020,0,12/08/2020,01/16/2026 05:49:14,9
1609,US4MI2QJ,View,1,02/26/2020,1,12/06/2022,01/16/2026 05:49:14,9
1610,US4MI2QK,View,4,02/03/2023,3,06/06/2025,01/16/2026 05:49:13,9
1611,US4MI2QL,View,2,11/10/2022,0,11/10/2022,01/16/2026 05:49:13,9
1612,US4MI2QM,View,1,10/28/2020,1,11/15/2022,01/16/2026 05:49:13,9
1613,US4MI2QN,View,2,01/20/2023,1,06/07/2023,01/16/2026 05:49:13,9
1614,US4MI2QO,View,2,11/16/2022,0,11/16/2022,01/16/2026 05:49:13,9
1615,US4MI2QP,View,3,11/17/2022,0,11/17/2022,01/16/2026 05:49:12,9
1616,US4MI2QQ,View,1,11/10/2020,1,11/18/2022,01/16/2026 05:49:12,9
1617,US4MI2QR,View,2,11/21/2022,1,04/24/2025,01/16/2026 05:49:12,9
1618,US4MI2QS,View,1,11/10/2020,2,05/12/2023,01/16/2026 05:49:12,9
1619,US4MI2QT,View,4,06/13/2024,1,03/28/2025,01/16/2026 05:49:11,9
1620,US4MI2QU,View,3,04/26/2024,5,07/11/2025,01/16/2026 05:49:11,9
1621,US4MI2QV,View,2,04/26/2024,2,08/06/2025,01/16/2026 05:49:11,9
1622,US4MI2RB,View,1,05/15/2020,0,05/15/2020,01/16/2026 05:49:11,9
1623,US4MI2RC,View,1,05/15/2020,0,05/15/2020,01/16/2026 05:49:11,9
1624,US4MI2RD,View,1,05/15/2020,0,05/15/2020,01/16/2026 05:49:10,9
1625,US4MI2RE,View,1,05/15/2020,8,07/30/2025,01/16/2026 05:49:10,9
1626,US4MI2RF,View,1,12/08/2020,1,12/05/2022,01/16/2026 05:49:10,9
1627,US4MI2RG,View,1,12/08/2020,0,12/08/2020,01/16/2026 05:49:10,9
1628,US4MI2RH,View,2,09/18/2024,0,09/18/2024,01/16/2026 05:49:10,9
1629,US4MI2RI,View,1,02/28/2020,1,12/07/2022,01/16/2026 05:49:09,9
1630,US4MI2RJ,View,3,01/10/2023,1,03/27/2025,01/16/2026 05:49:09,9
1631,US4MI2RK,View,2,03/27/2020,1,12/09/2022,01/16/2026 05:49:09,9
1632,US4MI2RL,View,1,12/28/2020,0,12/28/2020,01/16/2026 05:49:09,9
1633,US4MI2RM,View,1,12/28/2020,0,12/28/2020,01/16/2026 05:49:09,9
1634,US4MI2RN,View,2,05/24/2023,2,05/07/2025,01/16/2026 05:49:08,9
1635,US4MI2RO,View,1,12/28/2020,0,12/28/2020,01/16/2026 05:49:08,9
1636,US4MI2RP,View,1,12/28/2020,0,12/28/2020,01/16/2026 05:49:08,9
1637,US4MI2RQ,View,1,01/04/2021,0,01/04/2021,01/16/2026 05:49:08,9
1638,US4MI2RR,View,2,04/23/2024,0,04/23/2024,01/16/2026 05:49:08,9
1639,US4MI2RS,View,2,04/23/2024,0,04/23/2024,01/16/2026 05:49:08,9
1640,US4MI2RT,View,4,06/13/2024,2,10/31/2025,01/16/2026 05:49:08,9
1641,US4MI2SE,View,1,12/08/2020,0,12/08/2020,01/16/2026 05:49:07,9
1642,US4MI2SF,View,2,11/18/2022,0,11/18/2022,01/16/2026 05:49:07,9
1643,US4MI2SG,View,1,12/08/2020,2,07/30/2025,01/16/2026 05:49:07,9
1644,US4MI2SH,View,2,11/29/2022,1,03/27/2025,01/16/2026 05:49:07,9
1645,US4MI2SI,View,2,12/06/2022,1,03/27/2025,01/16/2026 05:49:06,9
1646,US4MI2SJ,View,2,03/16/2020,1,06/24/2021,01/16/2026 05:49:06,9
1647,US4MI2SK,View,1,12/05/2019,0,12/05/2019,01/16/2026 05:49:06,9
1648,US4MI2SL,View,1,12/28/2020,0,12/28/2020,01/16/2026 05:49:06,9
1649,US4MI2SM,View,1,12/28/2020,0,12/28/2020,01/16/2026 05:49:06,9
1650,US4MI2SN,View,1,12/28/2020,0,12/28/2020,01/16/2026 05:49:06,9
1651,US4MI2SO,View,2,04/23/2024,0,04/23/2024,01/16/2026 05:49:05,9
1652,US4MI2SP,View,2,04/23/2024,0,04/23/2024,01/16/2026 05:49:05,9
1653,US4MI2SQ,View,2,04/23/2024,0,04/23/2024,01/16/2026 05:49:05,9
1654,US4MI2SR,View,2,04/23/2024,0,04/23/2024,01/16/2026 05:49:05,9
1655,US4MI2TE,View,1,12/08/2020,0,12/08/2020,01/16/2026 05:49:05,9
1656,US4MI2TF,View,1,12/08/2020,0,12/08/2020,01/16/2026 05:49:05,9
1657,US4MI2TG,View,1,12/08/2020,0,12/08/2020,01/16/2026 05:49:04,9
1658,US4MI2TH,View,2,03/16/2020,0,03/16/2020,01/16/2026 05:49:04,9
1659,US4MI2TI,View,3,10/22/2025,0,10/22/2025,01/16/2026 05:49:04,9
1660,US4MI2TJ,View,3,10/31/2024,0,10/31/2024,01/16/2026 05:49:04,9
1661,US4MI2TK,View,2,03/13/2020,0,03/13/2020,01/16/2026 05:49:04,9
1662,US4MI2TL,View,1,01/19/2021,0,01/19/2021,01/16/2026 05:49:04,9
1663,US4MI2TM,View,2,04/23/2024,0,04/23/2024,01/16/2026 05:49:04,9
1664,US4MI2TN,View,3,04/23/2024,0,04/23/2024,01/16/2026 05:49:03,9
1665,US4MI2TO,View,2,04/23/2024,0,04/23/2024,01/16/2026 05:49:03,9
1666,US4MI2TP,View,1,10/30/2024,0,10/30/2024,01/16/2026 05:49:03,9
1667,US4MI2UE,View,5,03/21/2025,1,12/10/2025,01/16/2026 05:49:03,9
1668,US4MI2UF,View,4,05/30/2025,0,05/30/2025,01/16/2026 05:49:03,9
1669,US4MI2UG,View,3,05/30/2025,0,05/30/2025,01/16/2026 05:49:03,9
1670,US4MI2UH,View,1,09/21/2020,0,09/21/2020,01/16/2026 05:49:02,9
1671,US4MI2UI,View,1,09/21/2020,0,09/21/2020,01/16/2026 05:49:02,9
1672,US4MI2UJ,View,2,04/18/2024,0,04/18/2024,01/16/2026 05:49:02,9
1673,US4MI2UK,View,2,04/22/2024,0,04/22/2024,01/16/2026 05:49:02,9
1674,US4MI2UL,View,2,04/22/2024,0,04/22/2024,01/16/2026 05:49:02,9
1675,US4MI2UM,View,2,04/23/2024,0,04/23/2024,01/16/2026 05:49:02,9
1676,US4MI2VE,View,4,04/17/2024,0,04/17/2024,01/16/2026 05:49:01,9
1677,US4MI2VF,View,3,04/17/2024,0,04/17/2024,01/16/2026 05:49:01,9
1678,US4MI2VG,View,3,04/17/2024,2,08/04/2025,01/16/2026 05:49:01,9
1679,US4MI2VH,View,3,04/18/2024,0,04/18/2024,01/16/2026 05:49:01,9
1680,US4MI2VI,View,2,04/22/2024,0,04/22/2024,01/16/2026 05:49:01,9
1681,US4MI2VJ,View,3,04/22/2024,0,04/22/2024,01/16/2026 05:49:01,9
1682,US4MI2VK,View,1,10/30/2024,0,10/30/2024,01/16/2026 05:49:00,9
1683,US4MI2WH,View,2,04/17/2024,0,04/17/2024,01/16/2026 05:49:00,9
1684,US4MN1CC,View,2,03/11/2020,5,01/14/2026,01/16/2026 05:49:00,9
1685,US4MN1CD,View,2,03/11/2020,7,05/07/2025,01/16/2026 05:49:00,9
1686,US4MN1CE,View,2,12/06/2022,0,12/06/2022,01/16/2026 05:49:00,9
1687,US4MN1DD,View,1,11/12/2019,0,11/12/2019,01/16/2026 05:49:00,9
1688,US4MN1DE,View,2,03/13/2020,1,11/27/2020,01/16/2026 05:48:59,9
1689,US4MN1DF,View,2,03/13/2020,0,03/13/2020,01/16/2026 05:48:59,9
1690,US4MN1DG,View,2,03/11/2020,0,03/11/2020,01/16/2026 05:48:59,9
1691,US4MN1DH,View,2,03/11/2020,0,03/11/2020,01/16/2026 05:48:59,9
1692,US4MN1DI,View,2,03/11/2020,0,03/11/2020,01/16/2026 05:48:59,9
1693,US4MN1DJ,View,2,03/11/2020,0,03/11/2020,01/16/2026 05:48:59,9
1694,US4MN1DK,View,3,12/14/2020,0,12/14/2020,01/16/2026 05:48:59,9
1695,US4MN1EF,View,2,03/13/2020,0,03/13/2020,01/16/2026 05:48:58,9
1696,US4MN1EG,View,2,03/13/2020,0,03/13/2020,01/16/2026 05:48:58,9
1697,US4MN1EH,View,3,05/12/2023,2,01/12/2026,01/16/2026 05:48:58,9
1698,US4MN1EI,View,2,03/11/2020,0,03/11/2020,01/16/2026 05:48:58,9
1699,US4MN1EJ,View,2,03/11/2020,1,04/21/2021,01/16/2026 05:48:58,9
1700,US4MN1EK,View,3,12/14/2020,0,12/14/2020,01/16/2026 05:48:58,9
1701,US4MN1FH,View,2,03/30/2020,1,01/11/2021,01/16/2026 05:48:57,9
1702,US4MN1FI,View,2,03/11/2020,0,03/11/2020,01/16/2026 05:48:57,9
1703,US4MN1FJ,View,3,04/26/2024,0,04/26/2024,01/16/2026 05:48:57,9
1704,US4MN1FK,View,4,03/21/2025,1,06/20/2025,01/16/2026 05:48:57,9
1705,US4MN1GK,View,2,04/17/2024,0,04/17/2024,01/16/2026 05:48:57,9
1706,US4MS1BE,View,4,04/25/2025,2,10/15/2025,01/16/2026 05:48:56,8
1707,US4MS1BF,View,4,09/23/2025,0,09/23/2025,01/16/2026 05:48:56,8
1708,US4MS1CC,View,1,10/22/2024,0,10/22/2024,01/16/2026 05:48:56,8
1709,US4MS1CD,View,1,12/06/2024,0,12/06/2024,01/16/2026 05:48:56,8
1710,US4MS1CE,View,1,09/13/2024,2,01/12/2026,01/16/2026 05:48:55,8
1711,US4MS1CF,View,4,08/25/2025,2,09/22/2025,01/16/2026 05:48:55,8
1712,US4NC11M,View,23,12/10/2021,18,11/21/2025,01/16/2026 05:48:55,5
1713,US4NC13M,View,23,01/28/2022,16,09/23/2025,01/16/2026 05:48:54,5
1714,US4NC15M,View,28,09/11/2023,19,12/02/2025,01/16/2026 05:48:54,5
1715,US4NC16M,View,24,09/06/2023,6,12/18/2025,01/16/2026 05:48:54,5
1716,US4NC20M,View,20,01/13/2022,7,12/18/2025,01/16/2026 05:48:53,5
1717,US4NC30M,View,47,04/24/2025,12,11/21/2025,01/16/2026 05:48:53,5
1718,US4NC31M,View,36,01/25/2024,12,12/12/2025,01/16/2026 05:48:52,5
1719,US4NC32M,View,20,05/05/2025,0,05/05/2025,01/16/2026 05:48:52,5
1720,US4NC53M,View,38,08/29/2023,26,03/26/2025,01/16/2026 05:48:52,5
1721,US4NC55M,View,6,09/26/2016,3,02/14/2018,01/16/2026 05:48:51,5
1722,US4NH1BC,View,1,06/06/2024,0,06/06/2024,01/16/2026 05:48:51,1
1723,US4NH1BD,View,1,06/06/2024,5,02/04/2025,01/16/2026 05:48:51,1
1724,US4NH1BE,View,1,06/06/2024,2,02/06/2025,01/16/2026 05:48:50,1
1725,US4NH1BF,View,1,06/06/2024,0,06/06/2024,01/16/2026 05:48:50,1
1726,US4NH1BG,View,1,06/06/2024,0,06/06/2024,01/16/2026 05:48:50,1
1727,US4NJ1AC,View,1,06/26/2025,0,06/26/2025,01/16/2026 05:48:50,5
1728,US4NJ1AD,View,1,06/26/2025,0,06/26/2025,01/16/2026 05:48:50,5
1729,US4NJ1AE,View,1,06/26/2025,0,06/26/2025,01/16/2026 05:48:49,5
1730,US4NJ1BE,View,1,09/14/2025,0,09/14/2025,01/16/2026 05:48:49,5
1731,US4NJ1BF,View,1,09/14/2025,0,09/14/2025,01/16/2026 05:48:49,5
1732,US4NJ1CE,View,1,09/14/2025,0,09/14/2025,01/16/2026 05:48:49,5
1733,US4NJ1CF,View,1,09/14/2025,0,09/14/2025,01/16/2026 05:48:48,5
1734,US4NJ1CG,View,1,09/14/2025,0,09/14/2025,01/16/2026 05:48:48,5
1735,US4NJ1DE,View,1,06/17/2025,0,06/17/2025,01/16/2026 05:48:48,5
1736,US4NJ1DF,View,1,06/17/2025,0,06/17/2025,01/16/2026 05:48:48,5
1737,US4NJ1DG,View,1,06/17/2025,0,06/17/2025,01/16/2026 05:48:48,5
1738,US4NJ1EE,View,1,06/17/2025,0,06/17/2025,01/16/2026 05:48:47,5
1739,US4NJ1EF,View,1,06/17/2025,0,06/17/2025,01/16/2026 05:48:47,5
1740,US4NJ1EG,View,1,06/17/2025,0,06/17/2025,01/16/2026 05:48:47,5
1741,US4NJ1FE,View,2,02/26/2025,3,12/04/2025,01/16/2026 05:48:47,1
1742,US4NJ1FF,View,2,06/04/2025,3,11/17/2025,01/16/2026 05:48:46,1
1743,US4NJ1FG,View,2,07/18/2024,10,11/18/2025,01/16/2026 05:48:46,1
1744,US4NJ1FH,View,2,07/18/2024,15,11/18/2025,01/16/2026 05:48:46,1
1745,US4NJ1FI,View,1,10/21/2024,0,10/21/2024,01/16/2026 05:48:45,1
1746,US4NJ1FJ,View,1,10/21/2024,0,10/21/2024,01/16/2026 05:48:45,1
1747,US4NJ22M,View,26,09/15/2025,0,09/15/2025,01/16/2026 05:48:45,5
cxl,US4NJ23M,View,18,06/17/2025,1,09/15/2025,01/16/2026 05:48:45,"1, 5"
1748,US4NV1FT,View,1,12/19/2025,0,12/19/2025,01/16/2026 05:48:45,11
1749,US4NV1GR,View,1,12/19/2025,0,12/19/2025,01/16/2026 05:48:45,11
1750,US4NV1GS,View,1,12/19/2025,0,12/19/2025,01/16/2026 05:48:44,11
1751,US4NV1GT,View,1,12/19/2025,0,12/19/2025,01/16/2026 05:48:42,11
1752,US4NV1GU,View,1,12/19/2025,0,12/19/2025,01/16/2026 05:48:42,11
1753,US4NV1HS,View,1,12/19/2025,0,12/19/2025,01/16/2026 05:48:41,11
1754,US4NV1QA,View,1,01/07/2026,0,01/07/2026,01/16/2026 05:48:41,11
1755,US4NY1AP,View,5,05/13/2025,3,08/06/2025,01/16/2026 05:48:41,1
1756,US4NY1AQ,View,9,01/08/2026,0,01/08/2026,01/16/2026 05:48:41,1
1757,US4NY1AR,View,3,09/29/2025,0,09/29/2025,01/16/2026 05:48:40,1
1758,US4NY1AS,View,1,07/25/2024,0,07/25/2024,01/16/2026 05:48:40,1
1759,US4NY1AT,View,1,07/19/2024,0,07/19/2024,01/16/2026 05:48:40,1
1760,US4NY1AU,View,1,07/19/2024,3,09/29/2025,01/16/2026 05:48:40,1
1761,US4NY1AV,View,2,04/25/2024,1,12/17/2024,01/16/2026 05:48:39,1
1762,US4NY1AW,View,2,04/25/2024,1,12/17/2024,01/16/2026 05:48:39,1
1763,US4NY1BM,View,17,06/17/2025,0,06/17/2025,01/16/2026 05:48:39,"1, 5"
1764,US4NY1BP,View,1,08/23/2024,0,08/23/2024,01/16/2026 05:48:39,1
1765,US4NY1BQ,View,1,08/23/2024,8,11/05/2025,01/16/2026 05:48:39,1
1766,US4NY1BR,View,1,04/18/2024,12,10/22/2025,01/16/2026 05:48:38,1
1767,US4NY1BS,View,1,04/18/2024,2,10/07/2024,01/16/2026 05:48:38,1
1768,US4NY1BT,View,1,09/25/2024,2,06/17/2025,01/16/2026 05:48:37,1
1769,US4NY1BU,View,1,09/25/2024,1,06/13/2025,01/16/2026 05:48:37,1
1770,US4NY1BV,View,2,12/05/2025,0,12/05/2025,01/16/2026 05:48:37,1
1771,US4NY1BW,View,1,09/04/2024,3,12/18/2024,01/16/2026 05:48:37,1
1772,US4NY1BX,View,1,09/05/2024,0,09/05/2024,01/16/2026 05:48:36,1
1773,US4NY1BY,View,1,07/31/2024,1,12/16/2024,01/16/2026 05:48:36,1
1774,US4NY1CQ,View,4,02/25/2025,6,11/18/2025,01/16/2026 05:48:36,1
1775,US4NY1CY,View,3,10/08/2024,4,12/01/2025,01/16/2026 05:48:35,1
1776,US4NY1DQ,View,4,10/12/2022,5,11/05/2025,01/16/2026 05:48:35,1
1777,US4NY1EQ,View,7,01/26/2023,4,04/15/2025,01/16/2026 05:48:35,1
1778,US4NY1FQ,View,6,04/15/2025,0,04/15/2025,01/16/2026 05:48:35,1
1779,US4NY1FR,View,4,11/02/2022,2,09/26/2025,01/16/2026 05:48:34,1
1780,US4NY1GH,View,1,09/16/2022,0,09/16/2022,01/16/2026 05:48:34,9
1781,US4NY1GQ,View,1,07/15/2020,0,07/15/2020,01/16/2026 05:48:34,1
1782,US4NY1GR,View,4,03/18/2024,0,03/18/2024,01/16/2026 05:48:34,1
1783,US4NY1HH,View,1,09/16/2022,0,09/16/2022,01/16/2026 05:48:34,9
1784,US4NY1HR,View,4,03/15/2024,0,03/15/2024,01/16/2026 05:48:34,1
1785,US4NY1IJ,View,2,10/07/2022,0,10/07/2022,01/16/2026 05:48:33,9
1786,US4NY1IK,View,2,10/11/2022,0,10/11/2022,01/16/2026 05:48:33,9
1787,US4NY1JH,View,1,03/11/2024,1,09/10/2025,01/16/2026 05:48:33,9
1788,US4NY1JI,View,1,03/11/2024,0,03/11/2024,01/16/2026 05:48:33,9
1789,US4NY1JJ,View,2,10/11/2022,1,01/06/2025,01/16/2026 05:48:32,9
1790,US4NY1JK,View,2,10/07/2022,0,10/07/2022,01/16/2026 05:48:32,9
1791,US4NY1KH,View,1,03/11/2024,2,04/10/2024,01/16/2026 05:48:32,9
1792,US4NY1KI,View,1,03/11/2024,1,09/24/2025,01/16/2026 05:48:32,9
1793,US4NY1KJ,View,1,03/11/2024,0,03/11/2024,01/16/2026 05:48:32,9
1794,US4NY1KS,View,3,04/25/2025,1,07/01/2025,01/16/2026 05:48:31,1
1795,US4NY1LI,View,1,03/11/2024,2,08/01/2025,01/16/2026 05:48:31,9
1796,US4NY1LJ,View,1,03/11/2024,2,08/01/2025,01/16/2026 05:48:31,9
1797,US4NY1LS,View,4,07/01/2025,0,07/01/2025,01/16/2026 05:48:31,1
1798,US4NY1MS,View,2,03/18/2022,4,09/19/2025,01/16/2026 05:48:30,1
1799,US4NY1NS,View,4,04/26/2022,20,09/19/2025,01/16/2026 05:48:30,1
1800,US4NY1NT,View,2,03/18/2022,0,03/18/2022,01/16/2026 05:48:30,1
1801,US4NY1OS,View,6,05/13/2025,1,07/25/2025,01/16/2026 05:48:29,1
1802,US4NY1OT,View,3,03/18/2022,0,03/18/2022,01/16/2026 05:48:29,1
1803,US4NY1PS,View,4,08/03/2023,2,04/21/2025,01/16/2026 05:48:29,1
1804,US4NY1PT,View,3,08/03/2023,4,01/08/2026,01/16/2026 05:48:29,1
1805,US4NY2CC,View,1,02/13/2024,1,05/06/2024,01/16/2026 05:48:29,9
1806,US4NY2DC,View,1,02/13/2024,1,05/06/2024,01/16/2026 05:48:28,9
1807,US4NY2DD,View,1,02/13/2024,2,03/12/2025,01/16/2026 05:48:28,9
1808,US4NY2DE,View,1,02/13/2024,1,05/06/2024,01/16/2026 05:48:28,9
1809,US4NY2DL,View,1,09/30/2022,1,10/26/2022,01/16/2026 05:48:28,9
1810,US4NY2EC,View,1,02/13/2024,0,02/13/2024,01/16/2026 05:48:28,9
1811,US4NY2ED,View,1,02/13/2024,0,02/13/2024,01/16/2026 05:48:28,9
1812,US4NY2EE,View,3,07/18/2025,4,12/18/2025,01/16/2026 05:48:27,9
1813,US4NY2EF,View,2,03/26/2025,0,03/26/2025,01/16/2026 05:48:27,9
1814,US4NY2EL,View,1,09/16/2022,0,09/16/2022,01/16/2026 05:48:27,9
1815,US4NY2FE,View,1,07/24/2024,7,08/20/2025,01/16/2026 05:48:27,9
1816,US4NY2FF,View,1,07/24/2024,1,08/13/2025,01/16/2026 05:48:26,9
1817,US4NY2GE,View,2,06/04/2024,1,05/07/2025,01/16/2026 05:48:26,9
1818,US4NY2GF,View,1,12/28/2023,2,03/20/2025,01/16/2026 05:48:26,9
1819,US4NY2GG,View,1,12/28/2023,0,12/28/2023,01/16/2026 05:48:26,9
1820,US4NY2GH,View,1,12/28/2023,2,09/24/2025,01/16/2026 05:48:26,9
1821,US4NY2GI,View,2,02/09/2024,2,08/11/2025,01/16/2026 05:48:26,9
1822,US4NY2GJ,View,2,02/09/2024,1,07/02/2025,01/16/2026 05:48:25,9
1823,US4NY2GK,View,2,02/09/2024,0,02/09/2024,01/16/2026 05:48:25,9
1824,US4NY2GL,View,2,02/09/2024,1,09/10/2025,01/16/2026 05:48:25,9
1825,US4NY2HE,View,2,06/04/2024,0,06/04/2024,01/16/2026 05:48:25,9
1826,US4NY2HF,View,2,06/04/2024,0,06/04/2024,01/16/2026 05:48:24,9
1827,US4NY2HG,View,2,06/04/2024,0,06/04/2024,01/16/2026 05:48:24,9
1828,US4NY2HH,View,2,06/04/2024,0,06/04/2024,01/16/2026 05:48:24,9
1829,US4NY2HI,View,1,02/02/2024,0,02/02/2024,01/16/2026 05:48:24,9
1830,US4NY2HJ,View,1,02/02/2024,0,02/02/2024,01/16/2026 05:48:24,9
1831,US4NY2HK,View,1,02/02/2024,0,02/02/2024,01/16/2026 05:48:24,9
1832,US4NY2HL,View,1,02/02/2024,0,02/02/2024,01/16/2026 05:48:24,9
1833,US4NY53M,View,22,10/21/2024,0,10/21/2024,01/16/2026 05:48:23,1
1834,US4OH1JF,View,1,03/08/2024,0,03/08/2024,01/16/2026 05:48:23,9
1835,US4OH1JG,View,1,03/08/2024,0,03/08/2024,01/16/2026 05:48:23,9
1836,US4OH1JH,View,1,06/14/2024,0,06/14/2024,01/16/2026 05:48:23,9
1837,US4OH1JI,View,1,06/14/2024,0,06/14/2024,01/16/2026 05:48:23,9
1838,US4OH1KE,View,1,03/08/2024,1,11/21/2025,01/16/2026 05:48:23,9
1839,US4OH1KF,View,1,03/08/2024,0,03/08/2024,01/16/2026 05:48:22,9
1840,US4OH1KG,View,1,03/08/2024,4,08/20/2025,01/16/2026 05:48:22,9
1841,US4OH1KH,View,1,06/14/2024,1,11/25/2025,01/16/2026 05:48:22,9
1842,US4OH1KI,View,1,06/14/2024,1,01/30/2025,01/16/2026 05:48:22,9
1843,US4OH1KJ,View,1,02/21/2024,1,08/13/2025,01/16/2026 05:48:21,9
1844,US4OH1KK,View,1,02/21/2024,7,08/13/2025,01/16/2026 05:48:21,9
1845,US4OH1KL,View,1,02/21/2024,5,12/16/2025,01/16/2026 05:48:21,9
1846,US4OH1LG,View,1,03/08/2024,0,03/08/2024,01/16/2026 05:48:21,9
1847,US4OH1LH,View,1,06/14/2024,0,06/14/2024,01/16/2026 05:48:20,9
1848,US4OH1LI,View,1,06/14/2024,0,06/14/2024,01/16/2026 05:48:20,9
1849,US4OH1LJ,View,1,02/21/2024,2,01/30/2025,01/16/2026 05:48:20,9
1850,US4OH1LK,View,1,02/21/2024,2,03/12/2025,01/16/2026 05:48:20,9
1851,US4OH1LL,View,1,02/21/2024,2,05/07/2025,01/16/2026 05:48:20,9
1852,US4OH1LM,View,1,07/15/2024,7,11/12/2025,01/16/2026 05:48:20,9
1853,US4OH1LN,View,1,04/02/2024,3,08/13/2025,01/16/2026 05:48:19,9
1854,US4OH1LO,View,1,04/02/2024,1,07/24/2025,01/16/2026 05:48:19,9
1855,US4OH1MK,View,1,02/21/2024,1,05/07/2024,01/16/2026 05:48:19,9
1856,US4OH1ML,View,1,02/21/2024,1,05/07/2024,01/16/2026 05:48:19,9
1857,US4OH1MM,View,1,07/15/2024,0,07/15/2024,01/16/2026 05:48:19,9
1858,US4OH1MN,View,1,04/02/2024,0,04/02/2024,01/16/2026 05:48:18,9
1859,US4OH1MO,View,1,04/03/2024,0,04/03/2024,01/16/2026 05:48:18,9
1860,US4OH1NO,View,1,04/03/2024,0,04/03/2024,01/16/2026 05:48:18,9
1861,US4OR1HC,View,1,12/10/2025,0,12/10/2025,01/16/2026 05:48:18,13
1862,US4OR1HD,View,1,12/10/2025,0,12/10/2025,01/16/2026 05:48:18,13
1863,US4OR1IC,View,1,12/10/2025,0,12/10/2025,01/16/2026 05:48:18,13
1864,US4OR1IF,View,1,12/10/2025,0,12/10/2025,01/16/2026 05:48:17,13
1865,US4OR1JC,View,1,12/10/2025,0,12/10/2025,01/16/2026 05:48:17,13
1866,US4OR1JD,View,1,12/10/2025,0,12/10/2025,01/16/2026 05:48:17,13
1867,US4OR1KD,View,1,12/10/2025,0,12/10/2025,01/16/2026 05:48:17,13
1868,US4OR1LD,View,1,12/10/2025,0,12/10/2025,01/16/2026 05:48:17,13
1869,US4OR1LE,View,1,12/10/2025,0,12/10/2025,01/16/2026 05:48:16,13
1870,US4OR1MD,View,1,12/10/2025,0,12/10/2025,01/16/2026 05:48:16,13
1871,US4OR1NC,View,1,11/22/2024,0,11/22/2024,01/16/2026 05:48:16,13
1872,US4OR1ND,View,1,11/22/2024,1,09/26/2025,01/16/2026 05:48:16,13
1873,US4OR1NE,View,2,07/23/2025,1,12/15/2025,01/16/2026 05:48:16,13
1874,US4OR1NF,View,1,11/22/2024,1,11/26/2025,01/16/2026 05:48:15,13
1875,US4OR1NG,View,1,11/22/2024,2,11/26/2025,01/16/2026 05:48:15,13
1876,US4PA1IB,View,1,04/03/2024,1,08/11/2025,01/16/2026 05:48:15,9
1877,US4PA1IC,View,2,09/04/2024,4,08/11/2025,01/16/2026 05:48:15,9
1878,US4PA1JB,View,1,04/03/2024,0,04/03/2024,01/16/2026 05:48:14,9
1879,US4PA1JC,View,1,07/16/2024,0,07/16/2024,01/16/2026 05:48:14,9
1880,US4PE3Q0,View,1,03/20/2025,0,03/20/2025,01/16/2026 05:48:14,14
1881,US4PJ3B0,View,2,10/24/2025,0,10/24/2025,01/16/2026 05:48:14,14
1882,US4PJ3G0,View,1,04/10/2024,0,04/10/2024,01/16/2026 05:48:14,14
1883,US4PK4L0,View,1,12/10/2024,0,12/10/2024,01/16/2026 05:48:13,14
1884,US4PK4Q0,View,1,12/10/2024,0,12/10/2024,01/16/2026 05:48:13,14
1885,US4PK4R0,View,1,12/10/2024,0,12/10/2024,01/16/2026 05:48:13,14
1886,US4PK4S0,View,1,12/10/2024,0,12/10/2024,01/16/2026 05:48:13,14
1887,US4PK4W0,View,1,11/26/2024,0,11/26/2024,01/16/2026 05:48:13,14
1888,US4PK4X0,View,1,11/26/2024,0,11/26/2024,01/16/2026 05:48:12,14
1889,US4PK4Y0,View,1,11/26/2024,0,11/26/2024,01/16/2026 05:48:12,14
1890,US4PP2U0,View,1,02/06/2024,0,02/06/2024,01/16/2026 05:48:12,7
1891,US4PP2Z0,View,1,02/06/2024,0,02/06/2024,01/16/2026 05:48:12,7
1892,US4PQ1Q0,View,1,02/06/2024,0,02/06/2024,01/16/2026 05:48:11,7
1893,US4PQ1V0,View,1,02/06/2024,0,02/06/2024,01/16/2026 05:48:11,7
1894,US4PQ2B0,View,1,11/26/2024,0,11/26/2024,01/16/2026 05:48:11,14
1895,US4PQ2C0,View,1,11/26/2024,0,11/26/2024,01/16/2026 05:48:11,14
1896,US4PQ2D0,View,1,11/26/2024,0,11/26/2024,01/16/2026 05:48:11,14
1897,US4PR11M,View,27,05/05/2025,0,05/05/2025,01/16/2026 05:48:11,7
1898,US4PR1BE,View,1,03/03/2025,0,03/03/2025,01/16/2026 05:48:11,7
1899,US4PR1BF,View,1,03/03/2025,0,03/03/2025,01/16/2026 05:48:10,7
1900,US4PR1BG,View,1,03/03/2025,0,03/03/2025,01/16/2026 05:48:10,7
1901,US4PR1BH,View,1,01/05/2026,0,01/05/2026,01/16/2026 05:48:10,7
1902,US4PR1BI,View,1,01/05/2026,0,01/05/2026,01/16/2026 05:48:10,7
1903,US4PR1BJ,View,1,01/05/2026,0,01/05/2026,01/16/2026 05:48:10,7
1904,US4PR1CC,View,3,12/15/2025,0,12/15/2025,01/16/2026 05:48:09,7
1905,US4PR1CE,View,1,03/03/2025,0,03/03/2025,01/16/2026 05:48:09,7
1906,US4PR1CF,View,1,03/03/2025,0,03/03/2025,01/16/2026 05:48:09,7
1907,US4PR1CG,View,1,03/03/2025,0,03/03/2025,01/16/2026 05:48:09,7
1908,US4PR1CJ,View,1,12/17/2025,0,12/17/2025,01/16/2026 05:48:09,7
1909,US4PR1CK,View,1,12/17/2025,0,12/17/2025,01/16/2026 05:48:08,7
1910,US4PR1CL,View,1,05/07/2025,0,05/07/2025,01/16/2026 05:48:08,7
1911,US4PR1DE,View,1,03/03/2025,0,03/03/2025,01/16/2026 05:48:08,7
1912,US4PR1DF,View,1,03/03/2025,0,03/03/2025,01/16/2026 05:48:08,7
1913,US4PR1DG,View,1,03/03/2025,0,03/03/2025,01/16/2026 05:48:08,7
1914,US4PR1DH,View,1,12/17/2025,0,12/17/2025,01/16/2026 05:48:08,7
1915,US4PR1DI,View,1,12/17/2025,0,12/17/2025,01/16/2026 05:48:08,7
1916,US4PR1DJ,View,1,12/17/2025,0,12/17/2025,01/16/2026 05:48:07,7
1917,US4PR1DK,View,1,12/17/2025,0,12/17/2025,01/16/2026 05:48:07,7
1918,US4PR1DL,View,1,05/05/2025,0,05/05/2025,01/16/2026 05:48:07,7
1919,US4PR1EG,View,1,03/03/2025,0,03/03/2025,01/16/2026 05:48:07,7
1920,US4PR1EH,View,1,12/17/2025,0,12/17/2025,01/16/2026 05:48:07,7
1921,US4PR1EI,View,1,12/17/2025,0,12/17/2025,01/16/2026 05:48:06,7
1922,US4PR1EJ,View,1,12/17/2025,0,12/17/2025,01/16/2026 05:48:06,7
cxl,US4PR30M,View,26,07/24/2025,1,12/10/2025,01/16/2026 05:48:06,7
cxl,US4PR31M,View,22,05/19/2025,1,12/09/2025,01/16/2026 05:48:06,7
cxl,US4PR41M,View,19,06/05/2025,1,12/10/2025,01/16/2026 05:48:06,7
1923,US4PR60M,View,24,03/04/2025,0,03/04/2025,01/16/2026 05:48:05,7
1924,US4RI1CB,View,1,02/23/2024,21,11/21/2025,01/16/2026 05:48:05,1
1925,US4RI1DB,View,1,02/23/2024,29,11/25/2025,01/16/2026 05:48:05,1
1926,US4RI1EA,View,1,05/15/2024,2,11/19/2025,01/16/2026 05:48:04,1
1927,US4RI1EB,View,1,05/15/2024,1,10/28/2024,01/16/2026 05:48:04,1
1928,US4RI1FA,View,1,12/13/2024,0,12/13/2024,01/16/2026 05:48:04,1
1929,US4RI1FB,View,1,12/13/2024,0,12/13/2024,01/16/2026 05:48:03,1
1930,US4SC11M,View,54,09/29/2025,0,09/29/2025,01/16/2026 05:48:03,7
1931,US4SC1AL,View,5,09/11/2025,1,11/12/2025,01/16/2026 05:48:03,7
1932,US4SC1AM,View,1,02/25/2025,1,03/26/2025,01/16/2026 05:48:03,7
1933,US4SC1AN,View,1,02/25/2025,1,11/26/2025,01/16/2026 05:48:02,7
1934,US4SC1BL,View,1,09/09/2025,0,09/09/2025,01/16/2026 05:48:02,7
1935,US4SC1BM,View,1,09/09/2025,0,09/09/2025,01/16/2026 05:48:02,7
1936,US4SC1BN,View,1,08/22/2025,0,08/22/2025,01/16/2026 05:48:02,7
1937,US4SC1BO,View,1,08/22/2025,0,08/22/2025,01/16/2026 05:48:02,7
1938,US4SC1BP,View,1,09/29/2025,1,11/26/2025,01/16/2026 05:48:01,7
1939,US4SC1BQ,View,1,09/29/2025,0,09/29/2025,01/16/2026 05:48:01,7
1940,US4SC1CM,View,1,09/09/2025,0,09/09/2025,01/16/2026 05:48:01,7
1941,US4SC1CN,View,1,08/22/2025,0,08/22/2025,01/16/2026 05:48:01,7
1942,US4SC1CO,View,1,08/22/2025,1,09/22/2025,01/16/2026 05:48:01,7
1943,US4SC1CP,View,1,09/29/2025,1,11/26/2025,01/16/2026 05:48:00,7
1944,US4SC1CQ,View,1,09/29/2025,0,09/29/2025,01/16/2026 05:48:00,7
1945,US4SC1DP,View,1,09/29/2025,0,09/29/2025,01/16/2026 05:48:00,7
1946,US4SC1DQ,View,1,09/29/2025,0,09/29/2025,01/16/2026 05:48:00,7
1947,US4SC20M,View,22,01/10/2024,3,10/08/2025,01/16/2026 05:48:00,"5, 7"
cxl,US4SC22M,View,52,08/22/2025,1,09/11/2025,01/16/2026 05:47:58,7
1948,US4SC31M,View,29,12/19/2025,0,12/19/2025,01/16/2026 05:47:57,7
cxl,US4SP02M,View,20,03/14/2023,1,08/21/2025,01/16/2026 05:47:57,14
cxl,US4SP05M,View,12,06/15/2022,2,08/20/2025,01/16/2026 05:47:57,14
1949,US4SP08M,View,4,08/11/2017,1,09/30/2020,01/16/2026 05:47:56,14
cxl,US4SP30M,View,12,10/31/2024,1,12/04/2025,01/16/2026 05:47:56,14
1950,US4TB1L0,View,1,04/16/2025,0,04/16/2025,01/16/2026 05:47:56,14
1951,US4TB1R0,View,1,04/16/2025,0,04/16/2025,01/16/2026 05:47:56,14
1952,US4TB1W0,View,1,04/16/2025,0,04/16/2025,01/16/2026 05:47:56,14
1953,US4TB1X0,View,1,04/16/2025,0,04/16/2025,01/16/2026 05:47:55,14
1954,US4TB3C0,View,1,04/16/2025,0,04/16/2025,01/16/2026 05:47:55,14
1955,US4TB3J0,View,1,04/16/2025,0,04/16/2025,01/16/2026 05:47:55,14
1956,US4TB3P0,View,1,04/16/2025,0,04/16/2025,01/16/2026 05:47:55,14
1957,US4TB4S0,View,1,10/02/2025,0,10/02/2025,01/16/2026 05:47:55,14
1958,US4TB4X0,View,1,10/02/2025,0,10/02/2025,01/16/2026 05:47:54,14
1959,US4TB4Y0,View,1,10/02/2025,0,10/02/2025,01/16/2026 05:47:54,14
1960,US4TB4Z0,View,1,11/04/2025,0,11/04/2025,01/16/2026 05:47:54,14
1961,US4TC3P0,View,1,07/11/2025,0,07/11/2025,01/16/2026 05:47:54,14
1962,US4TC3U0,View,1,06/06/2025,0,06/06/2025,01/16/2026 05:47:54,14
1963,US4TC3V0,View,1,11/10/2025,0,11/10/2025,01/16/2026 05:47:54,14
1964,US4TC4J0,View,1,07/01/2025,0,07/01/2025,01/16/2026 05:47:54,14
1965,US4TC4P0,View,1,07/11/2025,0,07/11/2025,01/16/2026 05:47:54,14
1966,US4TC4R0,View,1,12/17/2025,0,12/17/2025,01/16/2026 05:47:53,14
1967,US4TC4S0,View,1,06/06/2025,0,06/06/2025,01/16/2026 05:47:53,14
1968,US4TC4U0,View,1,07/01/2025,0,07/01/2025,01/16/2026 05:47:53,14
1969,US4TC4V0,View,1,06/06/2025,0,06/06/2025,01/16/2026 05:47:53,14
1970,US4TD1J0,View,1,06/06/2025,0,06/06/2025,01/16/2026 05:47:53,14
1971,US4TD1U0,View,1,06/06/2025,0,06/06/2025,01/16/2026 05:47:53,14
1972,US4TD3D0,View,1,11/04/2025,0,11/04/2025,01/16/2026 05:47:53,14
1973,US4TD3H0,View,1,07/01/2025,0,07/01/2025,01/16/2026 05:47:53,14
1974,US4TD3Q0,View,1,12/17/2025,0,12/17/2025,01/16/2026 05:47:52,14
1975,US4TD3R0,View,1,07/01/2025,0,07/01/2025,01/16/2026 05:47:52,14
1976,US4TD4C0,View,1,06/05/2025,0,06/05/2025,01/16/2026 05:47:52,14
1977,US4TD4I0,View,1,09/03/2025,0,09/03/2025,01/16/2026 05:47:52,14
1978,US4TD4J0,View,1,07/01/2025,0,07/01/2025,01/16/2026 05:47:52,14
1979,US4TD4K0,View,1,10/02/2025,0,10/02/2025,01/16/2026 05:47:52,14
1980,US4TD4N0,View,1,09/03/2025,0,09/03/2025,01/16/2026 05:47:51,14
1981,US4TE2Y0,View,1,05/30/2024,0,05/30/2024,01/16/2026 05:47:51,14
1982,US4TE3C0,View,1,10/02/2025,0,10/02/2025,01/16/2026 05:47:51,14
1983,US4TE3D0,View,1,10/02/2025,0,10/02/2025,01/16/2026 05:47:51,14
1984,US4TE3F0,View,1,07/01/2025,0,07/01/2025,01/16/2026 05:47:51,14
1985,US4TE3V0,View,1,01/23/2025,0,01/23/2025,01/16/2026 05:47:50,14
1986,US4TE3W0,View,1,01/23/2025,0,01/23/2025,01/16/2026 05:47:50,14
1987,US4TE4N0,View,1,12/23/2024,0,12/23/2024,01/16/2026 05:47:50,14
1988,US4TE4R0,View,1,12/23/2024,0,12/23/2024,01/16/2026 05:47:50,14
1989,US4TE4S0,View,1,01/02/2025,0,01/02/2025,01/16/2026 05:47:50,14
1990,US4TE4X0,View,1,12/23/2024,0,12/23/2024,01/16/2026 05:47:49,14
1991,US4TE4Y0,View,1,01/02/2025,0,01/02/2025,01/16/2026 05:47:49,14
1992,US4TE4Z0,View,1,01/02/2025,0,01/02/2025,01/16/2026 05:47:49,14
1993,US4TF3G0,View,1,11/14/2024,0,11/14/2024,01/16/2026 05:47:49,14
1994,US4TF3H0,View,1,11/14/2024,0,11/14/2024,01/16/2026 05:47:49,14
1995,US4TF3L0,View,2,07/02/2025,0,07/02/2025,01/16/2026 05:47:49,14
1996,US4TF3M0,View,1,11/14/2024,0,11/14/2024,01/16/2026 05:47:48,14
1997,US4TF3R0,View,1,12/23/2024,0,12/23/2024,01/16/2026 05:47:48,14
1998,US4TF3V0,View,1,12/23/2024,0,12/23/2024,01/16/2026 05:47:48,14
1999,US4TH2E0,View,1,11/04/2025,0,11/04/2025,01/16/2026 05:47:48,14
2000,US4TI1A0,View,1,11/04/2025,0,11/04/2025,01/16/2026 05:47:48,14
2001,US4TK1H0,View,1,01/23/2025,0,01/23/2025,01/16/2026 05:47:47,14
2002,US4TK2D0,View,1,01/02/2025,0,01/02/2025,01/16/2026 05:47:47,14
2003,US4TK2E0,View,1,01/02/2025,0,01/02/2025,01/16/2026 05:47:47,14
2004,US4TK2F0,View,1,01/23/2025,0,01/23/2025,01/16/2026 05:47:47,14
2005,US4TK2G0,View,1,01/23/2025,0,01/23/2025,01/16/2026 05:47:47,14
2006,US4TK2H0,View,1,01/23/2025,0,01/23/2025,01/16/2026 05:47:46,14
2007,US4TK2J0,View,2,03/14/2025,0,03/14/2025,01/16/2026 05:47:46,14
2008,US4TK2Y0,View,2,03/14/2025,0,03/14/2025,01/16/2026 05:47:46,14
2009,US4TK2Z0,View,2,03/14/2025,0,03/14/2025,01/16/2026 05:47:46,14
2010,US4TL1K0,View,2,03/14/2025,0,03/14/2025,01/16/2026 05:47:46,14
2011,US4TX1AB,View,2,10/02/2025,0,10/02/2025,01/16/2026 05:47:46,8
2012,US4TX1AC,View,3,10/02/2025,2,10/22/2025,01/16/2026 05:47:45,8
2013,US4TX1BA,View,2,01/30/2025,2,01/14/2026,01/16/2026 05:47:45,8
2014,US4TX1BB,View,4,10/02/2025,0,10/02/2025,01/16/2026 05:47:45,8
2015,US4TX1BC,View,2,02/11/2025,0,02/11/2025,01/16/2026 05:47:45,8
2016,US4TX1CB,View,2,06/27/2025,1,07/21/2025,01/16/2026 05:47:45,8
2017,US4TX1CC,View,2,02/11/2025,0,02/11/2025,01/16/2026 05:47:44,8
2018,US4TX1EA,View,1,05/27/2025,0,05/27/2025,01/16/2026 05:47:44,8
2019,US4TX1EB,View,1,05/27/2025,0,05/27/2025,01/16/2026 05:47:44,8
2020,US4TX1EC,View,2,02/11/2025,1,02/14/2025,01/16/2026 05:47:44,8
2021,US4TX1FA,View,1,05/27/2025,1,10/15/2025,01/16/2026 05:47:43,8
2022,US4TX1FB,View,1,05/27/2025,0,05/27/2025,01/16/2026 05:47:43,8
2023,US4TX1FC,View,2,02/11/2025,0,02/11/2025,01/16/2026 05:47:43,8
2024,US4TX1GA,View,1,05/27/2025,0,05/27/2025,01/16/2026 05:47:43,8
2025,US4TX1GB,View,1,05/27/2025,0,05/27/2025,01/16/2026 05:47:43,8
2026,US4TX1GC,View,2,02/11/2025,0,02/11/2025,01/16/2026 05:47:42,8
2027,US4TX1GD,View,2,02/11/2025,0,02/11/2025,01/16/2026 05:47:42,8
2028,US4TX1HB,View,1,05/27/2025,3,07/29/2025,01/16/2026 05:47:42,8
2029,US4TX1HC,View,1,05/28/2025,1,07/23/2025,01/16/2026 05:47:42,8
2030,US4TX1HD,View,2,02/11/2025,0,02/11/2025,01/16/2026 05:47:42,8
2031,US4TX1HE,View,2,02/11/2025,0,02/11/2025,01/16/2026 05:47:41,8
2032,US4TX1IB,View,1,09/27/2024,0,09/27/2024,01/16/2026 05:47:41,8
2033,US4TX1IC,View,1,05/28/2025,1,12/03/2025,01/16/2026 05:47:41,8
2034,US4TX1ID,View,1,05/27/2025,1,07/23/2025,01/16/2026 05:47:40,8
2035,US4TX1IE,View,2,04/25/2025,0,04/25/2025,01/16/2026 05:47:40,8
2036,US4TX1JC,View,1,09/27/2024,0,09/27/2024,01/16/2026 05:47:40,8
2037,US4TX1JD,View,1,05/27/2025,2,08/08/2025,01/16/2026 05:47:40,8
2038,US4TX1JE,View,2,07/01/2025,1,07/28/2025,01/16/2026 05:47:39,8
2039,US4TX1JF,View,3,07/01/2025,0,07/01/2025,01/16/2026 05:47:39,8
2040,US4TX1JG,View,2,04/25/2025,0,04/25/2025,01/16/2026 05:47:38,8
2041,US4TX1KC,View,1,09/27/2024,1,08/08/2025,01/16/2026 05:47:38,8
2042,US4TX1KD,View,2,07/01/2025,1,08/08/2025,01/16/2026 05:47:38,8
2043,US4TX1KE,View,2,07/01/2025,0,07/01/2025,01/16/2026 05:47:38,8
2044,US4TX1KF,View,1,03/13/2025,3,09/29/2025,01/16/2026 05:47:37,8
2045,US4TX1KG,View,1,03/13/2025,1,06/25/2025,01/16/2026 05:47:37,8
2046,US4TX1KH,View,1,03/13/2025,1,09/19/2025,01/16/2026 05:47:37,8
2047,US4TX1KI,View,2,02/23/2024,1,03/26/2025,01/16/2026 05:47:37,8
2048,US4TX1KJ,View,1,10/03/2023,1,03/26/2025,01/16/2026 05:47:36,8
2049,US4TX1LE,View,1,09/27/2024,0,09/27/2024,01/16/2026 05:47:36,8
2050,US4TX1LF,View,1,09/27/2024,0,09/27/2024,01/16/2026 05:47:36,8
2051,US4TX1LG,View,1,09/27/2024,0,09/27/2024,01/16/2026 05:47:36,8
2052,US4TX1LH,View,1,03/13/2025,0,03/13/2025,01/16/2026 05:47:35,8
2053,US4TX1LI,View,3,08/21/2025,3,12/03/2025,01/16/2026 05:47:35,8
2054,US4TX1LJ,View,1,10/03/2023,1,03/26/2025,01/16/2026 05:47:35,8
2055,US4TX1LK,View,2,04/30/2025,0,04/30/2025,01/16/2026 05:47:35,8
2056,US4TX1LL,View,1,10/03/2023,1,03/26/2025,01/16/2026 05:47:34,8
2057,US4TX1LM,View,1,10/03/2023,1,03/26/2025,01/16/2026 05:47:34,8
2058,US4TX1MI,View,1,10/21/2024,2,07/28/2025,01/16/2026 05:47:34,8
2059,US4TX1MJ,View,4,06/30/2025,4,09/29/2025,01/16/2026 05:47:34,8
2060,US4TX1MK,View,5,10/02/2025,0,10/02/2025,01/16/2026 05:47:33,8
2061,US4TX1ML,View,1,07/02/2024,2,05/30/2025,01/16/2026 05:47:33,8
2062,US4TX1MM,View,1,10/03/2023,2,03/26/2025,01/16/2026 05:47:33,8
2063,US4TX1NI,View,1,07/02/2024,0,07/02/2024,01/16/2026 05:47:33,8
2064,US4TX1NJ,View,7,10/02/2025,2,11/20/2025,01/16/2026 05:47:33,8
2065,US4TX1NK,View,3,08/20/2025,2,09/24/2025,01/16/2026 05:47:32,8
2066,US4TX1NL,View,2,03/24/2025,2,11/19/2025,01/16/2026 05:47:32,8
2067,US4TX1NM,View,1,04/11/2025,2,11/19/2025,01/16/2026 05:47:32,8
2068,US4TX1OI,View,2,12/03/2024,1,06/27/2025,01/16/2026 05:47:31,8
2069,US4TX1OJ,View,4,10/02/2025,0,10/02/2025,01/16/2026 05:47:31,8
2070,US4TX1OK,View,2,08/20/2025,1,09/24/2025,01/16/2026 05:47:31,8
2071,US4TX1OM,View,1,04/30/2025,3,11/19/2025,01/16/2026 05:47:31,8
2072,US4TX1PM,View,1,04/30/2025,0,04/30/2025,01/16/2026 05:47:30,8
2073,US4TX1PN,View,1,04/30/2025,2,12/18/2025,01/16/2026 05:47:30,8
2074,US4UM6CD,View,1,05/29/2024,0,05/29/2024,01/16/2026 05:47:30,7
2075,US4UM6CE,View,1,05/29/2024,0,05/29/2024,01/16/2026 05:47:30,7
2076,US4UM6DD,View,1,05/29/2024,0,05/29/2024,01/16/2026 05:47:30,7
2077,US4UM6DE,View,1,05/29/2024,0,05/29/2024,01/16/2026 05:47:29,7
2078,US4VA1AE,View,1,05/05/2025,1,07/15/2025,01/16/2026 05:47:29,5
2079,US4VA1AF,View,1,05/05/2025,3,09/23/2025,01/16/2026 05:47:29,5
2080,US4VA1AG,View,4,05/22/2024,6,05/05/2025,01/16/2026 05:47:29,5
2081,US4VA1AH,View,2,05/18/2023,31,12/01/2025,01/16/2026 05:47:28,5
2082,US4VA1AI,View,1,04/05/2023,13,01/12/2026,01/16/2026 05:47:28,5
2083,US4VA1AJ,View,1,04/05/2023,5,03/05/2025,01/16/2026 05:47:28,5
cxl,US4VA1AM,View,12,08/29/2025,1,12/16/2025,01/16/2026 05:47:28,5
2084,US4VA1BE,View,1,05/05/2025,3,12/23/2025,01/16/2026 05:47:27,5
2085,US4VA1BF,View,1,05/05/2025,5,01/14/2026,01/16/2026 05:47:27,5
2086,US4VA1BG,View,1,04/05/2023,6,05/20/2025,01/16/2026 05:47:27,5
2087,US4VA1BH,View,2,09/27/2023,29,12/18/2025,01/16/2026 05:47:27,5
2088,US4VA1BI,View,1,04/05/2023,15,01/12/2026,01/16/2026 05:47:26,5
2089,US4VA1BJ,View,1,04/05/2023,1,05/04/2023,01/16/2026 05:47:26,5
2090,US4VA1CE,View,1,12/16/2024,2,05/14/2025,01/16/2026 05:47:26,5
2091,US4VA1CF,View,1,12/16/2024,2,07/14/2025,01/16/2026 05:47:25,5
2092,US4VA1CG,View,1,12/16/2025,0,12/16/2025,01/16/2026 05:47:25,5
2093,US4VA1CH,View,1,08/28/2025,0,08/28/2025,01/16/2026 05:47:25,5
2094,US4VA1CI,View,1,08/26/2025,0,08/26/2025,01/16/2026 05:47:25,5
2095,US4VA1CJ,View,1,08/26/2025,0,08/26/2025,01/16/2026 05:47:25,5
2096,US4VA1DB,View,1,11/25/2024,0,11/25/2024,01/16/2026 05:47:24,5
2097,US4VA1DC,View,1,11/25/2024,0,11/25/2024,01/16/2026 05:47:24,5
2098,US4VA1DD,View,1,11/25/2024,2,04/04/2025,01/16/2026 05:47:24,5
2099,US4VA1DE,View,1,11/26/2024,5,08/13/2025,01/16/2026 05:47:24,5
2100,US4VA1DF,View,1,12/16/2024,2,09/10/2025,01/16/2026 05:47:23,5
2101,US4VA1DG,View,1,12/16/2025,2,01/07/2026,01/16/2026 05:47:23,5
2102,US4VA1DH,View,1,08/26/2025,0,08/26/2025,01/16/2026 05:47:23,5
2103,US4VA1DI,View,1,08/26/2025,0,08/26/2025,01/16/2026 05:47:23,5
2104,US4VA1DJ,View,1,08/26/2025,0,08/26/2025,01/16/2026 05:47:23,5
2105,US4VA40M,View,34,12/16/2025,0,12/16/2025,01/16/2026 05:47:23,5
2106,US4VA50M,View,31,06/26/2025,1,08/20/2025,01/16/2026 05:47:22,5
2107,US4VA70M,View,30,12/16/2025,1,01/12/2026,01/16/2026 05:47:22,5
2108,US4VI1CD,View,1,05/05/2025,0,05/05/2025,01/16/2026 05:47:22,7
2109,US4VI1CE,View,1,05/05/2025,0,05/05/2025,01/16/2026 05:47:21,7
2110,US4VI1DD,View,1,05/05/2025,1,01/07/2026,01/16/2026 05:47:21,7
2111,US4VI1DE,View,1,05/05/2025,0,05/05/2025,01/16/2026 05:47:21,7
2112,US4VI1DF,View,1,05/05/2025,0,05/05/2025,01/16/2026 05:47:21,7
2113,US4VI1ED,View,1,05/05/2025,0,05/05/2025,01/16/2026 05:47:21,7
2114,US4VI1EE,View,1,05/27/2025,0,05/27/2025,01/16/2026 05:47:20,7
2115,US4VI1FD,View,2,09/30/2025,0,09/30/2025,01/16/2026 05:47:20,7
2116,US4VI1FE,View,1,05/27/2025,0,05/27/2025,01/16/2026 05:47:20,7
2117,US4WA11M,View,52,06/09/2025,0,06/09/2025,01/16/2026 05:47:20,13
2118,US4WA1CD,View,1,11/22/2024,0,11/22/2024,01/16/2026 05:47:19,13
2119,US4WA1CE,View,1,11/22/2024,8,11/05/2025,01/16/2026 05:47:19,13
2120,US4WA1CF,View,1,11/22/2024,2,09/16/2025,01/16/2026 05:47:19,13
2121,US4WA1CG,View,1,11/22/2024,4,11/26/2025,01/16/2026 05:47:19,13
2122,US4WA1DD,View,1,11/22/2024,0,11/22/2024,01/16/2026 05:47:18,13
2123,US4WA1DE,View,1,11/22/2024,0,11/22/2024,01/16/2026 05:47:18,13
2124,US4WA1DF,View,1,11/25/2024,0,11/25/2024,01/16/2026 05:47:18,13
2125,US4WA1ED,View,1,09/12/2025,0,09/12/2025,01/16/2026 05:47:18,13
2126,US4WA1EE,View,1,09/12/2025,0,09/12/2025,01/16/2026 05:47:17,13
2127,US4WA1EF,View,1,09/12/2025,0,09/12/2025,01/16/2026 05:47:17,13
2128,US4WA1EG,View,1,09/12/2025,0,09/12/2025,01/16/2026 05:47:17,13
2129,US4WA1EI,View,1,06/09/2025,0,06/09/2025,01/16/2026 05:47:17,13
2130,US4WA1EJ,View,1,06/09/2025,0,06/09/2025,01/16/2026 05:47:17,13
2131,US4WA1FD,View,1,09/12/2025,0,09/12/2025,01/16/2026 05:47:16,13
2132,US4WA1FH,View,1,06/09/2025,1,06/30/2025,01/16/2026 05:47:16,13
2133,US4WA1FI,View,1,06/09/2025,0,06/09/2025,01/16/2026 05:47:16,13
2134,US4WA1FJ,View,1,06/09/2025,0,06/09/2025,01/16/2026 05:47:16,13
2135,US4WA1FK,View,1,06/09/2025,0,06/09/2025,01/16/2026 05:47:15,13
2136,US4WA1GC,View,1,09/12/2025,0,09/12/2025,01/16/2026 05:47:15,13
2137,US4WA1GD,View,1,09/12/2025,0,09/12/2025,01/16/2026 05:47:15,13
2138,US4WA1GH,View,1,06/09/2025,0,06/09/2025,01/16/2026 05:47:15,13
2139,US4WA1GI,View,1,06/09/2025,1,09/26/2025,01/16/2026 05:47:14,13
2140,US4WA1GJ,View,1,06/09/2025,1,07/29/2025,01/16/2026 05:47:14,13
2141,US4WA1GK,View,1,06/09/2025,1,07/29/2025,01/16/2026 05:47:14,13
2142,US4WA1HC,View,1,09/12/2025,0,09/12/2025,01/16/2026 05:47:13,13
2143,US4WA1HD,View,1,09/12/2025,0,09/12/2025,01/16/2026 05:47:08,13
2144,US4WA1HI,View,1,04/30/2025,0,04/30/2025,01/16/2026 05:47:07,13
2145,US4WA1HJ,View,1,04/30/2025,3,09/30/2025,01/16/2026 05:47:07,13
2146,US4WA1HK,View,1,05/06/2025,1,07/30/2025,01/16/2026 05:47:07,13
2147,US4WA1HV,View,2,06/11/2025,0,06/11/2025,01/16/2026 05:47:06,13
2148,US4WA1HW,View,2,06/11/2025,0,06/11/2025,01/16/2026 05:47:06,13
2149,US4WA1HX,View,2,06/11/2025,0,06/11/2025,01/16/2026 05:47:06,13
2150,US4WA1HY,View,2,06/11/2025,0,06/11/2025,01/16/2026 05:47:06,13
2151,US4WA1II,View,1,05/06/2025,1,11/17/2025,01/16/2026 05:47:05,13
2152,US4WA1IJ,View,1,04/30/2025,0,04/30/2025,01/16/2026 05:47:05,13
2153,US4WA1IK,View,1,05/06/2025,0,05/06/2025,01/16/2026 05:47:05,13
2154,US4WA1IW,View,2,06/11/2025,0,06/11/2025,01/16/2026 05:47:05,13
2155,US4WA1IX,View,2,06/11/2025,0,06/11/2025,01/16/2026 05:47:04,13
2156,US4WA1IY,View,2,06/11/2025,0,06/11/2025,01/16/2026 05:47:04,13
2157,US4WA1JI,View,1,04/30/2025,2,09/30/2025,01/16/2026 05:47:04,13
2158,US4WA1JJ,View,2,09/25/2025,0,09/25/2025,01/16/2026 05:47:04,13
2159,US4WA1JX,View,2,06/12/2025,0,06/12/2025,01/16/2026 05:47:03,13
2160,US4WA1JY,View,2,06/12/2025,0,06/12/2025,01/16/2026 05:47:03,13
2161,US4WA1KI,View,1,04/30/2025,0,04/30/2025,01/16/2026 05:47:03,13
2162,US4WA1KJ,View,1,05/06/2025,0,05/06/2025,01/16/2026 05:47:03,13
2163,US4WA1KY,View,2,06/12/2025,0,06/12/2025,01/16/2026 05:47:02,13
2164,US4WA1KZ,View,2,06/12/2025,0,06/12/2025,01/16/2026 05:47:02,13
2165,US4WA1LZ,View,2,06/12/2025,0,06/12/2025,01/16/2026 05:47:02,13
2166,US4WA30M,View,18,05/06/2025,1,09/05/2025,01/16/2026 05:47:02,13
2167,US4WA31M,View,20,05/06/2025,1,07/02/2025,01/16/2026 05:47:01,13
2168,US4WA34M,View,25,05/13/2025,1,10/02/2025,01/16/2026 05:47:01,13
2169,US4WA36M,View,35,08/16/2024,0,08/16/2024,01/16/2026 05:47:01,13
2170,US4WI1CP,View,1,12/21/2023,1,01/08/2024,01/16/2026 05:47:00,9
2171,US4WI1CQ,View,2,08/14/2025,0,08/14/2025,01/16/2026 05:47:00,9
2172,US4WI1CR,View,2,08/14/2025,0,08/14/2025,01/16/2026 05:47:00,9
2173,US4WI1DO,View,1,12/21/2023,0,12/21/2023,01/16/2026 05:47:00,9
2174,US4WI1DP,View,1,12/21/2023,4,12/08/2025,01/16/2026 05:47:00,9
2175,US4WI1DQ,View,2,08/14/2025,0,08/14/2025,01/16/2026 05:46:59,9
2176,US4WI1DR,View,2,08/14/2025,0,08/14/2025,01/16/2026 05:46:59,9
2177,US4WI1EO,View,1,12/21/2023,0,12/21/2023,01/16/2026 05:46:59,9
2178,US4WI1EP,View,1,12/21/2023,1,08/07/2024,01/16/2026 05:46:59,9
2179,US4WI1EQ,View,2,08/14/2025,0,08/14/2025,01/16/2026 05:46:59,9
2180,US4WI1ER,View,2,08/15/2025,0,08/15/2025,01/16/2026 05:46:59,9
2181,US4WI1FN,View,1,07/30/2024,0,07/30/2024,01/16/2026 05:46:58,9
2182,US4WI1FP,View,1,07/30/2024,1,08/07/2024,01/16/2026 05:46:58,9
2183,US4WI1FQ,View,2,08/15/2025,0,08/15/2025,01/16/2026 05:46:58,9
2184,US4WI1FR,View,2,08/15/2025,0,08/15/2025,01/16/2026 05:46:58,9
2185,US4WI1GM,View,1,07/30/2024,0,07/30/2024,01/16/2026 05:46:58,9
2186,US4WI1GN,View,1,07/30/2024,0,07/30/2024,01/16/2026 05:46:58,9
2187,US4WI1GP,View,1,07/30/2024,4,08/15/2025,01/16/2026 05:46:57,9
2188,US4WI1GQ,View,2,08/15/2025,0,08/15/2025,01/16/2026 05:46:57,9
2189,US4WI1GR,View,2,08/15/2025,0,08/15/2025,01/16/2026 05:46:57,9
2190,US4WI1HN,View,2,08/15/2025,0,08/15/2025,01/16/2026 05:46:57,9
2191,US4WI1HO,View,2,08/15/2025,0,08/15/2025,01/16/2026 05:46:57,9
2192,US4WI1HP,View,1,07/30/2024,0,07/30/2024,01/16/2026 05:46:57,9
2193,US4WI1HQ,View,1,07/30/2024,1,08/07/2024,01/16/2026 05:46:56,9
2194,US4WI1HR,View,2,08/15/2025,0,08/15/2025,01/16/2026 05:46:56,9
2195,US4WI1IO,View,3,08/15/2025,0,08/15/2025,01/16/2026 05:46:56,9
2196,US4WI1IP,View,2,08/15/2025,0,08/15/2025,01/16/2026 05:46:56,9
2197,US4WI1IQ,View,2,08/15/2025,0,08/15/2025,01/16/2026 05:46:56,9
2198,US4WI1IR,View,2,08/15/2025,0,08/15/2025,01/16/2026 05:46:55,9
2199,US4WI1JO,View,2,08/15/2025,0,08/15/2025,01/16/2026 05:46:55,9
2200,US4WI1JP,View,2,08/15/2025,0,08/15/2025,01/16/2026 05:46:55,9
2201,US4WI1JQ,View,2,08/15/2025,0,08/15/2025,01/16/2026 05:46:55,9
2202,US4WI1JR,View,2,08/15/2025,0,08/15/2025,01/16/2026 05:46:54,9
2203,US4WI1JS,View,2,08/15/2025,0,08/15/2025,01/16/2026 05:46:54,9
2204,US4WI1KP,View,1,08/17/2023,1,05/21/2024,01/16/2026 05:46:54,9
2205,US4WI1KR,View,1,08/17/2023,1,06/12/2024,01/16/2026 05:46:54,9
2206,US4WI1KS,View,1,08/17/2023,1,09/25/2024,01/16/2026 05:46:54,9
2207,US4WI1LS,View,1,08/17/2023,4,04/29/2025,01/16/2026 05:46:53,9
2208,US4WI1PA,View,2,01/25/2022,0,01/25/2022,01/16/2026 05:46:53,9
2209,US4WI1PB,View,4,12/08/2022,5,07/30/2025,01/16/2026 05:46:53,9
2210,US4WI1PC,View,1,02/11/2020,0,02/11/2020,01/16/2026 05:46:53,9
2211,US4WI1PD,View,2,09/18/2024,0,09/18/2024,01/16/2026 05:46:53,9
2212,US4WI1PE,View,2,05/28/2025,1,06/10/2025,01/16/2026 05:46:52,9
2213,US4WI1PF,View,5,05/28/2025,2,11/13/2025,01/16/2026 05:46:52,9
2214,US4WI1PG,View,2,05/28/2025,0,05/28/2025,01/16/2026 05:46:52,9
2215,US4WI1QE,View,4,05/28/2025,1,01/14/2026,01/16/2026 05:46:52,9
2216,US4WI1QF,View,4,05/28/2025,1,07/18/2025,01/16/2026 05:46:51,9
2217,US4WI1QG,View,4,05/28/2025,0,05/28/2025,01/16/2026 05:46:51,9
2218,US509890,View,1,07/22/2015,0,07/22/2015,01/16/2026 05:46:51,14
cxl,US556570,View,1,07/15/2019,1,11/04/2025,01/16/2026 05:46:51,14
cxl,US556572,View,1,07/24/2019,1,11/04/2025,01/16/2026 05:46:51,14
cxl,US556574,View,1,07/15/2019,1,11/04/2025,01/16/2026 05:46:50,14
cxl,US556590,View,1,06/28/2022,1,09/03/2025,01/16/2026 05:46:50,14
cxl,US556595,View,1,05/12/2021,1,12/16/2025,01/16/2026 05:46:50,14
cxl,US556597,View,1,12/10/2021,1,10/02/2025,01/16/2026 05:46:50,14
cxl,US556618,View,1,10/22/2020,1,09/24/2025,01/16/2026 05:46:49,14
cxl,US556620,View,1,10/02/2019,1,11/04/2025,01/16/2026 05:46:49,14
cxl,US556625,View,1,02/20/2020,1,11/04/2025,01/16/2026 05:46:49,14
cxl,US556630,View,1,03/06/2020,2,09/24/2025,01/16/2026 05:46:49,14
cxl,US556640,View,1,10/02/2019,1,10/02/2025,01/16/2026 05:46:48,14
2219,US5A1KFV,View,1,12/20/2024,0,12/20/2024,01/16/2026 05:46:48,17
2220,US5A1KMJ,View,1,12/20/2024,0,12/20/2024,01/16/2026 05:46:48,17
2221,US5A1KMK,View,2,09/23/2025,0,09/23/2025,01/16/2026 05:46:48,17
2222,US5A1KML,View,1,12/20/2024,0,12/20/2024,01/16/2026 05:46:48,17
2223,US5A1KNJ,View,1,12/20/2024,0,12/20/2024,01/16/2026 05:46:47,17
2224,US5A1KNK,View,1,12/20/2024,0,12/20/2024,01/16/2026 05:46:47,17
2225,US5A2KGM,View,1,09/23/2025,0,09/23/2025,01/16/2026 05:46:47,17
2226,US5A2KGN,View,1,09/23/2025,0,09/23/2025,01/16/2026 05:46:47,17
2227,US5A2KHF,View,1,07/22/2025,0,07/22/2025,01/16/2026 05:46:46,17
2228,US5A2KHG,View,1,07/22/2025,0,07/22/2025,01/16/2026 05:46:46,17
2229,US5A2KHH,View,1,07/22/2025,0,07/22/2025,01/16/2026 05:46:46,17
2230,US5A2KHM,View,1,09/23/2025,0,09/23/2025,01/16/2026 05:46:46,17
2231,US5A2KHN,View,1,09/23/2025,0,09/23/2025,01/16/2026 05:46:45,17
2232,US5A2KIF,View,1,07/22/2025,0,07/22/2025,01/16/2026 05:46:45,17
2233,US5A2KIG,View,1,07/22/2025,0,07/22/2025,01/16/2026 05:46:45,17
2234,US5A2KIH,View,1,07/22/2025,0,07/22/2025,01/16/2026 05:46:45,17
2235,US5A2KII,View,1,07/22/2025,0,07/22/2025,01/16/2026 05:46:45,17
2236,US5A2KJG,View,1,07/22/2025,0,07/22/2025,01/16/2026 05:46:44,17
2237,US5A2KJH,View,1,07/22/2025,0,07/22/2025,01/16/2026 05:46:44,17
2238,US5A3KDC,View,1,12/13/2024,0,12/13/2024,01/16/2026 05:46:44,17
2239,US5A3KDD,View,1,12/13/2024,0,12/13/2024,01/16/2026 05:46:44,17
2240,US5A3KDE,View,1,12/13/2024,0,12/13/2024,01/16/2026 05:46:43,17
2241,US5A3KEC,View,1,12/12/2024,0,12/12/2024,01/16/2026 05:46:43,17
2242,US5A3KED,View,1,12/13/2024,0,12/13/2024,01/16/2026 05:46:43,17
2243,US5A4KKO,View,1,12/19/2024,0,12/19/2024,01/16/2026 05:46:43,17
2244,US5A5KAE,View,1,12/19/2024,0,12/19/2024,01/16/2026 05:46:43,17
2245,US5A5KHA,View,1,01/08/2025,0,01/08/2025,01/16/2026 05:46:42,17
2246,US5A6KAA,View,1,12/19/2024,0,12/19/2024,01/16/2026 05:46:42,17
2247,US5AK0GL,View,1,07/11/2024,0,07/11/2024,01/16/2026 05:46:42,17
2248,US5AK0HI,View,1,07/11/2024,0,07/11/2024,01/16/2026 05:46:42,17
2249,US5AK0IK,View,1,07/11/2024,0,07/11/2024,01/16/2026 05:46:42,17
2250,US5AK0IL,View,1,07/11/2024,0,07/11/2024,01/16/2026 05:46:41,17
2251,US5AK0JK,View,1,07/11/2024,0,07/11/2024,01/16/2026 05:46:41,17
2252,US5AK0JL,View,1,07/11/2024,0,07/11/2024,01/16/2026 05:46:41,17
2253,US5AK0JN,View,1,07/11/2024,0,07/11/2024,01/16/2026 05:46:41,17
2254,US5AK13M,View,2,08/24/2017,2,11/01/2018,01/16/2026 05:46:40,17
2255,US5AK1AL,View,1,08/26/2024,0,08/26/2024,01/16/2026 05:46:40,17
2256,US5AK1CM,View,3,06/08/2023,0,06/08/2023,01/16/2026 05:46:40,17
2257,US5AK1EK,View,1,08/26/2024,0,08/26/2024,01/16/2026 05:46:40,17
2258,US5AK1GP,View,1,09/04/2024,1,10/25/2024,01/16/2026 05:46:40,17
2259,US5AK1GQ,View,1,09/04/2024,1,10/25/2024,01/16/2026 05:46:39,17
2260,US5AK1GS,View,1,09/03/2024,0,09/03/2024,01/16/2026 05:46:39,17
2261,US5AK1GU,View,1,06/11/2024,1,12/13/2024,01/16/2026 05:46:39,17
2262,US5AK1HJ,View,1,09/04/2024,0,09/04/2024,01/16/2026 05:46:39,17
2263,US5AK1HK,View,1,09/04/2024,0,09/04/2024,01/16/2026 05:46:39,17
2264,US5AK1HP,View,1,09/04/2024,1,10/24/2024,01/16/2026 05:46:38,17
2265,US5AK1HU,View,1,06/11/2024,0,06/11/2024,01/16/2026 05:46:38,17
2266,US5AK1IJ,View,1,09/04/2024,0,09/04/2024,01/16/2026 05:46:38,17
2267,US5AK1IK,View,1,09/04/2024,0,09/04/2024,01/16/2026 05:46:38,17
2268,US5AK1IT,View,1,06/11/2024,0,06/11/2024,01/16/2026 05:46:37,17
2269,US5AK1JV,View,1,06/11/2024,0,06/11/2024,01/16/2026 05:46:37,17
2270,US5AK1KU,View,1,06/11/2024,0,06/11/2024,01/16/2026 05:46:37,17
2271,US5AK1KV,View,2,12/06/2024,0,12/06/2024,01/16/2026 05:46:37,17
2272,US5AK1LN,View,1,09/04/2024,0,09/04/2024,01/16/2026 05:46:37,17
2273,US5AK1MK,View,1,08/05/2024,0,08/05/2024,01/16/2026 05:46:37,17
2274,US5AK1ML,View,1,08/05/2024,0,08/05/2024,01/16/2026 05:46:37,17
2275,US5AK1NB,View,1,07/12/2024,0,07/12/2024,01/16/2026 05:46:36,17
2276,US5AK1NC,View,1,07/12/2024,0,07/12/2024,01/16/2026 05:46:36,17
2277,US5AK1NI,View,1,08/05/2024,0,08/05/2024,01/16/2026 05:46:36,17
2278,US5AK1NJ,View,1,08/05/2024,0,08/05/2024,01/16/2026 05:46:36,17
2279,US5AK1NN,View,1,08/05/2024,0,08/05/2024,01/16/2026 05:46:36,17
2280,US5AK1OB,View,1,07/12/2024,0,07/12/2024,01/16/2026 05:46:36,17
2281,US5AK1OC,View,1,07/12/2024,0,07/12/2024,01/16/2026 05:46:36,17
2282,US5AK1OI,View,1,08/05/2024,0,08/05/2024,01/16/2026 05:46:35,17
2283,US5AK1OJ,View,1,08/05/2024,0,08/05/2024,01/16/2026 05:46:35,17
2284,US5AK1QE,View,1,08/05/2024,0,08/05/2024,01/16/2026 05:46:35,17
2285,US5AK1QG,View,1,08/05/2024,0,08/05/2024,01/16/2026 05:46:35,17
2286,US5AK1QM,View,1,08/05/2024,0,08/05/2024,01/16/2026 05:46:35,17
2287,US5AK1QN,View,1,08/05/2024,0,08/05/2024,01/16/2026 05:46:35,17
2288,US5AK1RJ,View,1,08/05/2024,0,08/05/2024,01/16/2026 05:46:34,17
2289,US5AK1RK,View,1,08/05/2024,0,08/05/2024,01/16/2026 05:46:34,17
2290,US5AK1RM,View,1,08/05/2024,0,08/05/2024,01/16/2026 05:46:34,17
2291,US5AK1RN,View,1,08/05/2024,0,08/05/2024,01/16/2026 05:46:34,17
2292,US5AK1SJ,View,1,08/05/2024,0,08/05/2024,01/16/2026 05:46:34,17
2293,US5AK1TJ,View,1,08/05/2024,0,08/05/2024,01/16/2026 05:46:33,17
2294,US5AK1TL,View,1,08/05/2024,0,08/05/2024,01/16/2026 05:46:33,17
2295,US5AK1VQ,View,1,07/02/2024,2,09/17/2025,01/16/2026 05:46:33,17
2296,US5AK1WP,View,1,07/02/2024,1,09/17/2025,01/16/2026 05:46:33,17
2297,US5AK1WQ,View,1,07/02/2024,1,09/17/2025,01/16/2026 05:46:33,17
2298,US5AK1XQ,View,1,07/02/2024,0,07/02/2024,01/16/2026 05:46:33,17
2299,US5AK1YQ,View,2,10/28/2024,0,10/28/2024,01/16/2026 05:46:32,17
2300,US5AK1ZQ,View,1,07/02/2024,0,07/02/2024,01/16/2026 05:46:32,17
2301,US5AK2AT,View,1,07/02/2024,0,07/02/2024,01/16/2026 05:46:32,17
2302,US5AK2AU,View,1,07/02/2024,0,07/02/2024,01/16/2026 05:46:32,17
2303,US5AK2AV,View,1,07/02/2024,0,07/02/2024,01/16/2026 05:46:32,17
2304,US5AK2AX,View,1,07/02/2024,0,07/02/2024,01/16/2026 05:46:31,17
2305,US5AK2BI,View,1,08/09/2024,0,08/09/2024,01/16/2026 05:46:31,17
2306,US5AK2BJ,View,1,08/09/2024,0,08/09/2024,01/16/2026 05:46:31,17
2307,US5AK2BQ,View,1,07/18/2024,0,07/18/2024,01/16/2026 05:46:31,17
2308,US5AK2BR,View,1,07/18/2024,0,07/18/2024,01/16/2026 05:46:31,17
2309,US5AK2BT,View,1,07/02/2024,0,07/02/2024,01/16/2026 05:46:30,17
2310,US5AK2CI,View,1,08/09/2024,0,08/09/2024,01/16/2026 05:46:30,17
2311,US5AK2CJ,View,1,08/09/2024,0,08/09/2024,01/16/2026 05:46:30,17
2312,US5AK2CQ,View,1,07/18/2024,0,07/18/2024,01/16/2026 05:46:30,17
2313,US5AK2CR,View,1,07/18/2024,0,07/18/2024,01/16/2026 05:46:30,17
2314,US5AK2CZ,View,1,10/03/2024,0,10/03/2024,01/16/2026 05:46:30,17
2315,US5AK2DH,View,1,08/09/2024,0,08/09/2024,01/16/2026 05:46:29,17
2316,US5AK2DI,View,1,08/09/2024,0,08/09/2024,01/16/2026 05:46:29,17
2317,US5AK2DJ,View,1,08/10/2024,0,08/10/2024,01/16/2026 05:46:29,17
2318,US5AK2DP,View,1,07/18/2024,0,07/18/2024,01/16/2026 05:46:29,17
2319,US5AK2DQ,View,1,07/18/2024,0,07/18/2024,01/16/2026 05:46:29,17
2320,US5AK2DS,View,1,07/18/2024,0,07/18/2024,01/16/2026 05:46:28,17
2321,US5AK2EH,View,1,08/09/2024,0,08/09/2024,01/16/2026 05:46:28,17
2322,US5AK2EI,View,1,08/09/2024,0,08/09/2024,01/16/2026 05:46:28,17
2323,US5AK2EJ,View,1,08/09/2024,0,08/09/2024,01/16/2026 05:46:28,17
2324,US5AK2EP,View,1,07/18/2024,0,07/18/2024,01/16/2026 05:46:28,17
2325,US5AK2EQ,View,1,07/18/2024,0,07/18/2024,01/16/2026 05:46:27,17
2326,US5AK2ES,View,1,07/18/2024,0,07/18/2024,01/16/2026 05:46:27,17
2327,US5AK2EX,View,1,10/03/2024,0,10/03/2024,01/16/2026 05:46:27,17
2328,US5AK2EY,View,1,10/03/2024,0,10/03/2024,01/16/2026 05:46:27,17
2329,US5AK2FI,View,1,08/09/2024,0,08/09/2024,01/16/2026 05:46:27,17
2330,US5AK2FJ,View,1,08/09/2024,0,08/09/2024,01/16/2026 05:46:26,17
2331,US5AK2FX,View,1,10/03/2024,0,10/03/2024,01/16/2026 05:46:26,17
2332,US5AK2FY,View,1,10/07/2024,1,05/29/2025,01/16/2026 05:46:26,17
2333,US5AK2GI,View,1,08/09/2024,0,08/09/2024,01/16/2026 05:46:25,17
2334,US5AK2GJ,View,1,08/09/2024,0,08/09/2024,01/16/2026 05:46:25,17
2335,US5AK2GP,View,1,08/26/2024,0,08/26/2024,01/16/2026 05:46:25,17
2336,US5AK2GU,View,1,09/10/2024,0,09/10/2024,01/16/2026 05:46:25,17
2337,US5AK2GX,View,1,10/03/2024,0,10/03/2024,01/16/2026 05:46:25,17
2338,US5AK2GY,View,1,10/03/2024,0,10/03/2024,01/16/2026 05:46:24,17
2339,US5AK2HI,View,1,08/09/2024,0,08/09/2024,01/16/2026 05:46:24,17
2340,US5AK2HJ,View,1,08/09/2024,0,08/09/2024,01/16/2026 05:46:24,17
2341,US5AK2HL,View,1,08/26/2024,0,08/26/2024,01/16/2026 05:46:24,17
2342,US5AK2HM,View,1,08/26/2024,0,08/26/2024,01/16/2026 05:46:24,17
2343,US5AK2HP,View,1,08/26/2024,0,08/26/2024,01/16/2026 05:46:24,17
2344,US5AK2HT,View,1,09/09/2024,0,09/09/2024,01/16/2026 05:46:23,17
2345,US5AK2HU,View,1,09/09/2024,0,09/09/2024,01/16/2026 05:46:23,17
2346,US5AK2IJ,View,1,08/08/2024,0,08/08/2024,01/16/2026 05:46:23,17
2347,US5AK2IL,View,1,08/28/2024,0,08/28/2024,01/16/2026 05:46:23,17
2348,US5AK2IM,View,1,08/26/2024,0,08/26/2024,01/16/2026 05:46:23,17
2349,US5AK2IN,View,1,08/26/2024,0,08/26/2024,01/16/2026 05:46:22,17
2350,US5AK2IP,View,1,08/26/2024,0,08/26/2024,01/16/2026 05:46:22,17
2351,US5AK2IT,View,1,09/09/2024,0,09/09/2024,01/16/2026 05:46:22,17
2352,US5AK2IU,View,1,09/10/2024,0,09/10/2024,01/16/2026 05:46:22,17
2353,US5AK2JI,View,1,08/09/2024,0,08/09/2024,01/16/2026 05:46:21,17
2354,US5AK2JJ,View,1,08/09/2024,0,08/09/2024,01/16/2026 05:46:21,17
2355,US5AK2JL,View,1,08/28/2024,0,08/28/2024,01/16/2026 05:46:21,17
2356,US5AK2JP,View,1,08/26/2024,0,08/26/2024,01/16/2026 05:46:21,17
2357,US5AK2JU,View,1,09/10/2024,0,09/10/2024,01/16/2026 05:46:21,17
2358,US5AK2JV,View,1,09/09/2024,0,09/09/2024,01/16/2026 05:46:21,17
2359,US5AK2JW,View,1,09/09/2024,0,09/09/2024,01/16/2026 05:46:21,17
2360,US5AK2JX,View,1,09/09/2024,0,09/09/2024,01/16/2026 05:46:20,17
2361,US5AK2JY,View,1,09/09/2024,0,09/09/2024,01/16/2026 05:46:20,17
2362,US5AK2KI,View,1,08/09/2024,0,08/09/2024,01/16/2026 05:46:20,17
2363,US5AK2KJ,View,1,08/09/2024,0,08/09/2024,01/16/2026 05:46:20,17
2364,US5AK2KP,View,1,08/26/2024,0,08/26/2024,01/16/2026 05:46:20,17
2365,US5AK2KU,View,1,09/09/2024,0,09/09/2024,01/16/2026 05:46:20,17
2366,US5AK2KV,View,1,09/09/2024,0,09/09/2024,01/16/2026 05:46:20,17
2367,US5AK2KW,View,1,09/09/2024,0,09/09/2024,01/16/2026 05:46:19,17
2368,US5AK2KX,View,1,09/09/2024,0,09/09/2024,01/16/2026 05:46:19,17
2369,US5AK2KY,View,1,09/09/2024,0,09/09/2024,01/16/2026 05:46:19,17
2370,US5AK2LI,View,1,08/09/2024,0,08/09/2024,01/16/2026 05:46:19,17
2371,US5AK2LU,View,1,09/09/2024,1,05/20/2025,01/16/2026 05:46:19,17
2372,US5AK2LV,View,1,09/09/2024,0,09/09/2024,01/16/2026 05:46:19,17
2373,US5AK2MO,View,1,08/26/2024,0,08/26/2024,01/16/2026 05:46:19,17
2374,US5AK2NE,View,2,07/10/2025,0,07/10/2025,01/16/2026 05:46:19,17
2375,US5AK2NF,View,1,08/26/2024,1,05/21/2025,01/16/2026 05:46:18,17
2376,US5AK2NI,View,1,07/26/2024,0,07/26/2024,01/16/2026 05:46:18,17
2377,US5AK2NJ,View,1,07/26/2024,0,07/26/2024,01/16/2026 05:46:18,17
2378,US5AK2OE,View,1,08/26/2024,0,08/26/2024,01/16/2026 05:46:18,17
2379,US5AK2OH,View,1,07/26/2024,0,07/26/2024,01/16/2026 05:46:18,17
2380,US5AK2OI,View,1,07/26/2024,0,07/26/2024,01/16/2026 05:46:17,17
2381,US5AK2OL,View,1,07/26/2024,0,07/26/2024,01/16/2026 05:46:17,17
2382,US5AK2PH,View,1,07/26/2024,0,07/26/2024,01/16/2026 05:46:17,17
2383,US5AK2PI,View,1,07/26/2024,0,07/26/2024,01/16/2026 05:46:17,17
2384,US5AK2PL,View,1,07/26/2024,0,07/26/2024,01/16/2026 05:46:17,17
2385,US5AK2PM,View,1,07/26/2024,0,07/26/2024,01/16/2026 05:46:17,17
2386,US5AK2PQ,View,1,06/11/2024,0,06/11/2024,01/16/2026 05:46:16,17
2387,US5AK2QC,View,1,08/26/2024,0,08/26/2024,01/16/2026 05:46:16,17
2388,US5AK2QD,View,1,08/26/2024,0,08/26/2024,01/16/2026 05:46:16,17
2389,US5AK2QJ,View,1,07/26/2024,0,07/26/2024,01/16/2026 05:46:16,17
2390,US5AK2QL,View,1,07/26/2024,0,07/26/2024,01/16/2026 05:46:16,17
2391,US5AK2QQ,View,1,06/11/2024,0,06/11/2024,01/16/2026 05:46:16,17
2392,US5AK2RJ,View,1,07/26/2024,0,07/26/2024,01/16/2026 05:46:16,17
2393,US5AK2RK,View,1,07/26/2024,0,07/26/2024,01/16/2026 05:46:16,17
2394,US5AK2SC,View,1,08/26/2024,0,08/26/2024,01/16/2026 05:46:15,17
2395,US5AK2TJ,View,1,07/26/2024,0,07/26/2024,01/16/2026 05:46:15,17
2396,US5AK2VT,View,1,09/03/2024,0,09/03/2024,01/16/2026 05:46:15,17
2397,US5AK2WP,View,2,05/06/2024,0,05/06/2024,01/16/2026 05:46:15,17
2398,US5AK2WQ,View,2,05/06/2024,0,05/06/2024,01/16/2026 05:46:15,17
2399,US5AK2WT,View,1,09/03/2024,0,09/03/2024,01/16/2026 05:46:15,17
2400,US5AK2XP,View,2,05/06/2024,0,05/06/2024,01/16/2026 05:46:14,17
2401,US5AK2XQ,View,2,05/06/2024,0,05/06/2024,01/16/2026 05:46:14,17
2402,US5AK2YP,View,2,05/06/2024,0,05/06/2024,01/16/2026 05:46:14,17
2403,US5AK2YQ,View,2,05/06/2024,0,05/06/2024,01/16/2026 05:46:14,17
2404,US5AK2YR,View,2,05/06/2024,0,05/06/2024,01/16/2026 05:46:14,17
2405,US5AK2YS,View,2,05/06/2024,0,05/06/2024,01/16/2026 05:46:14,17
2406,US5AK2YT,View,2,05/06/2024,0,05/06/2024,01/16/2026 05:46:14,17
2407,US5AK2ZQ,View,2,05/06/2024,0,05/06/2024,01/16/2026 05:46:13,17
2408,US5AK2ZR,View,2,05/06/2024,0,05/06/2024,01/16/2026 05:46:13,17
2409,US5AK2ZS,View,2,05/06/2024,0,05/06/2024,01/16/2026 05:46:13,17
2410,US5AK2ZT,View,2,05/06/2024,0,05/06/2024,01/16/2026 05:46:13,17
2411,US5AK3RF,View,1,06/07/2024,0,06/07/2024,01/16/2026 05:46:13,17
2412,US5AK3RI,View,1,06/07/2024,1,02/14/2025,01/16/2026 05:46:13,17
2413,US5AK3SL,View,1,06/07/2024,1,02/13/2025,01/16/2026 05:46:12,17
2414,US5AK3TF,View,1,06/07/2024,0,06/07/2024,01/16/2026 05:46:12,17
2415,US5AK3XI,View,1,07/02/2024,0,07/02/2024,01/16/2026 05:46:12,17
2416,US5AK3XJ,View,1,07/02/2024,1,02/14/2025,01/16/2026 05:46:12,17
2417,US5AK3XK,View,1,07/02/2024,0,07/02/2024,01/16/2026 05:46:12,17
2418,US5AK3YG,View,1,07/02/2024,0,07/02/2024,01/16/2026 05:46:11,17
2419,US5AK3YH,View,1,07/02/2024,1,02/14/2025,01/16/2026 05:46:11,17
2420,US5AK4JG,View,1,09/30/2024,0,09/30/2024,01/16/2026 05:46:11,17
2421,US5AK4JH,View,1,10/01/2024,0,10/01/2024,01/16/2026 05:46:11,17
2422,US5AK4KG,View,1,10/01/2024,1,03/07/2025,01/16/2026 05:46:11,17
2423,US5AK4KH,View,1,09/30/2024,0,09/30/2024,01/16/2026 05:46:11,17
2424,US5AK4QB,View,2,05/01/2025,0,05/01/2025,01/16/2026 05:46:10,17
2425,US5AK4QC,View,1,09/30/2024,0,09/30/2024,01/16/2026 05:46:10,17
2426,US5AK4QD,View,1,09/30/2024,0,09/30/2024,01/16/2026 05:46:10,17
2427,US5AK4RC,View,1,10/01/2024,0,10/01/2024,01/16/2026 05:46:10,17
2428,US5AK4RD,View,1,10/01/2024,0,10/01/2024,01/16/2026 05:46:10,17
2429,US5AK5AM,View,8,06/22/2017,0,06/22/2017,01/16/2026 05:46:10,17
2430,US5AK5HM,View,6,03/29/2022,1,01/11/2023,01/16/2026 05:46:09,17
cxl,US5AK5JM,View,3,04/18/2017,1,08/07/2025,01/16/2026 05:46:09,17
2431,US5AK5NF,View,1,10/03/2024,0,10/03/2024,01/16/2026 05:46:09,17
2432,US5AK5NG,View,1,10/03/2024,0,10/03/2024,01/16/2026 05:46:09,17
2433,US5AK5PE,View,1,10/03/2024,0,10/03/2024,01/16/2026 05:46:09,17
2434,US5AK5PF,View,1,10/03/2024,0,10/03/2024,01/16/2026 05:46:08,17
2435,US5AK5PG,View,1,10/03/2024,0,10/03/2024,01/16/2026 05:46:08,17
2436,US5AK5QF,View,1,10/03/2024,0,10/03/2024,01/16/2026 05:46:08,17
2437,US5AK5QG,View,1,10/03/2024,0,10/03/2024,01/16/2026 05:46:08,17
2438,US5AK5SI,View,1,10/03/2024,0,10/03/2024,01/16/2026 05:46:08,17
2439,US5AK5SJ,View,1,10/03/2024,0,10/03/2024,01/16/2026 05:46:07,17
2440,US5AK5XD,View,1,10/03/2024,0,10/03/2024,01/16/2026 05:46:07,17
2441,US5AK5ZV,View,1,09/30/2024,1,09/29/2025,01/16/2026 05:46:07,17
2442,US5AK5ZW,View,1,09/30/2024,1,03/26/2025,01/16/2026 05:46:07,17
2443,US5AK6CL,View,1,09/17/2024,0,09/17/2024,01/16/2026 05:46:07,17
2444,US5AK6CN,View,1,09/17/2024,0,09/17/2024,01/16/2026 05:46:06,17
2445,US5AK6DL,View,1,09/17/2024,0,09/17/2024,01/16/2026 05:46:06,17
2446,US5AK6DN,View,1,09/17/2024,0,09/17/2024,01/16/2026 05:46:06,17
2447,US5AK6EL,View,1,09/17/2024,0,09/17/2024,01/16/2026 05:46:06,17
2448,US5AK6EN,View,1,09/17/2024,0,09/17/2024,01/16/2026 05:46:06,17
2449,US5AK6FN,View,1,09/17/2024,0,09/17/2024,01/16/2026 05:46:06,17
2450,US5AK6HS,View,1,09/17/2024,0,09/17/2024,01/16/2026 05:46:05,17
2451,US5AK6HT,View,1,09/17/2024,0,09/17/2024,01/16/2026 05:46:05,17
2452,US5AK6MK,View,1,09/17/2024,0,09/17/2024,01/16/2026 05:46:05,17
2453,US5AK6ML,View,1,09/17/2024,0,09/17/2024,01/16/2026 05:46:05,17
2454,US5AK6MN,View,1,09/17/2024,0,09/17/2024,01/16/2026 05:46:05,17
2455,US5AK6MO,View,1,09/17/2024,0,09/17/2024,01/16/2026 05:46:04,17
2456,US5AK6NO,View,1,09/17/2024,0,09/17/2024,01/16/2026 05:46:04,17
2457,US5AK6OX,View,2,12/15/2023,2,03/10/2025,01/16/2026 05:46:04,17
2458,US5AK6OY,View,7,08/25/2025,0,08/25/2025,01/16/2026 05:46:04,17
2459,US5AK6OZ,View,4,08/25/2025,0,08/25/2025,01/16/2026 05:46:04,17
2460,US5AK6PY,View,6,08/26/2025,0,08/26/2025,01/16/2026 05:46:03,17
2461,US5AK6PZ,View,5,08/25/2025,0,08/25/2025,01/16/2026 05:46:03,17
2462,US5AK6QY,View,1,03/12/2025,0,03/12/2025,01/16/2026 05:46:03,17
2463,US5AK6QZ,View,1,03/12/2025,0,03/12/2025,01/16/2026 05:46:02,17
2464,US5AK6RV,View,1,03/12/2025,0,03/12/2025,01/16/2026 05:46:02,17
2465,US5AK6RW,View,1,03/12/2025,0,03/12/2025,01/16/2026 05:46:02,17
2466,US5AK6RX,View,1,03/12/2025,0,03/12/2025,01/16/2026 05:46:02,17
2467,US5AK6RY,View,1,03/12/2025,1,09/09/2025,01/16/2026 05:46:02,17
2468,US5AK6VM,View,1,12/30/2024,0,12/30/2024,01/16/2026 05:46:02,17
2469,US5AK6VN,View,1,12/30/2024,0,12/30/2024,01/16/2026 05:46:02,17
2470,US5AK6VO,View,1,12/30/2024,0,12/30/2024,01/16/2026 05:46:02,17
2471,US5AK6WM,View,1,12/30/2024,0,12/30/2024,01/16/2026 05:46:01,17
2472,US5AK6WN,View,1,12/30/2024,0,12/30/2024,01/16/2026 05:46:01,17
2473,US5AK6WO,View,1,12/30/2024,0,12/30/2024,01/16/2026 05:46:01,17
2474,US5AK6XM,View,1,12/30/2024,0,12/30/2024,01/16/2026 05:46:01,17
2475,US5AK6XN,View,1,12/30/2024,0,12/30/2024,01/16/2026 05:46:01,17
2476,US5AK6XO,View,1,12/30/2024,0,12/30/2024,01/16/2026 05:46:01,17
2477,US5AK6XX,View,1,09/05/2024,0,09/05/2024,01/16/2026 05:46:01,17
2478,US5AK6YW,View,1,09/05/2024,0,09/05/2024,01/16/2026 05:46:00,17
2479,US5AK6YX,View,1,09/05/2024,0,09/05/2024,01/16/2026 05:46:00,17
2480,US5AK6YY,View,1,09/06/2024,0,09/06/2024,01/16/2026 05:46:00,17
2481,US5AK6ZW,View,1,09/05/2024,0,09/05/2024,01/16/2026 05:46:00,17
2482,US5AK6ZX,View,1,09/05/2024,0,09/05/2024,01/16/2026 05:46:00,17
cxl,US5AK75M,View,6,12/06/2016,1,07/22/2025,01/16/2026 05:46:00,17
cxl,US5AK76M,View,5,12/14/2016,1,07/22/2025,01/16/2026 05:45:59,17
cxl,US5AK77M,View,3,03/28/2017,1,07/22/2025,01/16/2026 05:45:59,17
cxl,US5AK79M,View,4,02/28/2017,1,09/23/2025,01/16/2026 05:45:59,17
cxl,US5AK7AM,View,5,03/20/2020,1,09/23/2025,01/16/2026 05:45:58,17
2483,US5AK7CB,View,1,01/06/2025,0,01/06/2025,01/16/2026 05:45:58,17
2484,US5AK7CC,View,1,01/06/2025,0,01/06/2025,01/16/2026 05:45:58,17
2485,US5AK7DB,View,1,01/05/2025,0,01/05/2025,01/16/2026 05:45:58,17
2486,US5AK7DC,View,1,01/06/2025,0,01/06/2025,01/16/2026 05:45:57,17
2487,US5AK7EA,View,1,01/03/2025,0,01/03/2025,01/16/2026 05:45:57,17
2488,US5AK7H7,View,1,10/31/2024,0,10/31/2024,01/16/2026 05:45:57,17
2489,US5AK7H8,View,1,10/31/2024,0,10/31/2024,01/16/2026 05:45:57,17
2490,US5AK7I7,View,1,10/31/2024,0,10/31/2024,01/16/2026 05:45:57,17
2491,US5AK7I8,View,1,10/31/2024,0,10/31/2024,01/16/2026 05:45:57,17
2492,US5AK7J7,View,1,10/31/2024,0,10/31/2024,01/16/2026 05:45:57,17
2493,US5AK7J8,View,1,10/31/2024,0,10/31/2024,01/16/2026 05:45:57,17
2494,US5AK7K6,View,1,10/31/2024,0,10/31/2024,01/16/2026 05:45:57,17
2495,US5AK7K7,View,1,10/31/2024,0,10/31/2024,01/16/2026 05:45:56,17
2496,US5AK7K8,View,1,10/31/2024,0,10/31/2024,01/16/2026 05:45:56,17
2497,US5AK7L6,View,1,10/30/2024,0,10/30/2024,01/16/2026 05:45:56,17
2498,US5AK7L7,View,1,10/30/2024,0,10/30/2024,01/16/2026 05:45:56,17
2499,US5AK7L8,View,1,10/31/2024,0,10/31/2024,01/16/2026 05:45:56,17
cxl,US5AK7LM,View,4,07/11/2024,1,08/19/2025,01/16/2026 05:45:56,17
2500,US5AK7MC,View,1,10/31/2024,0,10/31/2024,01/16/2026 05:45:56,17
cxl,US5AK7NM,View,9,07/11/2024,1,08/19/2025,01/16/2026 05:45:55,17
2501,US5AK7NP,View,1,01/07/2025,0,01/07/2025,01/16/2026 05:45:55,17
2502,US5AK7NQ,View,1,01/07/2025,0,01/07/2025,01/16/2026 05:45:55,17
2503,US5AK7NU,View,1,01/05/2025,0,01/05/2025,01/16/2026 05:45:55,17
cxl,US5AK7OM,View,8,07/11/2024,1,08/19/2025,01/16/2026 05:45:54,17
cxl,US5AK7PM,View,3,03/17/2017,1,08/19/2025,01/16/2026 05:45:54,17
2504,US5AK7PP,View,1,01/06/2025,2,09/12/2025,01/16/2026 05:45:54,17
2505,US5AK7PQ,View,1,01/07/2025,0,01/07/2025,01/16/2026 05:45:54,17
cxl,US5AK7QM,View,5,04/06/2017,1,08/19/2025,01/16/2026 05:45:53,17
2506,US5AK7QP,View,1,01/06/2025,0,01/06/2025,01/16/2026 05:45:53,17
2507,US5AK7QQ,View,1,01/06/2025,0,01/06/2025,01/16/2026 05:45:53,17
cxl,US5AK7RM,View,5,07/11/2024,1,08/19/2025,01/16/2026 05:45:53,17
cxl,US5AK7SM,View,7,03/21/2017,1,08/19/2025,01/16/2026 05:45:53,17
cxl,US5AK7TM,View,5,03/22/2017,1,08/19/2025,01/16/2026 05:45:52,17
cxl,US5AK7UM,View,7,07/11/2024,1,08/19/2025,01/16/2026 05:45:52,17
2508,US5AK7WZ,View,1,01/07/2025,0,01/07/2025,01/16/2026 05:45:51,17
2509,US5AK8DM,View,4,08/06/2018,0,08/06/2018,01/16/2026 05:45:51,17
2510,US5AK8EC,View,1,04/30/2025,0,04/30/2025,01/16/2026 05:45:51,17
2511,US5AK8FC,View,1,05/01/2025,0,05/01/2025,01/16/2026 05:45:51,17
2512,US5AK8KL,View,1,04/29/2025,0,04/29/2025,01/16/2026 05:45:51,17
2513,US5AK8LK,View,1,04/29/2025,0,04/29/2025,01/16/2026 05:45:50,17
2514,US5AK8LL,View,1,04/29/2025,0,04/29/2025,01/16/2026 05:45:50,17
2515,US5AK8UW,View,1,04/30/2025,0,04/30/2025,01/16/2026 05:45:50,17
2516,US5AK8UX,View,1,04/30/2025,0,04/30/2025,01/16/2026 05:45:50,17
2517,US5AK8UY,View,1,05/01/2025,0,05/01/2025,01/16/2026 05:45:50,17
2518,US5AK8VW,View,1,04/30/2025,0,04/30/2025,01/16/2026 05:45:49,17
2519,US5AK8VX,View,1,05/01/2025,0,05/01/2025,01/16/2026 05:45:49,17
2520,US5AK8VY,View,1,04/30/2025,0,04/30/2025,01/16/2026 05:45:49,17
2521,US5AK8WW,View,1,04/30/2025,0,04/30/2025,01/16/2026 05:45:49,17
2522,US5AK8WX,View,1,04/30/2025,0,04/30/2025,01/16/2026 05:45:49,17
2523,US5AK8WY,View,1,04/30/2025,0,04/30/2025,01/16/2026 05:45:49,17
2524,US5AK9CJ,View,1,07/11/2024,0,07/11/2024,01/16/2026 05:45:49,17
2525,US5AK9DD,View,1,07/11/2024,0,07/11/2024,01/16/2026 05:45:48,17
2526,US5AK9DE,View,1,07/11/2024,0,07/11/2024,01/16/2026 05:45:48,17
2527,US5AK9DI,View,1,07/11/2024,0,07/11/2024,01/16/2026 05:45:48,17
2528,US5AK9DJ,View,1,07/11/2024,0,07/11/2024,01/16/2026 05:45:48,17
2529,US5AK9ED,View,1,07/11/2024,0,07/11/2024,01/16/2026 05:45:48,17
2530,US5AK9EE,View,1,07/11/2024,0,07/11/2024,01/16/2026 05:45:48,17
2531,US5AK9FD,View,1,07/11/2024,0,07/11/2024,01/16/2026 05:45:47,17
2532,US5AK9FE,View,1,07/11/2024,0,07/11/2024,01/16/2026 05:45:47,17
2533,US5AK9PN,View,1,07/11/2024,0,07/11/2024,01/16/2026 05:45:47,17
2534,US5AL1CB,View,3,07/17/2025,0,07/17/2025,01/16/2026 05:45:47,8
2535,US5AL1CC,View,2,04/15/2025,0,04/15/2025,01/16/2026 05:45:47,8
2536,US5AL1CH,View,3,12/16/2025,0,12/16/2025,01/16/2026 05:45:47,8
2537,US5AL1CI,View,3,12/16/2025,0,12/16/2025,01/16/2026 05:45:46,8
2538,US5AL1CJ,View,3,12/16/2025,0,12/16/2025,01/16/2026 05:45:46,8
2539,US5AL1CK,View,4,12/16/2025,0,12/16/2025,01/16/2026 05:45:46,8
2540,US5AL1DB,View,4,08/25/2025,0,08/25/2025,01/16/2026 05:45:46,8
2541,US5AL1DC,View,3,08/25/2025,0,08/25/2025,01/16/2026 05:45:46,8
2542,US5AL1DH,View,3,12/16/2025,0,12/16/2025,01/16/2026 05:45:46,8
2543,US5AL1DI,View,3,12/16/2025,0,12/16/2025,01/16/2026 05:45:46,8
2544,US5AL1DJ,View,3,12/16/2025,0,12/16/2025,01/16/2026 05:45:46,8
2545,US5AL1DK,View,2,12/16/2025,0,12/16/2025,01/16/2026 05:45:45,8
2546,US5AL1DL,View,3,09/02/2025,0,09/02/2025,01/16/2026 05:45:45,8
2547,US5AL1EB,View,2,08/25/2025,0,08/25/2025,01/16/2026 05:45:45,8
2548,US5AL1EC,View,2,08/25/2025,0,08/25/2025,01/16/2026 05:45:45,8
2549,US5AL1EL,View,1,12/22/2023,2,08/29/2024,01/16/2026 05:45:45,8
2550,US5AL1FC,View,2,08/25/2025,1,11/05/2025,01/16/2026 05:45:45,8
2551,US5AN01M,View,4,05/13/2025,0,05/13/2025,01/16/2026 05:45:44,14
2552,US5ANCDE,View,1,10/03/2024,0,10/03/2024,01/16/2026 05:45:44,17
2553,US5ANCEE,View,1,10/03/2024,0,10/03/2024,01/16/2026 05:45:44,17
2554,US5ANCEF,View,3,09/29/2025,0,09/29/2025,01/16/2026 05:45:44,17
2555,US5ARAFC,View,1,09/30/2024,0,09/30/2024,01/16/2026 05:45:44,8
2556,US5ARAFD,View,1,09/30/2024,1,06/18/2025,01/16/2026 05:45:44,8
2557,US5ARAGD,View,1,09/30/2024,0,09/30/2024,01/16/2026 05:45:43,8
2558,US5ARAGE,View,1,09/30/2024,0,09/30/2024,01/16/2026 05:45:43,8
2559,US5ARAHE,View,1,09/30/2024,0,09/30/2024,01/16/2026 05:45:43,8
2560,US5ARAIE,View,1,09/30/2024,0,09/30/2024,01/16/2026 05:45:43,8
2561,US5BALAD,View,2,03/27/2024,5,08/21/2025,01/16/2026 05:45:40,5
2562,US5BALAE,View,2,03/27/2024,2,05/02/2024,01/16/2026 05:45:40,5
2563,US5BALAF,View,2,03/27/2024,2,12/12/2025,01/16/2026 05:45:39,5
2564,US5BALBA,View,6,06/18/2025,2,08/20/2025,01/16/2026 05:45:39,5
2565,US5BALBB,View,15,05/29/2025,7,09/15/2025,01/16/2026 05:45:38,5
2566,US5BALBC,View,6,03/07/2024,14,08/07/2025,01/16/2026 05:45:38,5
2567,US5BALBD,View,3,09/11/2024,5,07/01/2025,01/16/2026 05:45:38,5
2568,US5BALBE,View,2,03/27/2024,2,05/02/2024,01/16/2026 05:45:38,5
2569,US5BALBF,View,2,03/27/2024,1,04/22/2024,01/16/2026 05:45:38,5
2570,US5BALCA,View,5,03/07/2024,10,12/19/2025,01/16/2026 05:45:37,5
2571,US5BALCB,View,8,12/19/2025,0,12/19/2025,01/16/2026 05:45:37,5
2572,US5BALCC,View,3,03/07/2024,0,03/07/2024,01/16/2026 05:45:37,5
2573,US5BALCD,View,1,09/22/2023,1,02/10/2025,01/16/2026 05:45:37,5
2574,US5BALCE,View,1,09/22/2023,1,01/06/2025,01/16/2026 05:45:37,5
2575,US5BALCF,View,2,03/27/2024,5,10/22/2025,01/16/2026 05:45:36,5
2576,US5BALDC,View,1,07/21/2023,0,07/21/2023,01/16/2026 05:45:36,5
2577,US5BALDD,View,1,07/21/2023,0,07/21/2023,01/16/2026 05:45:36,5
2578,US5BALDE,View,1,07/21/2023,1,09/29/2025,01/16/2026 05:45:36,5
2579,US5BALDF,View,2,02/15/2024,4,10/03/2025,01/16/2026 05:45:36,5
2580,US5BALDG,View,2,02/15/2024,2,07/24/2024,01/16/2026 05:45:35,5
2581,US5BALDH,View,2,02/15/2024,2,07/24/2024,01/16/2026 05:45:35,5
2582,US5BALDI,View,1,05/30/2023,1,03/05/2025,01/16/2026 05:45:35,5
2583,US5BALDJ,View,1,05/30/2023,0,05/30/2023,01/16/2026 05:45:35,5
2584,US5BALDK,View,1,05/30/2023,0,05/30/2023,01/16/2026 05:45:35,5
2585,US5BALDL,View,1,05/30/2023,0,05/30/2023,01/16/2026 05:45:35,5
2586,US5BALED,View,1,07/21/2023,0,07/21/2023,01/16/2026 05:45:35,5
2587,US5BALEE,View,1,07/21/2023,1,08/01/2024,01/16/2026 05:45:34,5
2588,US5BALEF,View,1,07/21/2023,0,07/21/2023,01/16/2026 05:45:34,5
2589,US5BALEG,View,2,02/15/2024,0,02/15/2024,01/16/2026 05:45:34,5
2590,US5BALEH,View,2,02/15/2024,2,07/24/2024,01/16/2026 05:45:34,5
2591,US5BALEI,View,3,07/24/2024,2,06/26/2025,01/16/2026 05:45:34,5
2592,US5BALEJ,View,1,05/30/2023,0,05/30/2023,01/16/2026 05:45:34,5
2593,US5BALEK,View,1,05/30/2023,0,05/30/2023,01/16/2026 05:45:33,5
2594,US5BALEL,View,1,05/30/2023,0,05/30/2023,01/16/2026 05:45:33,5
2595,US5BALFE,View,1,07/21/2023,0,07/21/2023,01/16/2026 05:45:33,5
2596,US5BALFF,View,1,07/21/2023,0,07/21/2023,01/16/2026 05:45:33,5
2597,US5BALFG,View,1,06/28/2023,0,06/28/2023,01/16/2026 05:45:33,5
2598,US5BALFH,View,1,06/28/2023,1,12/07/2023,01/16/2026 05:45:33,5
2599,US5BALFI,View,2,02/15/2024,2,07/24/2024,01/16/2026 05:45:32,5
2600,US5BALFJ,View,4,01/26/2024,5,11/04/2024,01/16/2026 05:45:32,5
2601,US5BALGG,View,1,06/28/2023,0,06/28/2023,01/16/2026 05:45:32,5
2602,US5BALGH,View,2,03/28/2025,0,03/28/2025,01/16/2026 05:45:32,5
2603,US5BALGI,View,1,05/30/2023,0,05/30/2023,01/16/2026 05:45:31,5
2604,US5BALGJ,View,1,05/30/2023,0,05/30/2023,01/16/2026 05:45:31,5
2605,US5BALHG,View,1,06/28/2023,0,06/28/2023,01/16/2026 05:45:31,5
2606,US5BALHH,View,1,06/28/2023,0,06/28/2023,01/16/2026 05:45:31,5
2607,US5BDRAB,View,5,12/06/2024,0,12/06/2024,01/16/2026 05:45:31,1
2608,US5BDRBB,View,5,12/06/2024,0,12/06/2024,01/16/2026 05:45:30,1
2609,US5BGRBB,View,2,12/11/2024,0,12/11/2024,01/16/2026 05:45:30,1
2610,US5BGRBC,View,2,12/11/2024,0,12/11/2024,01/16/2026 05:45:30,1
2611,US5BGRBD,View,2,12/12/2024,0,12/12/2024,01/16/2026 05:45:30,1
2612,US5BGRBE,View,3,03/12/2025,0,03/12/2025,01/16/2026 05:45:29,1
2613,US5BGRBF,View,2,12/12/2024,0,12/12/2024,01/16/2026 05:45:29,1
2614,US5BGRBG,View,2,12/12/2024,1,01/08/2026,01/16/2026 05:45:29,1
2615,US5BGRCB,View,2,12/16/2024,2,07/01/2025,01/16/2026 05:45:29,1
2616,US5BGRCC,View,2,12/16/2024,0,12/16/2024,01/16/2026 05:45:28,1
2617,US5BGRCD,View,2,12/13/2024,2,04/11/2025,01/16/2026 05:45:28,1
2618,US5BGRCE,View,2,12/13/2024,0,12/13/2024,01/16/2026 05:45:28,1
2619,US5BGRCF,View,4,12/13/2024,0,12/13/2024,01/16/2026 05:45:27,1
2620,US5BGRCG,View,3,12/17/2024,0,12/17/2024,01/16/2026 05:45:27,1
2621,US5BGRDB,View,2,12/16/2024,0,12/16/2024,01/16/2026 05:45:27,1
2622,US5BGRDC,View,2,12/18/2024,0,12/18/2024,01/16/2026 05:45:27,1
2623,US5BGRDD,View,2,12/18/2024,0,12/18/2024,01/16/2026 05:45:26,1
2624,US5BGRDE,View,2,12/18/2024,0,12/18/2024,01/16/2026 05:45:26,1
2625,US5BGRDF,View,3,12/18/2024,0,12/18/2024,01/16/2026 05:45:26,1
2626,US5BGRDG,View,3,12/17/2024,0,12/17/2024,01/16/2026 05:45:26,1
2627,US5BGRDH,View,3,12/17/2024,1,01/12/2026,01/16/2026 05:45:25,1
2628,US5BGREB,View,2,12/18/2024,0,12/18/2024,01/16/2026 05:45:25,1
2629,US5BGREC,View,3,12/18/2024,0,12/18/2024,01/16/2026 05:45:25,1
2630,US5BGRED,View,2,12/20/2024,0,12/20/2024,01/16/2026 05:45:25,1
2631,US5BGREE,View,2,12/20/2024,0,12/20/2024,01/16/2026 05:45:24,1
2632,US5BGREF,View,2,12/26/2024,0,12/26/2024,01/16/2026 05:45:24,1
2633,US5BGREG,View,3,12/26/2024,0,12/26/2024,01/16/2026 05:45:24,1
2634,US5BGREH,View,2,12/23/2024,0,12/23/2024,01/16/2026 05:45:24,1
2635,US5BGRFC,View,2,12/18/2024,0,12/18/2024,01/16/2026 05:45:24,1
2636,US5BGRFD,View,2,12/20/2024,1,04/28/2025,01/16/2026 05:45:23,1
2637,US5BGRFE,View,2,12/20/2024,0,12/20/2024,01/16/2026 05:45:23,1
2638,US5BGRFF,View,3,12/26/2024,0,12/26/2024,01/16/2026 05:45:23,1
2639,US5BGRFG,View,3,12/26/2024,0,12/26/2024,01/16/2026 05:45:23,1
2640,US5BGRGD,View,2,12/27/2024,0,12/27/2024,01/16/2026 05:45:22,1
2641,US5BGRGE,View,2,12/27/2024,0,12/27/2024,01/16/2026 05:45:22,1
2642,US5BGRGF,View,3,12/27/2024,2,08/22/2025,01/16/2026 05:45:22,1
2643,US5BGRGG,View,3,12/27/2024,0,12/27/2024,01/16/2026 05:45:22,1
2644,US5BGRHE,View,2,01/03/2025,1,05/01/2025,01/16/2026 05:45:21,1
2645,US5BGRHF,View,2,12/27/2024,0,12/27/2024,01/16/2026 05:45:21,1
2646,US5BIXBC,View,2,04/25/2025,0,04/25/2025,01/16/2026 05:45:21,8
2647,US5BIXBD,View,1,05/22/2024,1,06/03/2025,01/16/2026 05:45:21,8
2648,US5BIXCC,View,2,04/25/2025,1,11/13/2025,01/16/2026 05:45:21,8
2649,US5BIXCD,View,2,02/28/2025,0,02/28/2025,01/16/2026 05:45:21,8
2650,US5BIXDC,View,1,03/27/2024,2,01/21/2025,01/16/2026 05:45:20,8
2651,US5BIXDD,View,1,05/22/2024,3,11/05/2025,01/16/2026 05:45:20,8
2652,US5BIXEA,View,1,03/27/2024,3,09/09/2025,01/16/2026 05:45:20,8
2653,US5BIXEB,View,1,03/27/2024,3,09/09/2025,01/16/2026 05:45:20,8
2654,US5BIXEC,View,2,09/06/2024,3,09/09/2025,01/16/2026 05:45:19,8
2655,US5BIXED,View,1,05/22/2024,0,05/22/2024,01/16/2026 05:45:19,8
2656,US5BOSBE,View,4,05/15/2025,0,05/15/2025,01/16/2026 05:45:19,1
2657,US5BOSBF,View,4,05/15/2025,0,05/15/2025,01/16/2026 05:45:19,1
2658,US5BOSBG,View,3,02/21/2025,1,04/17/2025,01/16/2026 05:45:18,1
2659,US5BOSCC,View,5,09/23/2025,0,09/23/2025,01/16/2026 05:45:18,1
2660,US5BOSCD,View,4,02/25/2025,5,01/08/2026,01/16/2026 05:45:18,1
2661,US5BOSCE,View,4,02/19/2025,3,06/11/2025,01/16/2026 05:45:18,1
2662,US5BOSCF,View,4,02/19/2025,0,02/19/2025,01/16/2026 05:45:17,1
2663,US5BOSCG,View,3,02/25/2025,0,02/25/2025,01/16/2026 05:45:17,1
2664,US5BOSDB,View,3,02/25/2025,0,02/25/2025,01/16/2026 05:45:17,1
2665,US5BOSDC,View,5,11/24/2025,0,11/24/2025,01/16/2026 05:45:16,1
2666,US5BOSDD,View,5,06/02/2025,3,11/12/2025,01/16/2026 05:45:16,1
2667,US5BOSDE,View,3,02/25/2025,5,11/12/2025,01/16/2026 05:45:16,1
2668,US5BOSDF,View,3,02/25/2025,0,02/25/2025,01/16/2026 05:45:16,1
2669,US5BOSDG,View,3,02/25/2025,0,02/25/2025,01/16/2026 05:45:16,1
2670,US5BPGAE,View,2,10/04/2024,1,05/12/2025,01/16/2026 05:45:15,8
2671,US5BPGBD,View,4,10/04/2024,3,05/12/2025,01/16/2026 05:45:15,8
2672,US5BPGBE,View,8,06/11/2025,2,08/14/2025,01/16/2026 05:45:15,8
2673,US5BPGCB,View,5,11/18/2024,2,03/26/2025,01/16/2026 05:45:15,8
2674,US5BPGCC,View,5,11/18/2024,2,10/15/2025,01/16/2026 05:45:14,8
2675,US5BPGCD,View,5,10/04/2024,2,05/12/2025,01/16/2026 05:45:14,8
2676,US5BPGDA,View,4,12/20/2024,1,05/12/2025,01/16/2026 05:45:14,8
2677,US5BPGDB,View,5,11/18/2024,1,03/26/2025,01/16/2026 05:45:14,8
2678,US5BPGDC,View,4,11/18/2024,1,03/26/2025,01/16/2026 05:45:13,8
2679,US5BPGEA,View,9,09/09/2025,0,09/09/2025,01/16/2026 05:45:13,8
2680,US5BPGEB,View,9,01/22/2025,2,09/09/2025,01/16/2026 05:45:13,8
2681,US5BPGFA,View,11,09/09/2025,0,09/09/2025,01/16/2026 05:45:13,8
2682,US5BPGFB,View,11,09/10/2025,0,09/10/2025,01/16/2026 05:45:12,8
2683,US5BPGGA,View,8,09/09/2025,0,09/09/2025,01/16/2026 05:45:12,8
2684,US5BPGGB,View,9,09/09/2025,0,09/09/2025,01/16/2026 05:45:12,8
2685,US5BPGHA,View,6,09/09/2025,0,09/09/2025,01/16/2026 05:45:12,8
2686,US5BPTAC,View,2,11/21/2024,2,11/20/2025,01/16/2026 05:45:12,8
2687,US5BPTAD,View,2,11/21/2024,2,11/20/2025,01/16/2026 05:45:11,8
2688,US5BPTBA,View,2,11/21/2024,0,11/21/2024,01/16/2026 05:45:11,8
2689,US5BPTBB,View,2,11/21/2024,3,11/20/2025,01/16/2026 05:45:11,8
2690,US5BPTBC,View,2,11/21/2024,2,11/20/2025,01/16/2026 05:45:11,8
2691,US5BPTBD,View,1,07/11/2025,0,07/11/2025,01/16/2026 05:45:10,8
2692,US5BPTCA,View,3,11/21/2024,0,11/21/2024,01/16/2026 05:45:10,8
2693,US5BPTCB,View,2,11/21/2024,0,11/21/2024,01/16/2026 05:45:10,8
2694,US5BROAA,View,2,10/24/2024,1,04/30/2025,01/16/2026 05:45:10,8
2695,US5BROBA,View,2,10/24/2024,4,12/09/2025,01/16/2026 05:45:10,8
2696,US5BROBB,View,2,10/24/2024,5,12/09/2025,01/16/2026 05:45:10,8
2697,US5BROBC,View,2,10/24/2024,4,12/09/2025,01/16/2026 05:45:09,8
2698,US5BROBD,View,3,02/12/2025,0,02/12/2025,01/16/2026 05:45:09,8
2699,US5BROCC,View,4,10/02/2025,2,12/09/2025,01/16/2026 05:45:09,8
2700,US5BROCD,View,4,10/02/2025,4,12/09/2025,01/16/2026 05:45:09,8
2701,US5BROCE,View,3,02/12/2025,3,12/09/2025,01/16/2026 05:45:08,8
2702,US5BUFDC,View,1,08/01/2024,0,08/01/2024,01/16/2026 05:45:08,9
2703,US5BUFDD,View,1,08/01/2024,6,12/18/2025,01/16/2026 05:45:08,9
2704,US5BUFDE,View,2,03/26/2025,3,07/01/2025,01/16/2026 05:45:08,9
2705,US5BUFEC,View,1,08/01/2024,0,08/01/2024,01/16/2026 05:45:07,9
2706,US5BUFED,View,1,08/01/2024,2,08/06/2025,01/16/2026 05:45:07,9
2707,US5BUFEE,View,1,08/01/2024,1,07/01/2025,01/16/2026 05:45:07,9
2708,US5BUFFC,View,1,08/02/2024,1,04/09/2025,01/16/2026 05:45:07,9
2709,US5BUFFD,View,1,08/02/2024,2,07/01/2025,01/16/2026 05:45:07,9
2710,US5BUFFE,View,1,08/02/2024,1,08/13/2025,01/16/2026 05:45:06,9
2711,US5BUFGB,View,1,08/02/2024,0,08/02/2024,01/16/2026 05:45:06,9
2712,US5BUFGC,View,1,08/02/2024,6,08/28/2025,01/16/2026 05:45:06,9
2713,US5BUFGD,View,1,08/02/2024,2,07/01/2025,01/16/2026 05:45:06,9
2714,US5BUFGE,View,1,08/02/2024,0,08/02/2024,01/16/2026 05:45:06,9
2715,US5BUFHB,View,1,08/02/2024,0,08/02/2024,01/16/2026 05:45:05,9
2716,US5BUFHC,View,1,08/02/2024,0,08/02/2024,01/16/2026 05:45:05,9
2717,US5BUFIB,View,1,08/02/2024,0,08/02/2024,01/16/2026 05:45:05,9
2718,US5BUFIC,View,1,08/02/2024,0,08/02/2024,01/16/2026 05:45:05,9
2719,US5CA11M,View,7,09/29/2017,0,09/29/2017,01/16/2026 05:45:05,11
cxl,US5CA12M,View,31,09/24/2025,2,12/05/2025,01/16/2026 05:45:04,11
cxl,US5CA13M,View,95,09/25/2025,2,12/05/2025,01/16/2026 05:45:04,11
2720,US5CA15M,View,4,07/13/2023,0,07/13/2023,01/16/2026 05:45:03,11
2721,US5CA16M,View,46,12/05/2025,0,12/05/2025,01/16/2026 05:45:03,11
2722,US5CA1MR,View,1,12/03/2025,0,12/03/2025,01/16/2026 05:45:03,11
2723,US5CA1MS,View,1,12/03/2025,0,12/03/2025,01/16/2026 05:45:03,11
2724,US5CA1NR,View,1,12/03/2025,0,12/03/2025,01/16/2026 05:45:02,11
2725,US5CA1NS,View,1,12/02/2025,0,12/02/2025,01/16/2026 05:45:02,11
cxl,US5CA21M,View,61,09/24/2025,1,12/05/2025,01/16/2026 05:45:02,11
2726,US5CA31M,View,41,09/24/2025,0,09/24/2025,01/16/2026 05:45:02,11
2727,US5CA32M,View,32,09/24/2025,0,09/24/2025,01/16/2026 05:45:01,11
2728,US5CA41M,View,44,10/11/2024,1,04/22/2025,01/16/2026 05:45:01,11
2729,US5CA42M,View,12,04/17/2018,1,10/23/2019,01/16/2026 05:45:01,11
2730,US5CA43M,View,24,10/11/2024,2,07/24/2025,01/16/2026 05:45:01,11
2731,US5CA44M,View,35,06/12/2025,1,09/11/2025,01/16/2026 05:45:00,11
2732,US5CA45M,View,22,10/11/2024,2,09/11/2025,01/16/2026 05:45:00,11
2733,US5CA46M,View,14,12/03/2025,1,12/17/2025,01/16/2026 05:44:59,11
2734,US5CA47M,View,15,12/03/2025,0,12/03/2025,01/16/2026 05:44:59,11
2735,US5CA48M,View,18,07/10/2025,1,09/11/2025,01/16/2026 05:44:59,11
cxl,US5CA49M,View,10,12/03/2025,1,12/19/2025,01/16/2026 05:44:58,11
2736,US5CA4HA,View,1,12/17/2025,0,12/17/2025,01/16/2026 05:44:58,11
2737,US5CA4HB,View,1,12/17/2025,0,12/17/2025,01/16/2026 05:44:58,11
2738,US5CA4HC,View,1,12/17/2025,0,12/17/2025,01/16/2026 05:44:58,11
2739,US5CA4HD,View,1,12/17/2025,0,12/17/2025,01/16/2026 05:44:58,11
2740,US5CA4IA,View,1,12/17/2025,0,12/17/2025,01/16/2026 05:44:58,11
2741,US5CA4IB,View,1,12/17/2025,0,12/17/2025,01/16/2026 05:44:57,11
2742,US5CA4IC,View,1,12/17/2025,0,12/17/2025,01/16/2026 05:44:57,11
2743,US5CA4ID,View,1,12/17/2025,0,12/17/2025,01/16/2026 05:44:57,11
2744,US5CA4JA,View,1,12/17/2025,0,12/17/2025,01/16/2026 05:44:57,11
2745,US5CA4JB,View,1,12/17/2025,0,12/17/2025,01/16/2026 05:44:57,11
2746,US5CA4JC,View,1,12/17/2025,0,12/17/2025,01/16/2026 05:44:57,11
2747,US5CA4KA,View,1,12/17/2025,1,12/23/2025,01/16/2026 05:44:57,11
2748,US5CA4KB,View,1,12/17/2025,0,12/17/2025,01/16/2026 05:44:56,11
2749,US5CA4LA,View,1,12/17/2025,0,12/17/2025,01/16/2026 05:44:56,11
2750,US5CA4QS,View,1,12/19/2025,0,12/19/2025,01/16/2026 05:44:56,11
2751,US5CA4QT,View,1,12/19/2025,0,12/19/2025,01/16/2026 05:44:56,11
2752,US5CA4RR,View,1,12/19/2025,0,12/19/2025,01/16/2026 05:44:56,11
2753,US5CA4RS,View,1,12/19/2025,0,12/19/2025,01/16/2026 05:44:56,11
2754,US5CA4RT,View,1,12/19/2025,0,12/19/2025,01/16/2026 05:44:56,11
2755,US5CA4SQ,View,1,12/19/2025,0,12/19/2025,01/16/2026 05:44:55,11
2756,US5CA4SR,View,1,12/19/2025,0,12/19/2025,01/16/2026 05:44:55,11
2757,US5CA4SS,View,1,12/19/2025,0,12/19/2025,01/16/2026 05:44:55,11
2758,US5CA4TQ,View,1,12/19/2025,0,12/19/2025,01/16/2026 05:44:55,11
2759,US5CA4TR,View,1,12/19/2025,0,12/19/2025,01/16/2026 05:44:55,11
2760,US5CA4UP,View,1,12/19/2025,0,12/19/2025,01/16/2026 05:44:55,11
2761,US5CA4UQ,View,1,12/19/2025,0,12/19/2025,01/16/2026 05:44:55,11
2762,US5CA4VP,View,1,12/19/2025,0,12/19/2025,01/16/2026 05:44:54,11
2763,US5CA4WO,View,1,12/19/2025,0,12/19/2025,01/16/2026 05:44:54,11
2764,US5CA4WP,View,1,12/19/2025,0,12/19/2025,01/16/2026 05:44:54,11
2765,US5CA4XO,View,1,12/19/2025,0,12/19/2025,01/16/2026 05:44:54,11
2766,US5CA50M,View,13,12/02/2025,0,12/02/2025,01/16/2026 05:44:54,11
2767,US5CA51M,View,10,09/24/2025,0,09/24/2025,01/16/2026 05:44:53,11
2768,US5CA53M,View,5,05/25/2022,3,05/28/2025,01/16/2026 05:44:53,11
2769,US5CA58M,View,13,09/13/2021,7,09/19/2025,01/16/2026 05:44:53,11
2770,US5CA59M,View,6,10/28/2021,3,05/02/2023,01/16/2026 05:44:53,11
2771,US5CA60M,View,10,08/24/2017,0,08/24/2017,01/16/2026 05:44:52,11
cxl,US5CA61M,View,50,05/12/2025,5,12/03/2025,01/16/2026 05:44:52,11
cxl,US5CA62M,View,67,03/19/2025,6,12/03/2025,01/16/2026 05:44:52,11
2772,US5CA63M,View,8,10/28/2021,6,10/12/2023,01/16/2026 05:44:51,11
2773,US5CA64M,View,17,11/06/2023,0,11/06/2023,01/16/2026 05:44:51,11
2774,US5CA65M,View,48,11/16/2023,3,04/23/2025,01/16/2026 05:44:51,11
2775,US5CA66M,View,12,03/29/2022,4,11/06/2023,01/16/2026 05:44:50,11
2776,US5CA67M,View,10,05/29/2024,0,05/29/2024,01/16/2026 05:44:50,11
cxl,US5CA71M,View,23,05/01/2024,1,12/16/2025,01/16/2026 05:44:50,11
cxl,US5CA72M,View,56,07/17/2024,3,12/16/2025,01/16/2026 05:44:49,11
cxl,US5CA74M,View,10,01/20/2023,1,12/16/2025,01/16/2026 05:44:49,11
2777,US5CA75M,View,11,07/22/2020,0,07/22/2020,01/16/2026 05:44:49,11
2778,US5CA76M,View,8,02/17/2022,0,02/17/2022,01/16/2026 05:44:48,11
2779,US5CA77M,View,20,03/19/2019,2,03/18/2021,01/16/2026 05:44:48,11
2780,US5CA78M,View,18,02/24/2023,0,02/24/2023,01/16/2026 05:44:48,11
2781,US5CA79M,View,9,02/24/2023,0,02/24/2023,01/16/2026 05:44:48,11
2782,US5CA80M,View,7,04/18/2025,0,04/18/2025,01/16/2026 05:44:47,11
2783,US5CA81M,View,14,02/10/2022,4,05/27/2025,01/16/2026 05:44:47,11
2784,US5CA82M,View,12,10/28/2021,1,09/30/2022,01/16/2026 05:44:47,11
cxl,US5CA83M,View,16,04/23/2025,1,12/03/2025,01/16/2026 05:44:47,11
2785,US5CA84M,View,8,05/27/2025,0,05/27/2025,01/16/2026 05:44:46,11
2786,US5CA90M,View,6,06/05/2024,0,06/05/2024,01/16/2026 05:44:46,11
2787,US5CA91M,View,4,09/16/2021,1,02/26/2025,01/16/2026 05:44:46,11
2788,US5CA92M,View,16,10/05/2023,0,10/05/2023,01/16/2026 05:44:45,11
2789,US5CA93M,View,4,10/02/2019,1,08/11/2021,01/16/2026 05:44:45,11
2790,US5CA94M,View,30,11/06/2024,4,09/24/2025,01/16/2026 05:44:45,11
2791,US5CA95M,View,5,09/16/2021,0,09/16/2021,01/16/2026 05:44:44,11
cxl,US5CA96M,View,11,05/21/2025,2,12/17/2025,01/16/2026 05:44:44,11
2792,US5CA97M,View,9,12/17/2025,0,12/17/2025,01/16/2026 05:44:44,11
cxl,US5CA98M,View,6,01/28/2021,1,01/07/2026,01/16/2026 05:44:43,11
cxl,US5CA99M,View,5,08/24/2017,1,12/19/2025,01/16/2026 05:44:43,11
2793,US5CA9AM,View,7,10/11/2024,0,10/11/2024,01/16/2026 05:44:42,11
cxl,US5CA9BM,View,6,05/03/2019,1,12/19/2025,01/16/2026 05:44:42,11
2794,US5CHIFP,View,1,09/06/2024,0,09/06/2024,01/16/2026 05:44:41,9
2795,US5CHIFR,View,1,09/06/2024,1,04/28/2025,01/16/2026 05:44:41,9
2796,US5CHIGM,View,1,12/31/2024,0,12/31/2024,01/16/2026 05:44:41,9
2797,US5CHIGN,View,1,12/31/2024,3,07/30/2025,01/16/2026 05:44:41,9
2798,US5CHIGO,View,1,09/06/2024,1,07/30/2025,01/16/2026 05:44:41,9
2799,US5CHIGP,View,1,09/06/2024,1,05/07/2025,01/16/2026 05:44:40,9
2800,US5CHIGR,View,1,09/06/2024,3,12/05/2025,01/16/2026 05:44:40,9
2801,US5CHIGS,View,1,09/06/2024,0,09/06/2024,01/16/2026 05:44:40,9
2802,US5CHIHM,View,1,12/31/2024,2,12/17/2025,01/16/2026 05:44:40,9
2803,US5CHIHN,View,1,12/31/2024,3,06/20/2025,01/16/2026 05:44:39,9
2804,US5CHIHO,View,1,09/06/2024,1,12/17/2025,01/16/2026 05:44:39,9
2805,US5CHIHP,View,1,09/06/2024,0,09/06/2024,01/16/2026 05:44:39,9
2806,US5CHIHV,View,2,10/04/2024,3,12/05/2025,01/16/2026 05:44:39,9
2807,US5CHIIK,View,1,12/30/2024,0,12/30/2024,01/16/2026 05:44:38,9
2808,US5CHIIL,View,1,12/31/2024,1,12/17/2025,01/16/2026 05:44:38,9
2809,US5CHIIM,View,1,12/31/2024,0,12/31/2024,01/16/2026 05:44:38,9
2810,US5CHIJL,View,1,12/31/2024,3,07/14/2025,01/16/2026 05:44:38,9
2811,US5CHIJM,View,1,12/31/2024,1,12/17/2025,01/16/2026 05:44:38,9
2812,US5CHIKK,View,1,12/31/2024,0,12/31/2024,01/16/2026 05:44:38,9
2813,US5CHIKL,View,1,12/31/2024,1,11/12/2025,01/16/2026 05:44:37,9
2814,US5CHILK,View,1,12/30/2024,0,12/30/2024,01/16/2026 05:44:37,9
2815,US5CHILL,View,1,12/31/2024,0,12/31/2024,01/16/2026 05:44:37,9
2816,US5CHIMK,View,1,12/31/2024,1,12/09/2025,01/16/2026 05:44:37,9
2817,US5CHSBH,View,2,08/26/2025,0,08/26/2025,01/16/2026 05:44:37,7
2818,US5CHSBI,View,2,08/26/2025,0,08/26/2025,01/16/2026 05:44:37,7
2819,US5CHSCE,View,2,08/26/2025,0,08/26/2025,01/16/2026 05:44:37,7
2820,US5CHSCF,View,2,08/26/2025,0,08/26/2025,01/16/2026 05:44:36,7
2821,US5CHSCG,View,2,08/26/2025,0,08/26/2025,01/16/2026 05:44:36,7
2822,US5CHSCH,View,2,08/26/2025,0,08/26/2025,01/16/2026 05:44:36,7
2823,US5CHSDC,View,2,02/28/2025,1,09/22/2025,01/16/2026 05:44:36,7
2824,US5CHSDD,View,2,10/25/2024,1,12/06/2024,01/16/2026 05:44:36,7
2825,US5CHSDE,View,2,05/19/2025,0,05/19/2025,01/16/2026 05:44:36,7
2826,US5CHSDF,View,2,08/26/2025,0,08/26/2025,01/16/2026 05:44:35,7
2827,US5CHSEB,View,1,03/08/2024,0,03/08/2024,01/16/2026 05:44:35,7
2828,US5CHSEC,View,4,02/28/2025,1,07/10/2025,01/16/2026 05:44:35,7
2829,US5CHSED,View,4,10/25/2024,0,10/25/2024,01/16/2026 05:44:35,7
2830,US5CHSEE,View,1,03/08/2024,0,03/08/2024,01/16/2026 05:44:35,7
2831,US5CHSFC,View,2,07/17/2024,2,09/27/2024,01/16/2026 05:44:34,7
2832,US5CHSFD,View,3,05/14/2025,1,05/22/2025,01/16/2026 05:44:34,7
2833,US5CHSFE,View,1,03/08/2024,1,07/10/2024,01/16/2026 05:44:34,7
2834,US5COBBC,View,1,07/11/2024,0,07/11/2024,01/16/2026 05:44:34,13
2835,US5COBBD,View,1,07/11/2024,2,09/09/2025,01/16/2026 05:44:33,13
2836,US5COBBF,View,1,07/11/2024,0,07/11/2024,01/16/2026 05:44:33,13
2837,US5COBCC,View,1,07/11/2024,3,06/26/2025,01/16/2026 05:44:33,13
2838,US5COBCD,View,1,07/11/2024,1,06/26/2025,01/16/2026 05:44:33,13
2839,US5COBCE,View,1,07/11/2024,1,06/26/2025,01/16/2026 05:44:32,13
2840,US5COBCF,View,1,07/11/2024,2,09/19/2025,01/16/2026 05:44:32,13
2841,US5COBDE,View,1,07/11/2024,2,09/19/2025,01/16/2026 05:44:32,13
2842,US5CRPBB,View,4,04/11/2025,2,09/30/2025,01/16/2026 05:44:32,8
2843,US5CRPBC,View,6,02/05/2025,5,09/30/2025,01/16/2026 05:44:32,8
2844,US5CRPBD,View,4,02/05/2025,6,09/30/2025,01/16/2026 05:44:31,8
2845,US5CRPBE,View,3,02/05/2025,7,09/30/2025,01/16/2026 05:44:31,8
2846,US5CRPBF,View,4,06/24/2025,1,09/30/2025,01/16/2026 05:44:31,8
2847,US5CRPBG,View,1,10/20/2023,1,03/18/2025,01/16/2026 05:44:31,8
2848,US5CRPBH,View,2,02/05/2025,3,09/30/2025,01/16/2026 05:44:30,8
2849,US5CRPBI,View,1,10/20/2023,6,09/30/2025,01/16/2026 05:44:30,8
2850,US5CRPCA,View,3,05/28/2024,5,09/30/2025,01/16/2026 05:44:30,8
2851,US5CRPCB,View,2,05/28/2024,7,09/30/2025,01/16/2026 05:44:30,8
2852,US5CRPCC,View,3,08/27/2024,3,06/24/2025,01/16/2026 05:44:30,8
2853,US5CRPCD,View,2,05/28/2024,5,06/24/2025,01/16/2026 05:44:29,8
2854,US5CRPCE,View,2,06/24/2025,1,09/30/2025,01/16/2026 05:44:29,8
2855,US5CRPCF,View,2,06/24/2025,1,09/30/2025,01/16/2026 05:44:29,8
2856,US5CRPCG,View,2,02/05/2025,4,09/30/2025,01/16/2026 05:44:29,8
2857,US5CRPCH,View,2,05/21/2025,3,09/30/2025,01/16/2026 05:44:28,8
2858,US5CT1AA,View,6,08/18/2025,1,10/22/2025,01/16/2026 05:44:28,1
2859,US5CT1AB,View,5,07/29/2025,0,07/29/2025,01/16/2026 05:44:28,1
2860,US5CT1AC,View,4,07/29/2025,0,07/29/2025,01/16/2026 05:44:28,1
2861,US5CT1AD,View,2,07/29/2025,0,07/29/2025,01/16/2026 05:44:27,1
2862,US5CT1AE,View,2,08/21/2025,0,08/21/2025,01/16/2026 05:44:27,1
2863,US5CT1BB,View,2,07/29/2025,0,07/29/2025,01/16/2026 05:44:27,1
2864,US5CT1BC,View,5,07/29/2025,0,07/29/2025,01/16/2026 05:44:27,1
2865,US5CT1BD,View,3,07/29/2025,0,07/29/2025,01/16/2026 05:44:26,1
2866,US5CT1BE,View,2,08/01/2025,0,08/01/2025,01/16/2026 05:44:26,1
2867,US5CT1BF,View,2,08/01/2025,0,08/01/2025,01/16/2026 05:44:26,1
2868,US5CT1BG,View,3,08/01/2025,0,08/01/2025,01/16/2026 05:44:26,1
2869,US5CT1CE,View,2,08/01/2025,0,08/01/2025,01/16/2026 05:44:26,1
2870,US5CT1CF,View,4,08/01/2025,0,08/01/2025,01/16/2026 05:44:25,1
2871,US5CT1CG,View,4,08/01/2025,1,09/26/2025,01/16/2026 05:44:25,1
2872,US5CT1CI,View,4,08/13/2025,0,08/13/2025,01/16/2026 05:44:25,1
2873,US5CT1CJ,View,3,08/13/2025,0,08/13/2025,01/16/2026 05:44:25,1
2874,US5CT1CK,View,4,08/13/2025,0,08/13/2025,01/16/2026 05:44:24,1
2875,US5CT1CL,View,3,08/18/2025,0,08/18/2025,01/16/2026 05:44:24,1
2876,US5CT1CM,View,3,08/18/2025,0,08/18/2025,01/16/2026 05:44:24,1
2877,US5CT1CN,View,4,08/18/2025,0,08/18/2025,01/16/2026 05:44:24,1
2878,US5CT1CO,View,4,08/18/2025,0,08/18/2025,01/16/2026 05:44:24,1
2879,US5CT1DI,View,4,08/13/2025,0,08/13/2025,01/16/2026 05:44:24,1
2880,US5CT1DJ,View,5,08/13/2025,0,08/13/2025,01/16/2026 05:44:23,1
2881,US5CT1DM,View,4,08/18/2025,0,08/18/2025,01/16/2026 05:44:23,1
2882,US5CT1DN,View,4,08/18/2025,1,08/29/2025,01/16/2026 05:44:23,1
2883,US5CT1DO,View,3,08/06/2025,0,08/06/2025,01/16/2026 05:44:23,1
2884,US5CT1DP,View,3,08/06/2025,0,08/06/2025,01/16/2026 05:44:23,1
2885,US5CT1DQ,View,3,08/14/2025,0,08/14/2025,01/16/2026 05:44:22,1
2886,US5CT1DR,View,3,08/14/2025,0,08/14/2025,01/16/2026 05:44:22,1
2887,US5CT1EI,View,2,08/13/2025,0,08/13/2025,01/16/2026 05:44:22,1
2888,US5CT1EM,View,4,07/31/2025,0,07/31/2025,01/16/2026 05:44:22,1
2889,US5CT1EN,View,3,08/06/2025,0,08/06/2025,01/16/2026 05:44:21,1
2890,US5CT1EO,View,3,08/06/2025,1,09/22/2025,01/16/2026 05:44:21,1
2891,US5CT1EP,View,3,08/06/2025,0,08/06/2025,01/16/2026 05:44:21,1
2892,US5CT1EQ,View,4,08/14/2025,0,08/14/2025,01/16/2026 05:44:21,1
2893,US5CT1ER,View,3,08/07/2025,0,08/07/2025,01/16/2026 05:44:21,1
2894,US5CT1ES,View,6,09/22/2025,1,12/11/2025,01/16/2026 05:44:20,1
2895,US5CT1ET,View,3,08/07/2025,0,08/07/2025,01/16/2026 05:44:20,1
2896,US5CT1EU,View,3,08/07/2025,0,08/07/2025,01/16/2026 05:44:20,1
2897,US5CT1EV,View,3,08/14/2025,0,08/14/2025,01/16/2026 05:44:20,1
2898,US5CT1EY,View,4,08/08/2025,1,12/18/2025,01/16/2026 05:44:19,1
2899,US5CT1FR,View,4,08/07/2025,2,12/30/2025,01/16/2026 05:44:19,1
2900,US5CT1FS,View,4,08/07/2025,1,09/19/2025,01/16/2026 05:44:19,1
2901,US5CT1FU,View,3,08/07/2025,0,08/07/2025,01/16/2026 05:44:19,1
2902,US5CT1FV,View,6,08/14/2025,1,08/22/2025,01/16/2026 05:44:19,1
2903,US5CT1FW,View,3,08/14/2025,0,08/14/2025,01/16/2026 05:44:18,1
2904,US5CT1FX,View,3,08/14/2025,0,08/14/2025,01/16/2026 05:44:18,1
2905,US5CT1FY,View,4,08/08/2025,0,08/08/2025,01/16/2026 05:44:18,1
2906,US5CT1GQ,View,3,08/19/2025,1,09/19/2025,01/16/2026 05:44:18,1
2907,US5CT1GR,View,2,08/07/2025,1,09/19/2025,01/16/2026 05:44:18,1
2908,US5CT1GV,View,4,08/05/2025,1,08/22/2025,01/16/2026 05:44:17,1
2909,US5CT1GW,View,4,08/05/2025,1,09/26/2025,01/16/2026 05:44:17,1
2910,US5CT1HP,View,2,08/19/2025,0,08/19/2025,01/16/2026 05:44:17,1
2911,US5CT1HQ,View,2,08/19/2025,0,08/19/2025,01/16/2026 05:44:17,1
2912,US5CT1HV,View,3,08/05/2025,0,08/05/2025,01/16/2026 05:44:17,1
2913,US5CT1HW,View,3,08/05/2025,0,08/05/2025,01/16/2026 05:44:16,1
2914,US5CT1IO,View,3,08/19/2025,0,08/19/2025,01/16/2026 05:44:16,1
2915,US5CT1IP,View,2,08/19/2025,0,08/19/2025,01/16/2026 05:44:16,1
2916,US5CT1JO,View,3,08/19/2025,0,08/19/2025,01/16/2026 05:44:16,1
2917,US5CT1KO,View,3,08/19/2025,0,08/19/2025,01/16/2026 05:44:16,1
2918,US5CT1LO,View,2,08/19/2025,0,08/19/2025,01/16/2026 05:44:15,1
2919,US5DE10M,View,26,09/11/2025,1,10/16/2025,01/16/2026 05:44:15,5
2920,US5DE13M,View,37,03/04/2022,2,11/07/2022,01/16/2026 05:44:15,5
2921,US5DE1DE,View,1,09/11/2025,0,09/11/2025,01/16/2026 05:44:15,5
2922,US5DE1DF,View,1,09/11/2025,0,09/11/2025,01/16/2026 05:44:15,5
2923,US5DE1DG,View,1,09/11/2025,0,09/11/2025,01/16/2026 05:44:15,5
2924,US5DE1DH,View,3,12/10/2025,0,12/10/2025,01/16/2026 05:44:14,5
2925,US5DE1DI,View,1,08/12/2020,0,08/12/2020,01/16/2026 05:44:14,5
2926,US5DE1DJ,View,1,08/12/2020,0,08/12/2020,01/16/2026 05:44:14,5
2927,US5DE1DK,View,1,03/12/2024,0,03/12/2024,01/16/2026 05:44:14,5
2928,US5DE1DL,View,1,03/12/2024,0,03/12/2024,01/16/2026 05:44:14,5
2929,US5DE1EE,View,1,09/11/2025,0,09/11/2025,01/16/2026 05:44:13,5
2930,US5DE1EF,View,1,09/11/2025,0,09/11/2025,01/16/2026 05:44:13,5
2931,US5DE1EG,View,3,06/13/2024,2,07/03/2025,01/16/2026 05:44:13,5
2932,US5DE1EH,View,2,12/10/2025,0,12/10/2025,01/16/2026 05:44:13,5
2933,US5DE1EI,View,1,08/12/2020,0,08/12/2020,01/16/2026 05:44:13,5
2934,US5DE1EJ,View,1,08/12/2020,0,08/12/2020,01/16/2026 05:44:12,5
2935,US5DE1EK,View,1,03/12/2024,0,03/12/2024,01/16/2026 05:44:12,5
2936,US5DE1EL,View,1,03/12/2024,0,03/12/2024,01/16/2026 05:44:12,5
2937,US5DE1FG,View,3,12/10/2025,0,12/10/2025,01/16/2026 05:44:12,5
2938,US5DE1FH,View,2,12/10/2025,0,12/10/2025,01/16/2026 05:44:12,5
2939,US5DE1GF,View,2,11/20/2025,0,11/20/2025,01/16/2026 05:44:11,5
2940,US5DE1GG,View,2,11/20/2025,0,11/20/2025,01/16/2026 05:44:11,5
2941,US5DE1GH,View,2,11/20/2025,0,11/20/2025,01/16/2026 05:44:11,5
2942,US5DE1HF,View,2,11/20/2025,0,11/20/2025,01/16/2026 05:44:11,5
2943,US5DE1HG,View,2,11/20/2025,0,11/20/2025,01/16/2026 05:44:11,5
2944,US5DE1IE,View,2,11/20/2025,0,11/20/2025,01/16/2026 05:44:11,5
2945,US5DE1IF,View,2,11/20/2025,0,11/20/2025,01/16/2026 05:44:10,5
2946,US5DE1IG,View,2,11/20/2025,0,11/20/2025,01/16/2026 05:44:10,5
2947,US5DE1JD,View,2,08/13/2024,0,08/13/2024,01/16/2026 05:44:10,5
2948,US5DE1JE,View,3,08/13/2024,0,08/13/2024,01/16/2026 05:44:10,5
2949,US5DE1KC,View,5,08/13/2024,0,08/13/2024,01/16/2026 05:44:10,5
2950,US5DE1KD,View,5,08/13/2024,0,08/13/2024,01/16/2026 05:44:09,5
2951,US5DE1KE,View,4,08/13/2024,1,01/14/2026,01/16/2026 05:44:09,5
2952,US5DE1LB,View,5,06/21/2024,0,06/21/2024,01/16/2026 05:44:09,5
2953,US5DE1LC,View,5,06/21/2024,0,06/21/2024,01/16/2026 05:44:09,5
2954,US5DE1LD,View,3,06/21/2024,0,06/21/2024,01/16/2026 05:44:09,5
2955,US5DETCC,View,1,05/16/2025,1,09/17/2025,01/16/2026 05:44:08,9
2956,US5DETCD,View,1,05/16/2025,1,09/11/2025,01/16/2026 05:44:08,9
2957,US5DETDC,View,1,02/13/2025,2,09/04/2025,01/16/2026 05:44:08,9
2958,US5DETDD,View,1,02/13/2025,3,09/11/2025,01/16/2026 05:44:08,9
2959,US5DETEC,View,1,02/13/2025,2,09/04/2025,01/16/2026 05:44:08,9
2960,US5DETED,View,1,02/13/2025,4,09/04/2025,01/16/2026 05:44:07,9
2961,US5DETFD,View,1,02/13/2025,5,12/16/2025,01/16/2026 05:44:07,9
2962,US5DETGD,View,2,03/24/2025,3,10/15/2025,01/16/2026 05:44:07,9
2963,US5DETGE,View,2,03/24/2025,0,03/24/2025,01/16/2026 05:44:06,9
2964,US5DETHE,View,1,02/13/2025,1,09/19/2025,01/16/2026 05:44:06,9
2965,US5DETHF,View,1,02/13/2025,1,09/26/2025,01/16/2026 05:44:06,9
2966,US5DETHG,View,1,02/13/2025,5,12/17/2025,01/16/2026 05:44:06,9
2967,US5DETHH,View,1,02/13/2025,0,02/13/2025,01/16/2026 05:44:06,9
2968,US5DETIG,View,1,02/13/2025,1,12/10/2025,01/16/2026 05:44:05,9
2969,US5DETIH,View,1,02/13/2025,1,09/18/2025,01/16/2026 05:44:05,9
2970,US5DETII,View,1,01/10/2025,1,09/11/2025,01/16/2026 05:44:05,9
2971,US5DETJG,View,1,01/10/2025,1,08/21/2025,01/16/2026 05:44:05,9
2972,US5DETJH,View,1,01/10/2025,1,08/21/2025,01/16/2026 05:44:05,9
2973,US5DETJI,View,1,01/10/2025,1,09/11/2025,01/16/2026 05:44:04,9
2974,US5DETJJ,View,1,01/10/2025,2,09/05/2025,01/16/2026 05:44:04,9
2975,US5DETKH,View,1,01/10/2025,1,08/29/2025,01/16/2026 05:44:04,9
2976,US5DETKI,View,1,01/10/2025,4,08/29/2025,01/16/2026 05:44:04,9
2977,US5DETKJ,View,1,01/10/2025,3,09/18/2025,01/16/2026 05:44:04,9
2978,US5DETKK,View,1,01/10/2025,2,09/18/2025,01/16/2026 05:44:03,9
2979,US5DETKL,View,1,10/25/2024,1,09/19/2025,01/16/2026 05:44:03,9
2980,US5DETLH,View,1,01/10/2025,1,08/20/2025,01/16/2026 05:44:03,9
2981,US5DETLI,View,1,01/10/2025,3,01/02/2026,01/16/2026 05:44:03,9
2982,US5DETLJ,View,1,01/10/2025,1,08/29/2025,01/16/2026 05:44:02,9
2983,US5DETLK,View,1,01/10/2025,2,01/02/2026,01/16/2026 05:44:02,9
2984,US5DETLL,View,1,10/25/2024,3,09/10/2025,01/16/2026 05:44:02,9
2985,US5DETMI,View,1,01/10/2025,0,01/10/2025,01/16/2026 05:44:02,9
2986,US5DETMJ,View,1,01/10/2025,1,01/02/2026,01/16/2026 05:44:01,9
2987,US5DETMK,View,1,01/10/2025,0,01/10/2025,01/16/2026 05:44:01,9
2988,US5DETML,View,1,10/25/2024,0,10/25/2024,01/16/2026 05:44:01,9
2989,US5DETMM,View,1,10/24/2024,1,04/24/2025,01/16/2026 05:44:01,9
2990,US5DETNM,View,1,10/24/2024,0,10/24/2024,01/16/2026 05:44:01,9
2991,US5DETOM,View,1,10/25/2024,1,12/22/2025,01/16/2026 05:44:00,9
2992,US5DETPM,View,1,10/25/2024,1,03/20/2025,01/16/2026 05:44:00,9
2993,US5DETPN,View,1,10/25/2024,0,10/25/2024,01/16/2026 05:44:00,9
2994,US5DETQM,View,1,10/24/2024,0,10/24/2024,01/16/2026 05:43:59,9
2995,US5DETQN,View,1,10/25/2024,4,12/22/2025,01/16/2026 05:43:59,9
2996,US5DETRM,View,1,10/24/2024,0,10/24/2024,01/16/2026 05:43:59,9
2997,US5DETRN,View,1,10/24/2024,2,07/18/2025,01/16/2026 05:43:59,9
2998,US5DLHBC,View,1,11/13/2024,0,11/13/2024,01/16/2026 05:43:58,9
2999,US5DLHBD,View,1,11/13/2024,0,11/13/2024,01/16/2026 05:43:58,9
3000,US5DLHCC,View,1,11/13/2024,0,11/13/2024,01/16/2026 05:43:58,9
3001,US5DLHCD,View,1,11/13/2024,0,11/13/2024,01/16/2026 05:43:58,9
3002,US5DLHCE,View,1,11/13/2024,0,11/13/2024,01/16/2026 05:43:58,9
3003,US5DLHCF,View,1,11/13/2024,1,06/20/2025,01/16/2026 05:43:57,9
3004,US5DLHCG,View,1,11/13/2024,1,03/05/2025,01/16/2026 05:43:57,9
3005,US5DLHDD,View,1,11/13/2024,0,11/13/2024,01/16/2026 05:43:57,9
3006,US5DLHDE,View,1,11/13/2024,1,04/16/2025,01/16/2026 05:43:57,9
3007,US5DLHDF,View,1,11/13/2024,3,07/30/2025,01/16/2026 05:43:56,9
3008,US5DLHDG,View,1,11/13/2024,0,11/13/2024,01/16/2026 05:43:56,9
3009,US5ESCDC,View,1,11/21/2024,0,11/21/2024,01/16/2026 05:43:56,9
3010,US5ESCDD,View,1,11/21/2024,0,11/21/2024,01/16/2026 05:43:56,9
3011,US5ESCDE,View,1,11/21/2024,0,11/21/2024,01/16/2026 05:43:56,9
3012,US5ESCEC,View,1,11/21/2024,0,11/21/2024,01/16/2026 05:43:56,9
3013,US5ESCED,View,1,11/21/2024,1,07/30/2025,01/16/2026 05:43:55,9
3014,US5ESCEE,View,1,11/21/2024,0,11/21/2024,01/16/2026 05:43:55,9
3015,US5ESCFC,View,1,11/21/2024,0,11/21/2024,01/16/2026 05:43:55,9
3016,US5ESCFD,View,1,11/21/2024,0,11/21/2024,01/16/2026 05:43:55,9
3017,US5ESCFE,View,1,11/21/2024,0,11/21/2024,01/16/2026 05:43:55,9
3018,US5ESCGD,View,1,11/21/2024,0,11/21/2024,01/16/2026 05:43:55,9
3019,US5ESCGE,View,1,11/21/2024,0,11/21/2024,01/16/2026 05:43:55,9
3020,US5ESCHE,View,1,11/21/2024,0,11/21/2024,01/16/2026 05:43:55,9
3021,US5FAVBA,View,5,05/06/2025,0,05/06/2025,01/16/2026 05:43:54,1
3022,US5FAVBB,View,4,05/06/2025,0,05/06/2025,01/16/2026 05:43:54,1
3023,US5FAVCA,View,4,05/06/2025,1,06/06/2025,01/16/2026 05:43:54,1
3024,US5FAVCB,View,5,05/06/2025,0,05/06/2025,01/16/2026 05:43:54,1
3025,US5FL1GA,View,2,09/02/2025,0,09/02/2025,01/16/2026 05:43:54,8
3026,US5FL1GB,View,2,09/02/2025,0,09/02/2025,01/16/2026 05:43:53,8
3027,US5FL1HA,View,2,07/30/2025,0,07/30/2025,01/16/2026 05:43:53,8
3028,US5FL1HB,View,2,07/30/2025,0,07/30/2025,01/16/2026 05:43:53,8
3029,US5FL1HF,View,3,08/12/2025,0,08/12/2025,01/16/2026 05:43:53,8
3030,US5FL1HG,View,2,08/13/2025,0,08/13/2025,01/16/2026 05:43:53,7
3031,US5FL1HH,View,2,08/13/2025,0,08/13/2025,01/16/2026 05:43:53,7
3032,US5FL1IF,View,1,12/22/2023,0,12/22/2023,01/16/2026 05:43:53,8
3033,US5FL1IG,View,1,12/10/2024,0,12/10/2024,01/16/2026 05:43:52,7
3034,US5FL1IH,View,1,12/10/2024,0,12/10/2024,01/16/2026 05:43:52,7
3035,US5FL1II,View,2,07/15/2025,0,07/15/2025,01/16/2026 05:43:52,7
3036,US5FL1IJ,View,2,07/15/2025,0,07/15/2025,01/16/2026 05:43:52,7
3037,US5FL1IK,View,2,07/15/2025,0,07/15/2025,01/16/2026 05:43:52,7
3038,US5FL1IL,View,2,07/15/2025,0,07/15/2025,01/16/2026 05:43:52,7
3039,US5FL1IM,View,2,07/15/2025,2,12/18/2025,01/16/2026 05:43:52,7
3040,US5FL1IN,View,2,07/15/2025,2,12/10/2025,01/16/2026 05:43:51,7
3041,US5FL1IO,View,2,07/15/2025,0,07/15/2025,01/16/2026 05:43:51,7
3042,US5FL1IP,View,2,07/15/2025,0,07/15/2025,01/16/2026 05:43:51,7
3043,US5FL1IQ,View,1,08/14/2024,0,08/14/2024,01/16/2026 05:43:51,7
3044,US5FL1IR,View,2,03/26/2025,0,03/26/2025,01/16/2026 05:43:51,7
3045,US5FL1IS,View,3,03/26/2025,0,03/26/2025,01/16/2026 05:43:50,7
3046,US5FL1JD,View,2,04/14/2025,0,04/14/2025,01/16/2026 05:43:50,7
3047,US5FL1JF,View,2,04/15/2025,0,04/15/2025,01/16/2026 05:43:50,7
3048,US5FL1JG,View,1,12/10/2024,0,12/10/2024,01/16/2026 05:43:50,7
3049,US5FL1JH,View,1,12/10/2024,0,12/10/2024,01/16/2026 05:43:50,7
3050,US5FL1JN,View,1,08/14/2024,0,08/14/2024,01/16/2026 05:43:50,7
3051,US5FL1JO,View,1,08/14/2024,0,08/14/2024,01/16/2026 05:43:49,7
3052,US5FL1JP,View,1,08/14/2024,0,08/14/2024,01/16/2026 05:43:49,7
3053,US5FL1JQ,View,1,08/14/2024,0,08/14/2024,01/16/2026 05:43:49,7
3054,US5FL1JR,View,1,08/14/2024,0,08/14/2024,01/16/2026 05:43:49,7
3055,US5FL1JS,View,2,03/26/2025,0,03/26/2025,01/16/2026 05:43:49,7
3056,US5FL1KC,View,2,04/15/2025,0,04/15/2025,01/16/2026 05:43:49,7
3057,US5FL1KD,View,2,04/15/2025,0,04/15/2025,01/16/2026 05:43:48,7
3058,US5FL1KF,View,1,12/11/2024,0,12/11/2024,01/16/2026 05:43:48,7
3059,US5FL1KG,View,1,12/10/2024,0,12/10/2024,01/16/2026 05:43:48,7
3060,US5FL1KH,View,1,12/10/2024,0,12/10/2024,01/16/2026 05:43:48,7
3061,US5FL1LC,View,2,04/15/2025,0,04/15/2025,01/16/2026 05:43:48,7
3062,US5FL1LG,View,1,12/10/2024,0,12/10/2024,01/16/2026 05:43:48,7
3063,US5FL2DK,View,1,03/19/2025,1,06/11/2025,01/16/2026 05:43:47,7
3064,US5FL2EJ,View,2,09/25/2025,1,01/12/2026,01/16/2026 05:43:47,7
3065,US5FL2EK,View,1,03/19/2025,1,06/03/2025,01/16/2026 05:43:47,7
3066,US5FL2EL,View,2,06/12/2025,0,06/12/2025,01/16/2026 05:43:47,7
3067,US5FL2EM,View,2,06/12/2025,0,06/12/2025,01/16/2026 05:43:47,7
3068,US5FL2FE,View,2,07/15/2025,0,07/15/2025,01/16/2026 05:43:47,7
3069,US5FL2FF,View,1,11/01/2024,0,11/01/2024,01/16/2026 05:43:46,7
3070,US5FL2FI,View,1,03/19/2025,0,03/19/2025,01/16/2026 05:43:46,7
3071,US5FL2FJ,View,2,09/25/2025,0,09/25/2025,01/16/2026 05:43:46,7
3072,US5FL2FK,View,1,03/19/2025,0,03/19/2025,01/16/2026 05:43:46,7
3073,US5FL2FL,View,2,08/01/2025,0,08/01/2025,01/16/2026 05:43:45,7
3074,US5FL2FM,View,2,06/12/2025,0,06/12/2025,01/16/2026 05:43:45,7
3075,US5FL2FN,View,2,06/12/2025,0,06/12/2025,01/16/2026 05:43:45,7
3076,US5FL2FO,View,2,06/12/2025,0,06/12/2025,01/16/2026 05:43:45,7
3077,US5FL2GE,View,3,09/08/2025,0,09/08/2025,01/16/2026 05:43:45,7
3078,US5FL2GF,View,3,09/08/2025,0,09/08/2025,01/16/2026 05:43:45,7
3079,US5FL2GH,View,1,03/19/2025,0,03/19/2025,01/16/2026 05:43:44,7
3080,US5FL2GI,View,1,03/19/2025,0,03/19/2025,01/16/2026 05:43:44,7
3081,US5FL2GJ,View,1,03/19/2025,0,03/19/2025,01/16/2026 05:43:44,7
3082,US5FL2GN,View,2,06/12/2025,0,06/12/2025,01/16/2026 05:43:44,7
3083,US5FL2GO,View,2,06/12/2025,0,06/12/2025,01/16/2026 05:43:44,7
3084,US5FL2HD,View,3,09/08/2025,0,09/08/2025,01/16/2026 05:43:43,7
3085,US5FL2HE,View,3,09/08/2025,0,09/08/2025,01/16/2026 05:43:43,7
3086,US5FL2HN,View,2,06/12/2025,0,06/12/2025,01/16/2026 05:43:43,7
3087,US5FL2HO,View,2,06/12/2025,0,06/12/2025,01/16/2026 05:43:43,7
3088,US5FL2JB,View,3,01/08/2026,0,01/08/2026,01/16/2026 05:43:43,8
3089,US5FL2JC,View,3,01/08/2026,0,01/08/2026,01/16/2026 05:43:42,8
3090,US5FL2JD,View,2,09/08/2025,0,09/08/2025,01/16/2026 05:43:42,7
3091,US5FL2JE,View,2,09/08/2025,0,09/08/2025,01/16/2026 05:43:42,7
3092,US5FL2KC,View,2,01/08/2026,0,01/08/2026,01/16/2026 05:43:42,8
3093,US5FL3DS,View,3,08/18/2025,1,12/15/2025,01/16/2026 05:43:42,7
3094,US5FL3ES,View,2,08/18/2025,0,08/18/2025,01/16/2026 05:43:41,7
3095,US5FL3ET,View,2,12/15/2025,0,12/15/2025,01/16/2026 05:43:41,7
3096,US5FL3HO,View,3,06/23/2025,0,06/23/2025,01/16/2026 05:43:41,7
3097,US5FL3IO,View,4,07/14/2025,0,07/14/2025,01/16/2026 05:43:41,7
3098,US5FL3LJ,View,2,07/15/2025,0,07/15/2025,01/16/2026 05:43:40,7
3099,US5FL3LK,View,2,07/15/2025,0,07/15/2025,01/16/2026 05:43:40,7
3100,US5FL3LL,View,2,07/15/2025,0,07/15/2025,01/16/2026 05:43:40,7
3101,US5FL3MJ,View,2,07/15/2025,0,07/15/2025,01/16/2026 05:43:40,7
3102,US5FL3MK,View,1,07/29/2024,0,07/29/2024,01/16/2026 05:43:40,7
3103,US5FL3ML,View,2,07/11/2025,1,12/11/2025,01/16/2026 05:43:39,7
3104,US5FL3MM,View,1,01/24/2024,1,01/07/2025,01/16/2026 05:43:39,7
3105,US5FL3NI,View,2,07/15/2025,0,07/15/2025,01/16/2026 05:43:39,7
3106,US5FL3NJ,View,1,07/29/2024,0,07/29/2024,01/16/2026 05:43:39,7
3107,US5FL3NM,View,2,09/10/2024,1,01/07/2025,01/16/2026 05:43:38,7
3108,US5FL3NN,View,1,01/24/2024,0,01/24/2024,01/16/2026 05:43:38,7
3109,US5FL3OI,View,3,07/21/2025,0,07/21/2025,01/16/2026 05:43:38,7
3110,US5FL3OJ,View,1,07/29/2024,0,07/29/2024,01/16/2026 05:43:38,7
3111,US5FL3OM,View,1,01/24/2024,0,01/24/2024,01/16/2026 05:43:38,7
3112,US5FL3ON,View,1,01/24/2024,1,09/13/2024,01/16/2026 05:43:37,7
3113,US5FL3OO,View,1,01/24/2024,1,03/07/2024,01/16/2026 05:43:37,7
3114,US5FL3PI,View,2,03/28/2025,0,03/28/2025,01/16/2026 05:43:37,7
3115,US5FL3PJ,View,3,07/11/2025,0,07/11/2025,01/16/2026 05:43:37,7
3116,US5FL3QH,View,3,07/21/2025,0,07/21/2025,01/16/2026 05:43:37,7
3117,US5FL3QI,View,2,07/21/2025,0,07/21/2025,01/16/2026 05:43:37,7
3118,US5FL3RG,View,3,08/22/2025,0,08/22/2025,01/16/2026 05:43:36,7
3119,US5FL3RH,View,4,08/07/2025,0,08/07/2025,01/16/2026 05:43:36,7
3120,US5FL3SG,View,4,08/22/2025,0,08/22/2025,01/16/2026 05:43:36,7
3121,US5FL3SH,View,1,01/22/2024,0,01/22/2024,01/16/2026 05:43:36,7
3122,US5FL3TF,View,2,07/21/2025,0,07/21/2025,01/16/2026 05:43:36,7
3123,US5FL3TG,View,2,07/21/2025,0,07/21/2025,01/16/2026 05:43:36,7
3124,US5FL3UF,View,3,09/12/2025,0,09/12/2025,01/16/2026 05:43:35,7
3125,US5FL3VE,View,3,07/21/2025,0,07/21/2025,01/16/2026 05:43:35,7
3126,US5FL3VF,View,2,07/21/2025,0,07/21/2025,01/16/2026 05:43:35,7
3127,US5FL3WE,View,2,07/21/2025,0,07/21/2025,01/16/2026 05:43:35,7
3128,US5FL3XD,View,4,07/21/2025,0,07/21/2025,01/16/2026 05:43:34,7
3129,US5FL3XE,View,4,07/21/2025,0,07/21/2025,01/16/2026 05:43:34,7
3130,US5FL3YC,View,3,07/21/2025,0,07/21/2025,01/16/2026 05:43:34,7
3131,US5FL3YD,View,3,07/21/2025,0,07/21/2025,01/16/2026 05:43:34,7
3132,US5FL3ZC,View,3,08/15/2025,2,01/12/2026,01/16/2026 05:43:33,7
cxl,US5FL40M,View,48,07/31/2024,1,09/25/2025,01/16/2026 05:43:33,7
cxl,US5FL41M,View,83,04/22/2025,1,09/25/2025,01/16/2026 05:43:33,7
3133,US5FL4CO,View,2,05/28/2025,0,05/28/2025,01/16/2026 05:43:33,7
3134,US5FL4CP,View,3,05/28/2025,0,05/28/2025,01/16/2026 05:43:33,7
3135,US5FL4CQ,View,3,05/29/2025,0,05/29/2025,01/16/2026 05:43:33,7
3136,US5FL4CR,View,3,05/15/2025,0,05/15/2025,01/16/2026 05:43:32,7
3137,US5FL4CS,View,2,05/29/2025,0,05/29/2025,01/16/2026 05:43:32,7
3138,US5FL4DB,View,2,05/21/2025,0,05/21/2025,01/16/2026 05:43:32,7
3139,US5FL4DC,View,2,05/21/2025,0,05/21/2025,01/16/2026 05:43:32,7
3140,US5FL4DD,View,2,06/24/2025,0,06/24/2025,01/16/2026 05:43:31,7
3141,US5FL4DE,View,2,06/24/2025,0,06/24/2025,01/16/2026 05:43:31,7
3142,US5FL4DO,View,3,05/29/2025,0,05/29/2025,01/16/2026 05:43:31,7
3143,US5FL4DP,View,2,05/29/2025,0,05/29/2025,01/16/2026 05:43:31,7
3144,US5FL4DQ,View,3,05/15/2025,0,05/15/2025,01/16/2026 05:43:31,7
3145,US5FL4DR,View,5,07/11/2025,0,07/11/2025,01/16/2026 05:43:30,7
3146,US5FL4DS,View,4,06/02/2025,0,06/02/2025,01/16/2026 05:43:30,7
3147,US5FL4DT,View,1,03/22/2024,0,03/22/2024,01/16/2026 05:43:30,7
3148,US5FL4DU,View,1,03/22/2024,0,03/22/2024,01/16/2026 05:43:30,7
3149,US5FL4EB,View,2,05/21/2025,0,05/21/2025,01/16/2026 05:43:29,7
3150,US5FL4EC,View,2,05/21/2025,0,05/21/2025,01/16/2026 05:43:29,7
3151,US5FL4ED,View,1,11/08/2023,0,11/08/2023,01/16/2026 05:43:29,7
3152,US5FL4EE,View,2,06/24/2025,0,06/24/2025,01/16/2026 05:43:29,7
3153,US5FL4EO,View,3,05/29/2025,0,05/29/2025,01/16/2026 05:43:29,7
3154,US5FL4EP,View,2,05/15/2025,0,05/15/2025,01/16/2026 05:43:28,7
3155,US5FL4EQ,View,3,05/15/2025,0,05/15/2025,01/16/2026 05:43:28,7
3156,US5FL4ER,View,4,07/11/2025,0,07/11/2025,01/16/2026 05:43:28,7
3157,US5FL4ES,View,3,05/29/2025,0,05/29/2025,01/16/2026 05:43:28,7
3158,US5FL4ET,View,1,03/22/2024,0,03/22/2024,01/16/2026 05:43:28,7
3159,US5FL4EU,View,1,03/22/2024,0,03/22/2024,01/16/2026 05:43:27,7
3160,US5FL4EV,View,1,03/22/2024,0,03/22/2024,01/16/2026 05:43:27,7
3161,US5FL4EW,View,1,08/31/2023,0,08/31/2023,01/16/2026 05:43:27,7
3162,US5FL4EX,View,2,10/16/2023,0,10/16/2023,01/16/2026 05:43:27,7
3163,US5FL4EY,View,2,10/16/2023,0,10/16/2023,01/16/2026 05:43:27,7
3164,US5FL4EZ,View,1,08/31/2023,0,08/31/2023,01/16/2026 05:43:27,7
3165,US5FL4FB,View,2,05/21/2025,0,05/21/2025,01/16/2026 05:43:26,7
3166,US5FL4FC,View,2,05/21/2025,0,05/21/2025,01/16/2026 05:43:26,7
3167,US5FL4FD,View,2,06/24/2025,0,06/24/2025,01/16/2026 05:43:26,7
3168,US5FL4FE,View,2,06/24/2025,0,06/24/2025,01/16/2026 05:43:26,7
3169,US5FL4FS,View,2,05/29/2025,0,05/29/2025,01/16/2026 05:43:26,7
3170,US5FL4FT,View,1,03/22/2024,0,03/22/2024,01/16/2026 05:43:26,7
3171,US5FL4FU,View,1,03/22/2024,0,03/22/2024,01/16/2026 05:43:25,7
3172,US5FL4FV,View,1,03/22/2024,0,03/22/2024,01/16/2026 05:43:25,7
3173,US5FL4FW,View,2,10/16/2023,0,10/16/2023,01/16/2026 05:43:25,7
3174,US5FL4FX,View,2,10/16/2023,0,10/16/2023,01/16/2026 05:43:25,7
3175,US5FL4FY,View,2,10/16/2023,0,10/16/2023,01/16/2026 05:43:24,7
3176,US5FL4FZ,View,3,01/17/2024,0,01/17/2024,01/16/2026 05:43:24,7
3177,US5FL4GU,View,1,03/22/2024,0,03/22/2024,01/16/2026 05:43:24,7
3178,US5FL4GV,View,1,03/22/2024,0,03/22/2024,01/16/2026 05:43:24,7
3179,US5FL4GW,View,2,10/16/2023,0,10/16/2023,01/16/2026 05:43:24,7
3180,US5FL4GX,View,2,10/16/2023,0,10/16/2023,01/16/2026 05:43:24,7
3181,US5FL4HW,View,2,10/16/2023,0,10/16/2023,01/16/2026 05:43:23,7
3182,US5FL52M,View,58,01/10/2024,0,01/10/2024,01/16/2026 05:43:23,7
3183,US5FL57M,View,39,01/10/2024,0,01/10/2024,01/16/2026 05:43:23,7
3184,US5FL5AA,View,2,03/11/2025,0,03/11/2025,01/16/2026 05:43:23,7
3185,US5FL5AB,View,2,02/26/2024,0,02/26/2024,01/16/2026 05:43:23,7
3186,US5FL5AC,View,2,02/26/2024,1,03/19/2024,01/16/2026 05:43:22,7
3187,US5FL5BA,View,1,12/06/2023,0,12/06/2023,01/16/2026 05:43:22,7
3188,US5FL5BB,View,1,12/06/2023,0,12/06/2023,01/16/2026 05:43:22,7
3189,US5FL5BC,View,1,12/22/2023,0,12/22/2023,01/16/2026 05:43:22,7
3190,US5FL5BD,View,1,04/11/2024,0,04/11/2024,01/16/2026 05:43:22,7
3191,US5FL5BE,View,1,04/11/2024,0,04/11/2024,01/16/2026 05:43:22,7
3192,US5FL5CD,View,1,04/11/2024,0,04/11/2024,01/16/2026 05:43:21,7
3193,US5FL5CE,View,1,04/11/2024,0,04/11/2024,01/16/2026 05:43:21,7
3194,US5FL5CF,View,1,04/11/2024,0,04/11/2024,01/16/2026 05:43:21,7
3195,US5FL5CH,View,1,04/11/2024,0,04/11/2024,01/16/2026 05:43:21,7
3196,US5FL5DG,View,1,04/11/2024,0,04/11/2024,01/16/2026 05:43:21,7
3197,US5FL5DH,View,1,04/11/2024,0,04/11/2024,01/16/2026 05:43:20,7
3198,US5FL5DI,View,3,08/28/2025,0,08/28/2025,01/16/2026 05:43:20,7
3199,US5FL5EI,View,2,04/04/2024,1,12/17/2025,01/16/2026 05:43:20,7
3200,US5FL5EJ,View,2,04/04/2024,0,04/04/2024,01/16/2026 05:43:20,7
3201,US5FL5FJ,View,2,04/04/2024,0,04/04/2024,01/16/2026 05:43:18,7
3202,US5FL5FK,View,2,04/04/2024,0,04/04/2024,01/16/2026 05:43:18,7
3203,US5FL5GK,View,2,04/04/2024,0,04/04/2024,01/16/2026 05:43:17,7
3204,US5FL5GL,View,2,04/04/2024,0,04/04/2024,01/16/2026 05:43:17,7
3205,US5FL5HL,View,2,04/04/2024,0,04/04/2024,01/16/2026 05:43:17,7
3206,US5FL5IL,View,1,12/04/2024,0,12/04/2024,01/16/2026 05:43:17,7
3207,US5FL5IM,View,1,12/10/2024,0,12/10/2024,01/16/2026 05:43:17,7
3208,US5FL5IN,View,1,12/10/2024,0,12/10/2024,01/16/2026 05:43:17,7
3209,US5FL5JM,View,1,12/10/2024,0,12/10/2024,01/16/2026 05:43:16,7
3210,US5FL5JN,View,2,06/25/2025,1,11/12/2025,01/16/2026 05:43:16,7
3211,US5FL5KL,View,1,12/04/2024,0,12/04/2024,01/16/2026 05:43:16,7
3212,US5FL5KM,View,1,12/04/2024,0,12/04/2024,01/16/2026 05:43:16,7
3213,US5FL5KN,View,1,12/04/2024,0,12/04/2024,01/16/2026 05:43:16,7
3214,US5FL5LM,View,1,12/04/2024,0,12/04/2024,01/16/2026 05:43:16,7
3215,US5FL5LN,View,1,12/04/2024,0,12/04/2024,01/16/2026 05:43:15,7
3216,US5FL5MM,View,2,02/07/2025,1,05/30/2025,01/16/2026 05:43:15,7
3217,US5FL5MN,View,1,12/04/2024,0,12/04/2024,01/16/2026 05:43:15,7
3218,US5FL5MO,View,1,12/04/2024,0,12/04/2024,01/16/2026 05:43:15,7
3219,US5FL5RO,View,2,08/29/2025,0,08/29/2025,01/16/2026 05:43:15,7
3220,US5FL5SN,View,2,08/28/2025,0,08/28/2025,01/16/2026 05:43:15,7
3221,US5FL5UO,View,2,12/04/2024,0,12/04/2024,01/16/2026 05:43:14,7
3222,US5FL5UP,View,1,02/21/2024,0,02/21/2024,01/16/2026 05:43:14,7
3223,US5FL5VP,View,3,04/23/2025,0,04/23/2025,01/16/2026 05:43:14,7
3224,US5FL5WP,View,3,04/23/2025,0,04/23/2025,01/16/2026 05:43:14,7
3225,US5FL5XP,View,3,04/23/2025,0,04/23/2025,01/16/2026 05:43:14,7
3226,US5FL5YP,View,2,04/23/2025,0,04/23/2025,01/16/2026 05:43:13,7
3227,US5FL5ZP,View,2,04/23/2025,0,04/23/2025,01/16/2026 05:43:13,7
3228,US5FL6AN,View,4,11/20/2025,0,11/20/2025,01/16/2026 05:43:13,7
3229,US5FL6DN,View,2,04/23/2025,0,04/23/2025,01/16/2026 05:43:13,7
3230,US5FL6EM,View,1,04/17/2024,0,04/17/2024,01/16/2026 05:43:13,7
3231,US5FL6EN,View,3,04/23/2025,0,04/23/2025,01/16/2026 05:43:13,7
3232,US5FL6FM,View,1,04/17/2024,0,04/17/2024,01/16/2026 05:43:12,7
3233,US5FL6FN,View,1,04/17/2024,1,07/10/2024,01/16/2026 05:43:12,7
3234,US5FL6GM,View,1,04/17/2024,1,07/10/2024,01/16/2026 05:43:12,7
3235,US5FL6HK,View,2,11/20/2025,0,11/20/2025,01/16/2026 05:43:12,7
3236,US5FL6HL,View,2,11/24/2025,0,11/24/2025,01/16/2026 05:43:12,7
3237,US5FL6HM,View,3,11/24/2025,0,11/24/2025,01/16/2026 05:43:11,7
3238,US5FL6IK,View,1,04/17/2024,0,04/17/2024,01/16/2026 05:43:11,7
3239,US5FL6IL,View,1,04/17/2024,0,04/17/2024,01/16/2026 05:43:11,7
3240,US5FL6JK,View,1,07/30/2024,0,07/30/2024,01/16/2026 05:43:11,7
3241,US5FL6JL,View,1,07/30/2024,1,11/22/2024,01/16/2026 05:43:11,7
3242,US5FL6KK,View,4,10/02/2025,0,10/02/2025,01/16/2026 05:43:10,7
3243,US5FL6LJ,View,1,07/30/2024,0,07/30/2024,01/16/2026 05:43:10,7
3244,US5FL6LK,View,1,08/01/2024,0,08/01/2024,01/16/2026 05:43:10,7
3245,US5FL6MJ,View,1,07/30/2024,0,07/30/2024,01/16/2026 05:43:10,7
3246,US5FL6NJ,View,1,07/30/2024,0,07/30/2024,01/16/2026 05:43:10,7
3247,US5FL6OI,View,1,07/30/2024,0,07/30/2024,01/16/2026 05:43:09,7
3248,US5FL6OJ,View,1,07/30/2024,0,07/30/2024,01/16/2026 05:43:09,7
3249,US5FL6PI,View,1,08/01/2024,0,08/01/2024,01/16/2026 05:43:09,7
3250,US5FL6QH,View,1,05/14/2024,0,05/14/2024,01/16/2026 05:43:09,7
3251,US5FL6QI,View,1,05/14/2024,0,05/14/2024,01/16/2026 05:43:09,7
3252,US5FL6RH,View,1,05/14/2024,0,05/14/2024,01/16/2026 05:43:09,7
3253,US5FL6SG,View,1,05/14/2024,0,05/14/2024,01/16/2026 05:43:08,7
3254,US5FL6SH,View,1,05/14/2024,0,05/14/2024,01/16/2026 05:43:08,7
3255,US5FL6TG,View,1,05/14/2024,0,05/14/2024,01/16/2026 05:43:08,7
3256,US5FL6UF,View,1,05/14/2024,0,05/14/2024,01/16/2026 05:43:08,7
3257,US5FL6UG,View,1,05/14/2024,0,05/14/2024,01/16/2026 05:43:08,7
3258,US5FL6VF,View,1,05/14/2024,0,05/14/2024,01/16/2026 05:43:08,7
3259,US5FL6VG,View,1,05/16/2024,0,05/16/2024,01/16/2026 05:43:07,7
3260,US5FL6WE,View,1,09/19/2023,0,09/19/2023,01/16/2026 05:43:07,7
3261,US5FL6XE,View,1,09/19/2023,0,09/19/2023,01/16/2026 05:43:07,7
3262,US5FL6YE,View,1,09/19/2023,0,09/19/2023,01/16/2026 05:43:07,7
3263,US5FL6ZD,View,1,05/01/2024,0,05/01/2024,01/16/2026 05:43:07,7
3264,US5FL6ZE,View,1,05/01/2024,1,05/14/2024,01/16/2026 05:43:07,7
3265,US5FL7AM,View,1,05/01/2024,0,05/01/2024,01/16/2026 05:43:07,7
3266,US5FL7AN,View,1,05/01/2024,0,05/01/2024,01/16/2026 05:43:07,7
3267,US5FL7BM,View,1,05/01/2024,0,05/01/2024,01/16/2026 05:43:06,7
3268,US5FL7BN,View,1,05/01/2024,0,05/01/2024,01/16/2026 05:43:06,7
3269,US5FL7CM,View,1,06/24/2024,0,06/24/2024,01/16/2026 05:43:06,7
3270,US5FL7CN,View,1,06/24/2024,0,06/24/2024,01/16/2026 05:43:06,7
3271,US5FL7DM,View,1,06/24/2024,0,06/24/2024,01/16/2026 05:43:06,7
3272,US5FL7DN,View,1,06/24/2024,0,06/24/2024,01/16/2026 05:43:06,7
3273,US5FL7EL,View,1,06/24/2024,0,06/24/2024,01/16/2026 05:43:06,7
3274,US5FL7EM,View,1,06/24/2024,1,10/24/2024,01/16/2026 05:43:05,7
3275,US5FL7FL,View,2,08/14/2025,0,08/14/2025,01/16/2026 05:43:05,7
3276,US5FL7G1,View,2,06/09/2025,0,06/09/2025,01/16/2026 05:43:05,7
3277,US5FL7GK,View,2,08/14/2025,0,08/14/2025,01/16/2026 05:43:05,7
3278,US5FL7GL,View,2,08/14/2025,0,08/14/2025,01/16/2026 05:43:05,7
3279,US5FL7GY,View,2,05/30/2025,0,05/30/2025,01/16/2026 05:43:04,7
3280,US5FL7GZ,View,2,05/30/2025,0,05/30/2025,01/16/2026 05:43:04,7
3281,US5FL7H1,View,2,05/30/2025,0,05/30/2025,01/16/2026 05:43:04,7
3282,US5FL7HK,View,2,08/14/2025,0,08/14/2025,01/16/2026 05:43:04,7
3283,US5FL7HY,View,2,05/30/2025,0,05/30/2025,01/16/2026 05:43:04,7
3284,US5FL7HZ,View,2,05/22/2025,0,05/22/2025,01/16/2026 05:43:04,7
3285,US5FL7IJ,View,2,04/24/2024,1,09/13/2024,01/16/2026 05:43:03,7
3286,US5FL7IK,View,1,03/11/2024,0,03/11/2024,01/16/2026 05:43:03,7
3287,US5FL7JJ,View,2,01/24/2025,0,01/24/2025,01/16/2026 05:43:03,7
3288,US5FL7JX,View,2,05/30/2025,0,05/30/2025,01/16/2026 05:43:03,7
3289,US5FL7JY,View,2,05/30/2025,0,05/30/2025,01/16/2026 05:43:03,7
3290,US5FL7KI,View,1,03/11/2024,0,03/11/2024,01/16/2026 05:43:03,7
3291,US5FL7KJ,View,1,03/11/2024,0,03/11/2024,01/16/2026 05:43:03,7
3292,US5FL7KY,View,2,05/30/2025,0,05/30/2025,01/16/2026 05:43:02,7
3293,US5FL7LI,View,1,03/11/2024,0,03/11/2024,01/16/2026 05:43:02,7
3294,US5FL7LW,View,2,05/30/2025,0,05/30/2025,01/16/2026 05:43:02,7
3295,US5FL7MH,View,1,03/11/2024,0,03/11/2024,01/16/2026 05:43:02,7
3296,US5FL7MI,View,1,03/11/2024,0,03/11/2024,01/16/2026 05:43:02,7
3297,US5FL7NH,View,1,03/11/2024,0,03/11/2024,01/16/2026 05:43:02,7
3298,US5FL7OG,View,1,03/12/2024,0,03/12/2024,01/16/2026 05:43:01,7
3299,US5FL7OH,View,1,03/12/2024,0,03/12/2024,01/16/2026 05:43:01,7
3300,US5FL7PG,View,2,09/30/2024,0,09/30/2024,01/16/2026 05:43:01,7
3301,US5FL7QF,View,1,05/02/2024,0,05/02/2024,01/16/2026 05:43:01,7
3302,US5FL7QG,View,1,05/02/2024,0,05/02/2024,01/16/2026 05:43:01,7
3303,US5FL7RF,View,3,08/07/2025,0,08/07/2025,01/16/2026 05:43:01,7
3304,US5FL7RG,View,3,07/11/2025,0,07/11/2025,01/16/2026 05:43:00,7
3305,US5FL7SB,View,3,04/30/2025,0,04/30/2025,01/16/2026 05:43:00,7
3306,US5FL7SF,View,1,05/02/2024,0,05/02/2024,01/16/2026 05:43:00,7
3307,US5FL7TA,View,2,04/30/2025,0,04/30/2025,01/16/2026 05:43:00,7
3308,US5FL7TB,View,2,04/30/2025,0,04/30/2025,01/16/2026 05:43:00,7
3309,US5FL7TF,View,1,05/02/2024,0,05/02/2024,01/16/2026 05:42:59,7
3310,US5FL7U1,View,2,04/30/2025,0,04/30/2025,01/16/2026 05:42:59,7
3311,US5FL7UA,View,2,04/30/2025,0,04/30/2025,01/16/2026 05:42:59,7
3312,US5FL7UB,View,2,04/30/2025,0,04/30/2025,01/16/2026 05:42:59,7
3313,US5FL7UE,View,1,05/02/2024,0,05/02/2024,01/16/2026 05:42:59,7
3314,US5FL7UF,View,1,05/02/2024,0,05/02/2024,01/16/2026 05:42:59,7
3315,US5FL7VE,View,1,05/02/2024,0,05/02/2024,01/16/2026 05:42:58,7
3316,US5FL7WE,View,1,05/08/2024,0,05/08/2024,01/16/2026 05:42:58,7
3317,US5FL7ZD,View,2,09/22/2025,0,09/22/2025,01/16/2026 05:42:58,7
3318,US5FL7ZE,View,2,09/22/2025,0,09/22/2025,01/16/2026 05:42:58,7
cxl,US5FL88M,View,30,07/31/2024,1,09/30/2025,01/16/2026 05:42:58,7
3319,US5FL8AD,View,4,09/22/2025,0,09/22/2025,01/16/2026 05:42:58,7
3320,US5FL8BD,View,3,08/04/2025,0,08/04/2025,01/16/2026 05:42:57,7
3321,US5FL8BE,View,1,07/19/2023,0,07/19/2023,01/16/2026 05:42:57,7
3322,US5FL8BF,View,1,06/06/2023,0,06/06/2023,01/16/2026 05:42:57,7
3323,US5FL8BG,View,1,06/06/2023,0,06/06/2023,01/16/2026 05:42:57,7
3324,US5FL8BH,View,1,06/06/2023,0,06/06/2023,01/16/2026 05:42:57,7
3325,US5FL8CC,View,1,07/19/2023,0,07/19/2023,01/16/2026 05:42:57,7
3326,US5FL8CD,View,6,08/04/2025,0,08/04/2025,01/16/2026 05:42:56,7
3327,US5FL8CE,View,5,08/04/2025,0,08/04/2025,01/16/2026 05:42:56,7
3328,US5FL8CF,View,6,08/04/2025,0,08/04/2025,01/16/2026 05:42:56,7
3329,US5FL8CG,View,5,08/04/2025,0,08/04/2025,01/16/2026 05:42:56,7
3330,US5FL8CH,View,1,06/06/2023,0,06/06/2023,01/16/2026 05:42:56,7
cxl,US5FL93M,View,35,06/13/2025,1,07/24/2025,01/16/2026 05:42:56,7
3331,US5FOCBA,View,2,08/21/2025,0,08/21/2025,01/16/2026 05:42:56,8
3332,US5FOCBB,View,1,01/25/2024,4,08/21/2025,01/16/2026 05:42:56,8
3333,US5FOCCA,View,1,01/25/2024,0,01/25/2024,01/16/2026 05:42:55,8
3334,US5FOCCB,View,2,04/21/2025,1,08/21/2025,01/16/2026 05:42:55,8
3335,US5FPOBB,View,4,06/23/2025,1,09/09/2025,01/16/2026 05:42:55,8
3336,US5FPOBC,View,7,06/23/2025,3,10/22/2025,01/16/2026 05:42:55,8
3337,US5FPOCA,View,17,08/21/2025,2,09/25/2025,01/16/2026 05:42:55,8
3338,US5FPOCB,View,15,08/21/2025,3,12/03/2025,01/16/2026 05:42:54,8
3339,US5FPOCC,View,8,06/23/2025,2,09/25/2025,01/16/2026 05:42:54,8
3340,US5FPODA,View,6,06/23/2025,1,09/25/2025,01/16/2026 05:42:54,8
3341,US5FPODB,View,8,06/23/2025,0,06/23/2025,01/16/2026 05:42:54,8
3342,US5GA1AB,View,3,07/11/2025,0,07/11/2025,01/16/2026 05:42:54,7
3343,US5GA1AD,View,1,10/15/2024,0,10/15/2024,01/16/2026 05:42:53,7
3344,US5GA1AE,View,1,10/15/2024,0,10/15/2024,01/16/2026 05:42:53,7
3345,US5GA1BD,View,1,10/15/2024,0,10/15/2024,01/16/2026 05:42:53,7
3346,US5GA1BE,View,1,10/15/2024,0,10/15/2024,01/16/2026 05:42:53,7
3347,US5GA1CD,View,1,10/15/2024,0,10/15/2024,01/16/2026 05:42:53,7
3348,US5GA1CE,View,2,11/04/2024,0,11/04/2024,01/16/2026 05:42:52,7
3349,US5GA1CF,View,2,11/04/2024,0,11/04/2024,01/16/2026 05:42:52,7
3350,US5GA1CG,View,1,10/15/2024,0,10/15/2024,01/16/2026 05:42:52,7
3351,US5GA1DE,View,1,10/15/2024,0,10/15/2024,01/16/2026 05:42:52,7
3352,US5GA1EE,View,1,07/05/2024,1,07/26/2024,01/16/2026 05:42:51,7
3353,US5GA1EF,View,1,07/05/2024,0,07/05/2024,01/16/2026 05:42:51,7
3354,US5GA1EG,View,1,07/05/2024,0,07/05/2024,01/16/2026 05:42:51,7
3355,US5GA1EH,View,1,07/05/2024,0,07/05/2024,01/16/2026 05:42:51,7
3356,US5GA1FG,View,1,07/08/2024,0,07/08/2024,01/16/2026 05:42:51,7
3357,US5GA1GG,View,1,07/08/2024,0,07/08/2024,01/16/2026 05:42:51,7
3358,US5GA1GH,View,1,07/08/2024,0,07/08/2024,01/16/2026 05:42:50,7
3359,US5GA1GI,View,1,07/08/2024,0,07/08/2024,01/16/2026 05:42:50,7
3360,US5GA1HF,View,2,08/27/2025,0,08/27/2025,01/16/2026 05:42:50,7
3361,US5GA1HG,View,1,07/08/2024,0,07/08/2024,01/16/2026 05:42:50,7
3362,US5GA1HH,View,1,07/08/2024,0,07/08/2024,01/16/2026 05:42:50,7
3363,US5GA1HI,View,1,07/08/2024,0,07/08/2024,01/16/2026 05:42:50,7
3364,US5GA1HJ,View,1,07/08/2024,0,07/08/2024,01/16/2026 05:42:50,7
3365,US5GA1IG,View,1,07/08/2024,0,07/08/2024,01/16/2026 05:42:49,7
3366,US5GA1IH,View,1,07/08/2024,0,07/08/2024,01/16/2026 05:42:49,7
3367,US5GA1II,View,1,07/08/2024,0,07/08/2024,01/16/2026 05:42:49,7
3368,US5GA1IJ,View,1,07/08/2024,0,07/08/2024,01/16/2026 05:42:49,7
3369,US5GA1JH,View,1,07/08/2024,0,07/08/2024,01/16/2026 05:42:49,7
3370,US5GA1JI,View,1,07/09/2024,0,07/09/2024,01/16/2026 05:42:49,7
3371,US5GA1JK,View,1,11/29/2023,0,11/29/2023,01/16/2026 05:42:48,7
3372,US5GA1JL,View,2,05/31/2024,0,05/31/2024,01/16/2026 05:42:48,7
3373,US5GA1KI,View,2,11/19/2025,0,11/19/2025,01/16/2026 05:42:48,7
3374,US5GA1OG,View,1,03/29/2024,0,03/29/2024,01/16/2026 05:42:48,7
3375,US5GA1OH,View,1,03/29/2024,0,03/29/2024,01/16/2026 05:42:48,7
3376,US5GA1PG,View,1,03/29/2024,0,03/29/2024,01/16/2026 05:42:48,7
3377,US5GA1PH,View,1,03/29/2024,0,03/29/2024,01/16/2026 05:42:47,7
3378,US5GA1QG,View,1,03/29/2024,0,03/29/2024,01/16/2026 05:42:47,7
3379,US5GA1RF,View,1,03/29/2024,0,03/29/2024,01/16/2026 05:42:47,7
3380,US5GA1RG,View,1,03/29/2024,0,03/29/2024,01/16/2026 05:42:47,7
3381,US5GA1SD,View,1,03/29/2024,0,03/29/2024,01/16/2026 05:42:47,7
3382,US5GA1SE,View,1,03/29/2024,0,03/29/2024,01/16/2026 05:42:47,7
3383,US5GA1SF,View,1,03/29/2024,0,03/29/2024,01/16/2026 05:42:46,7
3384,US5GA1TD,View,1,03/29/2024,0,03/29/2024,01/16/2026 05:42:46,7
3385,US5GA1UD,View,1,03/29/2024,0,03/29/2024,01/16/2026 05:42:46,7
3386,US5GA1VC,View,2,06/10/2025,0,06/10/2025,01/16/2026 05:42:46,7
3387,US5GA1VD,View,2,06/10/2025,0,06/10/2025,01/16/2026 05:42:46,7
3388,US5GA1WC,View,2,06/10/2025,0,06/10/2025,01/16/2026 05:42:46,7
3389,US5GA1WD,View,2,06/10/2025,0,06/10/2025,01/16/2026 05:42:46,7
3390,US5GA1XC,View,2,06/10/2025,0,06/10/2025,01/16/2026 05:42:46,7
3391,US5GA1YA,View,2,06/10/2025,0,06/10/2025,01/16/2026 05:42:45,7
3392,US5GA1YB,View,2,06/10/2025,0,06/10/2025,01/16/2026 05:42:45,7
3393,US5GA1YC,View,2,06/10/2025,0,06/10/2025,01/16/2026 05:42:45,7
3394,US5GA2AB,View,1,07/19/2023,0,07/19/2023,01/16/2026 05:42:45,7
3395,US5GA2AC,View,5,08/06/2025,0,08/06/2025,01/16/2026 05:42:45,7
3396,US5GA2AD,View,1,07/19/2023,0,07/19/2023,01/16/2026 05:42:45,7
3397,US5GA2AE,View,1,06/06/2023,0,06/06/2023,01/16/2026 05:42:44,7
3398,US5GA2AF,View,1,06/06/2023,0,06/06/2023,01/16/2026 05:42:44,7
3399,US5GA2AG,View,1,06/06/2023,0,06/06/2023,01/16/2026 05:42:44,7
3400,US5GA2AW,View,2,06/10/2025,0,06/10/2025,01/16/2026 05:42:44,7
3401,US5GA2AX,View,2,06/10/2025,0,06/10/2025,01/16/2026 05:42:44,7
3402,US5GA2AY,View,2,06/10/2025,0,06/10/2025,01/16/2026 05:42:44,7
3403,US5GA2AZ,View,2,06/10/2025,0,06/10/2025,01/16/2026 05:42:44,7
3404,US5GA2BC,View,1,06/07/2024,0,06/07/2024,01/16/2026 05:42:44,7
3405,US5GA2BW,View,2,06/10/2025,0,06/10/2025,01/16/2026 05:42:43,7
3406,US5GA2CC,View,1,06/07/2024,0,06/07/2024,01/16/2026 05:42:43,7
3407,US5GA2CD,View,1,05/30/2024,0,05/30/2024,01/16/2026 05:42:43,7
3408,US5GA2CV,View,2,06/10/2025,0,06/10/2025,01/16/2026 05:42:43,7
3409,US5GA2CW,View,2,06/10/2025,0,06/10/2025,01/16/2026 05:42:43,7
3410,US5GA2DC,View,1,05/30/2024,0,05/30/2024,01/16/2026 05:42:43,7
3411,US5GA2DD,View,1,06/07/2024,0,06/07/2024,01/16/2026 05:42:42,7
3412,US5GA2DU,View,2,06/10/2025,0,06/10/2025,01/16/2026 05:42:42,7
3413,US5GA2DV,View,2,06/10/2025,0,06/10/2025,01/16/2026 05:42:42,7
3414,US5GA2EU,View,2,06/10/2025,0,06/10/2025,01/16/2026 05:42:42,7
3415,US5GA2FT,View,2,06/10/2025,0,06/10/2025,01/16/2026 05:42:42,7
3416,US5GA2FU,View,2,06/10/2025,0,06/10/2025,01/16/2026 05:42:42,7
3417,US5GPTAC,View,1,05/09/2025,1,09/09/2025,01/16/2026 05:42:42,8
3418,US5GPTAD,View,1,05/09/2025,1,09/09/2025,01/16/2026 05:42:41,8
3419,US5GPTBC,View,4,04/25/2025,2,10/15/2025,01/16/2026 05:42:41,8
3420,US5GPTBD,View,3,04/25/2025,0,04/25/2025,01/16/2026 05:42:41,8
3421,US5GPTCA,View,3,11/14/2025,0,11/14/2025,01/16/2026 05:42:41,8
3422,US5GPTCB,View,1,03/27/2024,3,11/13/2025,01/16/2026 05:42:41,8
3423,US5GPTCC,View,1,03/07/2024,5,11/13/2025,01/16/2026 05:42:41,8
3424,US5GPTDA,View,1,03/27/2024,0,03/27/2024,01/16/2026 05:42:41,8
3425,US5GPTDB,View,1,03/27/2024,3,01/12/2026,01/16/2026 05:42:40,8
3426,US5GPTDC,View,1,03/27/2024,0,03/27/2024,01/16/2026 05:42:40,8
3427,US5GPTEB,View,1,03/27/2024,3,09/09/2025,01/16/2026 05:42:40,8
3428,US5GRBCC,View,1,09/19/2024,1,08/01/2025,01/16/2026 05:42:40,9
3429,US5GRBCD,View,1,09/19/2024,0,09/19/2024,01/16/2026 05:42:40,9
3430,US5GRBDB,View,1,09/19/2024,0,09/19/2024,01/16/2026 05:42:40,9
3431,US5GRBDC,View,1,09/19/2024,0,09/19/2024,01/16/2026 05:42:40,9
3432,US5GRBDD,View,1,09/19/2024,1,07/30/2025,01/16/2026 05:42:39,9
3433,US5GRBDE,View,1,09/19/2024,0,09/19/2024,01/16/2026 05:42:39,9
3434,US5GRBEC,View,1,09/19/2024,0,09/19/2024,01/16/2026 05:42:39,9
3435,US5GRBED,View,1,09/19/2024,0,09/19/2024,01/16/2026 05:42:39,9
3436,US5GRBEE,View,1,09/19/2024,0,09/19/2024,01/16/2026 05:42:39,9
3437,US5GU1LI,View,1,05/14/2025,0,05/14/2025,01/16/2026 05:42:39,14
3438,US5GU1LJ,View,1,05/14/2025,0,05/14/2025,01/16/2026 05:42:39,14
3439,US5GU1LK,View,1,05/14/2025,0,05/14/2025,01/16/2026 05:42:38,14
3440,US5GU1MI,View,1,05/14/2025,0,05/14/2025,01/16/2026 05:42:38,14
3441,US5GU1MJ,View,1,05/14/2025,0,05/14/2025,01/16/2026 05:42:38,14
3442,US5GU1MK,View,1,05/14/2025,0,05/14/2025,01/16/2026 05:42:38,14
3443,US5GU1ML,View,1,05/14/2025,0,05/14/2025,01/16/2026 05:42:38,14
3444,US5GU1NI,View,1,05/14/2025,0,05/14/2025,01/16/2026 05:42:38,14
3445,US5GU1NJ,View,1,05/14/2025,0,05/14/2025,01/16/2026 05:42:38,14
3446,US5GU1NK,View,1,05/14/2025,0,05/14/2025,01/16/2026 05:42:38,14
3447,US5GU1NL,View,1,05/14/2025,0,05/14/2025,01/16/2026 05:42:37,14
3448,US5GU3TB,View,2,08/04/2025,0,08/04/2025,01/16/2026 05:42:37,14
3449,US5GU3TC,View,1,07/16/2025,1,08/04/2025,01/16/2026 05:42:37,14
3450,US5GU3TD,View,1,07/16/2025,0,07/16/2025,01/16/2026 05:42:37,14
3451,US5GU3UB,View,1,07/16/2025,0,07/16/2025,01/16/2026 05:42:37,14
3452,US5GU3UC,View,1,07/16/2025,0,07/16/2025,01/16/2026 05:42:37,14
3453,US5GU3UD,View,1,07/16/2025,0,07/16/2025,01/16/2026 05:42:37,14
3454,US5GU3VB,View,1,07/16/2025,0,07/16/2025,01/16/2026 05:42:37,14
3455,US5GU3VC,View,1,07/16/2025,0,07/16/2025,01/16/2026 05:42:36,14
3456,US5GU3VD,View,1,07/16/2025,0,07/16/2025,01/16/2026 05:42:36,14
3457,US5HA06A,View,1,09/09/2025,0,09/09/2025,01/16/2026 05:42:36,14
3458,US5HA06M,View,6,09/09/2025,0,09/09/2025,01/16/2026 05:42:36,14
3459,US5HA12M,View,17,10/02/2024,1,10/10/2024,01/16/2026 05:42:36,14
3460,US5HA16M,View,17,02/23/2023,1,02/28/2023,01/16/2026 05:42:35,14
3461,US5HA18M,View,4,08/28/2017,0,08/28/2017,01/16/2026 05:42:35,14
cxl,US5HA22M,View,19,04/18/2024,1,07/15/2025,01/16/2026 05:42:35,14
3462,US5HA23M,View,6,09/07/2017,2,02/10/2021,01/16/2026 05:42:34,14
cxl,US5HA24M,View,10,12/12/2023,2,09/27/2025,01/16/2026 05:42:34,14
cxl,US5HA25M,View,6,02/15/2018,1,07/15/2025,01/16/2026 05:42:34,14
cxl,US5HA31M,View,5,02/02/2021,2,09/23/2025,01/16/2026 05:42:34,14
3463,US5HA56M,View,9,07/31/2025,0,07/31/2025,01/16/2026 05:42:33,14
3464,US5HA57M,View,11,07/31/2025,0,07/31/2025,01/16/2026 05:42:33,14
3465,US5HA66M,View,4,08/30/2017,1,03/09/2021,01/16/2026 05:42:33,14
cxl,US5HA71M,View,6,06/25/2025,1,01/06/2026,01/16/2026 05:42:33,14
3466,US5HA72M,View,5,09/12/2017,0,09/12/2017,01/16/2026 05:42:32,14
cxl,US5HA74M,View,4,08/31/2017,1,08/05/2025,01/16/2026 05:42:32,14
cxl,US5HA75M,View,5,08/31/2017,1,09/17/2025,01/16/2026 05:42:32,14
cxl,US5HA77M,View,7,08/01/2018,1,09/04/2025,01/16/2026 05:42:32,14
cxl,US5HA78M,View,9,09/23/2021,3,09/04/2025,01/16/2026 05:42:31,14
3467,US5HEPBB,View,3,08/21/2025,0,08/21/2025,01/16/2026 05:42:31,1
3468,US5HEPCB,View,6,08/18/2025,0,08/18/2025,01/16/2026 05:42:31,1
3469,US5HI2DM,View,1,07/15/2025,0,07/15/2025,01/16/2026 05:42:30,14
3470,US5HI2EJ,View,1,09/27/2025,0,09/27/2025,01/16/2026 05:42:30,14
3471,US5HI2EK,View,1,09/27/2025,0,09/27/2025,01/16/2026 05:42:30,14
3472,US5HI2EM,View,1,07/15/2025,0,07/15/2025,01/16/2026 05:42:30,14
3473,US5HI2FJ,View,1,09/27/2025,0,09/27/2025,01/16/2026 05:42:30,14
3474,US5HI2FK,View,1,09/27/2025,0,09/27/2025,01/16/2026 05:42:29,14
3475,US5HI2FO,View,1,07/15/2025,0,07/15/2025,01/16/2026 05:42:29,14
3476,US5HI2GJ,View,1,09/27/2025,0,09/27/2025,01/16/2026 05:42:29,14
3477,US5HI2GL,View,1,07/15/2025,0,07/15/2025,01/16/2026 05:42:29,14
3478,US5HI2GO,View,1,07/15/2025,0,07/15/2025,01/16/2026 05:42:29,14
3479,US5HI2HL,View,1,07/15/2025,0,07/15/2025,01/16/2026 05:42:29,14
3480,US5HI2HM,View,1,07/15/2025,0,07/15/2025,01/16/2026 05:42:29,14
3481,US5HI2HN,View,1,07/15/2025,0,07/15/2025,01/16/2026 05:42:28,14
3482,US5HI2HO,View,1,07/15/2025,0,07/15/2025,01/16/2026 05:42:28,14
3483,US5HI3CH,View,1,07/31/2025,0,07/31/2025,01/16/2026 05:42:28,14
3484,US5HI3CI,View,1,07/31/2025,0,07/31/2025,01/16/2026 05:42:28,14
3485,US5HI3CJ,View,1,07/31/2025,0,07/31/2025,01/16/2026 05:42:28,14
3486,US5HI3DI,View,1,07/31/2025,0,07/31/2025,01/16/2026 05:42:28,14
3487,US5HI3DJ,View,1,07/31/2025,0,07/31/2025,01/16/2026 05:42:27,14
3488,US5HI3EB,View,1,06/04/2025,0,06/04/2025,01/16/2026 05:42:27,14
3489,US5HI3EG,View,1,07/31/2025,1,10/29/2025,01/16/2026 05:42:27,14
3490,US5HI3EH,View,1,08/11/2025,1,11/28/2025,01/16/2026 05:42:27,14
3491,US5HI3FB,View,1,06/04/2025,0,06/04/2025,01/16/2026 05:42:26,14
3492,US5HI3FG,View,1,07/31/2025,0,07/31/2025,01/16/2026 05:42:26,14
3493,US5HI3FH,View,1,07/31/2025,0,07/31/2025,01/16/2026 05:42:26,14
3494,US5HI4GE,View,1,05/19/2025,0,05/19/2025,01/16/2026 05:42:26,14
3495,US5HI4GF,View,1,05/19/2025,0,05/19/2025,01/16/2026 05:42:25,14
3496,US5HI4GG,View,1,05/19/2025,0,05/19/2025,01/16/2026 05:42:25,14
3497,US5HI4GH,View,1,05/19/2025,0,05/19/2025,01/16/2026 05:42:25,14
3498,US5HI5EB,View,1,06/25/2025,0,06/25/2025,01/16/2026 05:42:25,14
3499,US5HI5EC,View,1,06/25/2025,0,06/25/2025,01/16/2026 05:42:25,14
3500,US5HI5ED,View,1,06/25/2025,0,06/25/2025,01/16/2026 05:42:24,14
3501,US5HI5FB,View,1,06/25/2025,0,06/25/2025,01/16/2026 05:42:24,14
3502,US5HI5FC,View,1,06/25/2025,0,06/25/2025,01/16/2026 05:42:24,14
3503,US5HI5FD,View,1,06/25/2025,0,06/25/2025,01/16/2026 05:42:24,14
3504,US5HI5GB,View,1,06/25/2025,0,06/25/2025,01/16/2026 05:42:23,14
3505,US5HI5GC,View,1,06/25/2025,0,06/25/2025,01/16/2026 05:42:23,14
3506,US5HI5GD,View,1,06/25/2025,0,06/25/2025,01/16/2026 05:42:23,14
3507,US5HI5HB,View,1,06/25/2025,0,06/25/2025,01/16/2026 05:42:23,14
3508,US5HI5HC,View,1,06/25/2025,0,06/25/2025,01/16/2026 05:42:23,14
3509,US5HI5HD,View,1,06/25/2025,0,06/25/2025,01/16/2026 05:42:22,14
3510,US5HI7IJ,View,1,08/05/2025,0,08/05/2025,01/16/2026 05:42:22,14
3511,US5HI7IK,View,1,08/05/2025,0,08/05/2025,01/16/2026 05:42:22,14
3512,US5HI7JJ,View,1,08/05/2025,0,08/05/2025,01/16/2026 05:42:22,14
3513,US5HI7JK,View,1,08/05/2025,0,08/05/2025,01/16/2026 05:42:21,14
3514,US5HI7KJ,View,1,08/05/2025,0,08/05/2025,01/16/2026 05:42:21,14
3515,US5HI7KK,View,1,08/05/2025,0,08/05/2025,01/16/2026 05:42:21,14
3516,US5HI7LA,View,1,08/05/2025,0,08/05/2025,01/16/2026 05:42:21,14
3517,US5HI7LB,View,1,08/05/2025,0,08/05/2025,01/16/2026 05:42:21,14
3518,US5HI7LC,View,1,08/05/2025,0,08/05/2025,01/16/2026 05:42:20,14
3519,US5HI7MA,View,1,08/05/2025,0,08/05/2025,01/16/2026 05:42:20,14
3520,US5HI7MB,View,1,08/05/2025,0,08/05/2025,01/16/2026 05:42:20,14
3521,US5HI7MC,View,1,08/05/2025,0,08/05/2025,01/16/2026 05:42:20,14
3522,US5HI7MD,View,1,08/05/2025,0,08/05/2025,01/16/2026 05:42:19,14
3523,US5HI7NA,View,1,08/05/2025,0,08/05/2025,01/16/2026 05:42:19,14
3524,US5HI7NB,View,1,08/05/2025,0,08/05/2025,01/16/2026 05:42:19,14
3525,US5HI7NC,View,1,08/05/2025,0,08/05/2025,01/16/2026 05:42:19,14
3526,US5HI7ND,View,1,08/05/2025,0,08/05/2025,01/16/2026 05:42:18,14
3527,US5HI7OA,View,1,08/05/2025,0,08/05/2025,01/16/2026 05:42:18,14
3528,US5HI7OB,View,1,08/05/2025,0,08/05/2025,01/16/2026 05:42:18,14
3529,US5HI7OC,View,1,08/05/2025,0,08/05/2025,01/16/2026 05:42:18,14
3530,US5HI8DP,View,1,09/04/2025,0,09/04/2025,01/16/2026 05:42:18,14
3531,US5HI8DQ,View,1,09/04/2025,0,09/04/2025,01/16/2026 05:42:18,14
3532,US5HI8DR,View,1,09/04/2025,0,09/04/2025,01/16/2026 05:42:17,14
3533,US5HI8DS,View,1,09/04/2025,0,09/04/2025,01/16/2026 05:42:17,14
3534,US5HI8EP,View,1,09/04/2025,0,09/04/2025,01/16/2026 05:42:17,14
3535,US5HI8EQ,View,1,09/04/2025,0,09/04/2025,01/16/2026 05:42:17,14
3536,US5HI8ER,View,1,09/04/2025,0,09/04/2025,01/16/2026 05:42:17,14
3537,US5HI8ES,View,1,09/04/2025,0,09/04/2025,01/16/2026 05:42:16,14
3538,US5HI8FP,View,1,09/04/2025,0,09/04/2025,01/16/2026 05:42:16,14
3539,US5HI8FQ,View,1,09/04/2025,0,09/04/2025,01/16/2026 05:42:16,14
3540,US5HI8FR,View,1,09/04/2025,0,09/04/2025,01/16/2026 05:42:16,14
3541,US5HI8FS,View,1,09/04/2025,0,09/04/2025,01/16/2026 05:42:16,14
3542,US5HI8HD,View,1,06/02/2025,0,06/02/2025,01/16/2026 05:42:15,14
3543,US5HI8HE,View,1,06/02/2025,0,06/02/2025,01/16/2026 05:42:15,14
3544,US5HI8HF,View,1,06/02/2025,0,06/02/2025,01/16/2026 05:42:15,14
3545,US5HI8ID,View,1,06/02/2025,0,06/02/2025,01/16/2026 05:42:14,14
3546,US5HI8IE,View,1,06/02/2025,0,06/02/2025,01/16/2026 05:42:14,14
3547,US5HI8IF,View,1,06/02/2025,0,06/02/2025,01/16/2026 05:42:14,14
3548,US5HI9AA,View,1,09/17/2025,0,09/17/2025,01/16/2026 05:42:14,14
3549,US5HI9AB,View,1,09/17/2025,0,09/17/2025,01/16/2026 05:42:14,14
3550,US5HI9AC,View,1,09/17/2025,0,09/17/2025,01/16/2026 05:42:13,14
3551,US5HI9AD,View,1,09/17/2025,0,09/17/2025,01/16/2026 05:42:13,14
3552,US5HI9AE,View,1,09/17/2025,0,09/17/2025,01/16/2026 05:42:13,14
3553,US5HI9AF,View,1,09/17/2025,0,09/17/2025,01/16/2026 05:42:13,14
3554,US5HI9BA,View,1,09/18/2025,0,09/18/2025,01/16/2026 05:42:13,14
3555,US5HI9BB,View,1,09/17/2025,0,09/17/2025,01/16/2026 05:42:12,14
3556,US5HI9BC,View,1,09/17/2025,0,09/17/2025,01/16/2026 05:42:12,14
3557,US5HI9BD,View,1,09/17/2025,0,09/17/2025,01/16/2026 05:42:12,14
3558,US5HI9BE,View,1,09/17/2025,0,09/17/2025,01/16/2026 05:42:12,14
3559,US5HI9BF,View,1,09/17/2025,0,09/17/2025,01/16/2026 05:42:12,14
3560,US5HI9CA,View,1,09/17/2025,0,09/17/2025,01/16/2026 05:42:12,14
3561,US5HI9CB,View,1,09/17/2025,0,09/17/2025,01/16/2026 05:42:11,14
3562,US5HI9CC,View,1,09/17/2025,0,09/17/2025,01/16/2026 05:42:11,14
3563,US5HI9CD,View,1,09/17/2025,0,09/17/2025,01/16/2026 05:42:11,14
3564,US5HI9CE,View,1,09/17/2025,0,09/17/2025,01/16/2026 05:42:11,14
3565,US5HI9CF,View,1,09/17/2025,0,09/17/2025,01/16/2026 05:42:11,14
3566,US5HNLCB,View,1,06/04/2025,0,06/04/2025,01/16/2026 05:42:10,14
3567,US5HNLCC,View,1,06/04/2025,0,06/04/2025,01/16/2026 05:42:10,14
3568,US5HNLCD,View,1,06/04/2025,0,06/04/2025,01/16/2026 05:42:10,14
3569,US5HNLCE,View,1,05/09/2025,1,07/28/2025,01/16/2026 05:42:10,14
3570,US5HNLCF,View,1,05/09/2025,0,05/09/2025,01/16/2026 05:42:10,14
3571,US5HNLCG,View,1,05/09/2025,0,05/09/2025,01/16/2026 05:42:10,14
3572,US5HNLDB,View,1,06/04/2025,0,06/04/2025,01/16/2026 05:42:09,14
3573,US5HNLDC,View,1,06/04/2025,0,06/04/2025,01/16/2026 05:42:09,14
3574,US5HNLDD,View,1,06/04/2025,0,06/04/2025,01/16/2026 05:42:09,14
3575,US5HNLDE,View,3,07/28/2025,1,08/26/2025,01/16/2026 05:42:09,14
3576,US5HNLDF,View,1,05/09/2025,1,07/28/2025,01/16/2026 05:42:09,14
3577,US5HNLDG,View,1,05/09/2025,0,05/09/2025,01/16/2026 05:42:08,14
3578,US5HNLEE,View,1,05/09/2025,1,07/28/2025,01/16/2026 05:42:08,14
3579,US5HNLEF,View,1,05/09/2025,1,07/28/2025,01/16/2026 05:42:08,14
3580,US5HOUAG,View,3,03/22/2024,0,03/22/2024,01/16/2026 05:42:08,8
3581,US5HOUAH,View,3,12/03/2024,1,06/16/2025,01/16/2026 05:42:08,8
3582,US5HOUAI,View,4,06/30/2025,2,12/11/2025,01/16/2026 05:42:07,8
3583,US5HOUAJ,View,1,09/21/2023,2,04/30/2025,01/16/2026 05:42:07,8
3584,US5HOUBF,View,3,02/07/2025,1,02/25/2025,01/16/2026 05:42:07,8
3585,US5HOUBG,View,3,02/07/2025,0,02/07/2025,01/16/2026 05:42:07,8
3586,US5HOUBH,View,4,03/06/2025,2,12/11/2025,01/16/2026 05:42:07,8
3587,US5HOUBI,View,6,09/26/2025,1,12/11/2025,01/16/2026 05:42:06,8
3588,US5HOUCF,View,2,02/07/2025,1,10/15/2025,01/16/2026 05:42:06,8
3589,US5HOUCG,View,6,09/26/2025,1,12/11/2025,01/16/2026 05:42:06,8
3590,US5HOUCH,View,5,03/06/2025,2,12/11/2025,01/16/2026 05:42:06,8
3591,US5HOUCI,View,1,07/18/2022,1,11/17/2023,01/16/2026 05:42:05,8
3592,US5HOUDF,View,3,12/03/2024,0,12/03/2024,01/16/2026 05:42:05,8
3593,US5HOUDG,View,15,10/02/2025,1,12/11/2025,01/16/2026 05:42:05,8
3594,US5HOUDH,View,3,08/20/2025,2,11/20/2025,01/16/2026 05:42:05,8
3595,US5HOUDI,View,2,08/20/2025,0,08/20/2025,01/16/2026 05:42:04,8
3596,US5HOUEB,View,3,03/24/2023,3,09/26/2025,01/16/2026 05:42:04,8
3597,US5HOUEC,View,5,03/24/2023,7,12/11/2025,01/16/2026 05:42:04,8
3598,US5HOUED,View,8,06/27/2025,2,12/11/2025,01/16/2026 05:42:04,8
3599,US5HOUEE,View,14,12/03/2024,4,12/11/2025,01/16/2026 05:42:03,8
3600,US5HOUEF,View,12,10/02/2025,1,12/11/2025,01/16/2026 05:42:03,8
3601,US5HOUEG,View,9,12/03/2024,3,12/11/2025,01/16/2026 05:42:03,8
3602,US5HOUEH,View,1,07/18/2022,0,07/18/2022,01/16/2026 05:42:02,8
3603,US5HOUFE,View,4,03/24/2023,0,03/24/2023,01/16/2026 05:42:02,8
3604,US5HOUFF,View,7,03/24/2023,3,11/04/2024,01/16/2026 05:42:02,8
3605,US5HPWAL,View,1,03/22/2024,0,03/22/2024,01/16/2026 05:42:02,5
3606,US5HPWAM,View,1,03/22/2024,0,03/22/2024,01/16/2026 05:42:02,5
3607,US5HPWBL,View,1,03/22/2024,1,07/30/2024,01/16/2026 05:42:01,5
3608,US5HPWBM,View,1,03/22/2024,1,07/30/2024,01/16/2026 05:42:01,5
3609,US5HPWBN,View,1,03/22/2024,0,03/22/2024,01/16/2026 05:42:01,5
3610,US5HPWCG,View,2,03/08/2024,0,03/08/2024,01/16/2026 05:42:01,5
3611,US5HPWCI,View,2,03/08/2024,0,03/08/2024,01/16/2026 05:42:00,5
3612,US5HPWCJ,View,2,03/08/2024,0,03/08/2024,01/16/2026 05:42:00,5
3613,US5HPWCK,View,2,03/08/2024,0,03/08/2024,01/16/2026 05:42:00,5
3614,US5HPWCL,View,1,03/22/2024,1,07/30/2024,01/16/2026 05:42:00,5
3615,US5HPWCM,View,1,03/22/2024,2,05/14/2025,01/16/2026 05:42:00,5
3616,US5HPWCN,View,1,03/22/2024,0,03/22/2024,01/16/2026 05:41:59,5
3617,US5HPWDB,View,1,03/03/2023,0,03/03/2023,01/16/2026 05:41:59,5
3618,US5HPWDF,View,2,03/11/2024,0,03/11/2024,01/16/2026 05:41:59,5
3619,US5HPWDG,View,2,03/08/2024,0,03/08/2024,01/16/2026 05:41:59,5
3620,US5HPWDH,View,2,03/08/2024,0,03/08/2024,01/16/2026 05:41:58,5
3621,US5HPWDI,View,3,03/08/2024,0,03/08/2024,01/16/2026 05:41:58,5
3622,US5HPWDJ,View,2,03/08/2024,0,03/08/2024,01/16/2026 05:41:58,5
3623,US5HPWDK,View,2,03/08/2024,2,03/13/2025,01/16/2026 05:41:58,5
3624,US5HPWDL,View,1,01/04/2024,1,02/01/2024,01/16/2026 05:41:58,5
3625,US5HPWDM,View,1,01/04/2024,0,01/04/2024,01/16/2026 05:41:57,5
3626,US5HPWEB,View,1,03/03/2023,1,02/29/2024,01/16/2026 05:41:57,5
3627,US5HPWEC,View,2,02/29/2024,0,02/29/2024,01/16/2026 05:41:57,5
3628,US5HPWED,View,2,02/29/2024,0,02/29/2024,01/16/2026 05:41:57,5
3629,US5HPWEF,View,2,03/08/2024,0,03/08/2024,01/16/2026 05:41:56,5
3630,US5HPWEG,View,2,03/08/2024,0,03/08/2024,01/16/2026 05:41:56,5
3631,US5HPWEH,View,2,03/08/2024,0,03/08/2024,01/16/2026 05:41:56,5
3632,US5HPWEI,View,2,03/08/2024,0,03/08/2024,01/16/2026 05:41:56,5
3633,US5HPWEJ,View,2,03/08/2024,0,03/08/2024,01/16/2026 05:41:56,5
3634,US5HPWFA,View,1,03/03/2023,1,02/29/2024,01/16/2026 05:41:55,5
3635,US5HPWFB,View,1,03/03/2023,1,06/20/2023,01/16/2026 05:41:55,5
3636,US5HPWFC,View,1,03/03/2023,0,03/03/2023,01/16/2026 05:41:55,5
3637,US5HPWFD,View,1,03/03/2023,0,03/03/2023,01/16/2026 05:41:55,5
3638,US5HPWFI,View,2,03/08/2024,1,09/15/2025,01/16/2026 05:41:54,5
3639,US5HPWFJ,View,2,03/08/2024,0,03/08/2024,01/16/2026 05:41:54,5
3640,US5HPWGA,View,1,03/03/2023,2,09/29/2025,01/16/2026 05:41:54,5
3641,US5HPWHA,View,1,03/03/2023,0,03/03/2023,01/16/2026 05:41:54,5
3642,US5HUMAC,View,1,02/08/2024,2,05/28/2025,01/16/2026 05:41:54,8
3643,US5HUMBC,View,2,04/25/2025,0,04/25/2025,01/16/2026 05:41:54,8
3644,US5HUMCB,View,1,02/08/2024,0,02/08/2024,01/16/2026 05:41:53,8
3645,US5HUMCC,View,2,03/10/2025,0,03/10/2025,01/16/2026 05:41:53,8
3646,US5HUMDA,View,1,04/30/2024,0,04/30/2024,01/16/2026 05:41:53,8
3647,US5HUMDB,View,1,02/08/2024,6,01/21/2025,01/16/2026 05:41:53,8
3648,US5HUMEA,View,1,04/30/2024,0,04/30/2024,01/16/2026 05:41:52,8
3649,US5HUMFA,View,1,04/30/2024,2,07/11/2025,01/16/2026 05:41:52,8
3650,US5HUMGA,View,1,04/30/2024,0,04/30/2024,01/16/2026 05:41:52,8
3651,US5HUMHA,View,1,06/05/2024,1,09/03/2025,01/16/2026 05:41:52,8
3652,US5HUMHB,View,1,04/04/2024,0,04/04/2024,01/16/2026 05:41:52,8
3653,US5HUMIA,View,2,09/03/2025,2,12/12/2025,01/16/2026 05:41:51,8
3654,US5HUMIB,View,2,09/03/2025,0,09/03/2025,01/16/2026 05:41:51,8
3655,US5HVNBB,View,4,08/15/2025,1,12/18/2025,01/16/2026 05:41:51,1
3656,US5HVNBC,View,3,08/15/2025,0,08/15/2025,01/16/2026 05:41:51,1
3657,US5HVNCB,View,4,08/21/2025,1,12/18/2025,01/16/2026 05:41:51,1
3658,US5HVNCC,View,3,07/31/2025,0,07/31/2025,01/16/2026 05:41:50,1
3659,US5IL33B,View,1,02/04/2025,1,04/25/2025,01/16/2026 05:41:50,9
3660,US5IL33C,View,1,02/04/2025,0,02/04/2025,01/16/2026 05:41:50,9
3661,US5ILGAE,View,3,06/20/2024,2,08/07/2025,01/16/2026 05:41:50,5
3662,US5ILGAF,View,3,06/20/2024,0,06/20/2024,01/16/2026 05:41:50,5
3663,US5ILGAG,View,3,06/20/2024,0,06/20/2024,01/16/2026 05:41:50,5
3664,US5ILGBA,View,3,01/26/2024,3,11/04/2024,01/16/2026 05:41:49,5
3665,US5ILGBB,View,2,01/26/2024,0,01/26/2024,01/16/2026 05:41:49,5
3666,US5ILGBE,View,4,06/17/2024,4,09/26/2025,01/16/2026 05:41:49,5
3667,US5ILGBF,View,2,06/17/2024,0,06/17/2024,01/16/2026 05:41:49,5
3668,US5ILGCA,View,2,01/26/2024,1,04/23/2024,01/16/2026 05:41:48,5
3669,US5ILGCB,View,2,01/26/2024,1,04/23/2024,01/16/2026 05:41:48,5
3670,US5ILGCC,View,2,01/26/2024,1,04/23/2024,01/16/2026 05:41:48,5
3671,US5ILGCD,View,2,01/26/2024,2,09/26/2025,01/16/2026 05:41:48,5
3672,US5ILGCE,View,6,01/26/2024,8,01/06/2026,01/16/2026 05:41:47,5
3673,US5ILGCF,View,5,01/26/2024,3,09/26/2025,01/16/2026 05:41:47,5
3674,US5ILGDD,View,2,01/18/2024,1,09/26/2025,01/16/2026 05:41:47,5
3675,US5ILGDE,View,7,07/19/2024,3,09/26/2025,01/16/2026 05:41:47,5
3676,US5ILGDF,View,5,01/18/2024,1,04/16/2024,01/16/2026 05:41:47,5
3677,US5ILGEE,View,7,09/26/2025,0,09/26/2025,01/16/2026 05:41:46,5
3678,US5ILGEF,View,6,01/18/2024,4,09/26/2025,01/16/2026 05:41:46,5
3679,US5ILGFF,View,7,07/19/2024,3,09/26/2025,01/16/2026 05:41:46,5
3680,US5ILMAD,View,1,07/14/2023,0,07/14/2023,01/16/2026 05:41:46,5
3681,US5ILMAE,View,1,07/14/2023,0,07/14/2023,01/16/2026 05:41:46,5
3682,US5ILMBB,View,1,07/14/2023,0,07/14/2023,01/16/2026 05:41:45,5
3683,US5ILMBC,View,1,07/14/2023,0,07/14/2023,01/16/2026 05:41:45,5
3684,US5ILMBD,View,1,07/14/2023,0,07/14/2023,01/16/2026 05:41:45,5
3685,US5ILMBE,View,1,07/14/2023,0,07/14/2023,01/16/2026 05:41:45,5
3686,US5ILMCB,View,1,06/20/2023,1,11/21/2025,01/16/2026 05:41:45,5
3687,US5ILMCC,View,1,06/20/2023,1,09/11/2023,01/16/2026 05:41:45,5
3688,US5ILMCD,View,1,06/20/2023,0,06/20/2023,01/16/2026 05:41:44,5
3689,US5ILMCE,View,1,06/20/2023,0,06/20/2023,01/16/2026 05:41:44,5
3690,US5ILMDB,View,1,06/20/2023,0,06/20/2023,01/16/2026 05:41:44,5
3691,US5ILMDC,View,1,06/20/2023,5,08/13/2025,01/16/2026 05:41:44,5
3692,US5ILMDD,View,1,06/20/2023,0,06/20/2023,01/16/2026 05:41:43,5
3693,US5ILMDE,View,1,06/20/2023,0,06/20/2023,01/16/2026 05:41:43,5
3694,US5ILMEC,View,2,10/27/2023,3,08/14/2025,01/16/2026 05:41:43,5
3695,US5ILMED,View,1,06/20/2023,3,10/11/2024,01/16/2026 05:41:43,5
3696,US5ILMEE,View,1,06/20/2023,0,06/20/2023,01/16/2026 05:41:42,5
3697,US5ILMFD,View,3,11/16/2023,5,11/21/2025,01/16/2026 05:41:42,5
3698,US5ILMGD,View,1,05/30/2023,2,12/19/2024,01/16/2026 05:41:42,5
3699,US5ILMHD,View,1,05/30/2023,4,06/24/2024,01/16/2026 05:41:41,5
3700,US5ILMIC,View,1,05/30/2023,0,05/30/2023,01/16/2026 05:41:41,5
3701,US5ILMID,View,1,05/30/2023,2,10/03/2023,01/16/2026 05:41:41,5
3702,US5ILMJC,View,1,05/30/2023,0,05/30/2023,01/16/2026 05:41:41,5
3703,US5ILMJD,View,1,05/30/2023,1,08/14/2023,01/16/2026 05:41:40,5
3704,US5ITHCE,View,2,12/20/2023,0,12/20/2023,01/16/2026 05:41:40,9
3705,US5ITHDE,View,2,12/20/2023,0,12/20/2023,01/16/2026 05:41:40,9
3706,US5JAXCB,View,2,04/30/2025,0,04/30/2025,01/16/2026 05:41:40,7
3707,US5JAXCC,View,2,04/30/2025,0,04/30/2025,01/16/2026 05:41:40,7
3708,US5JAXDB,View,1,01/10/2024,0,01/10/2024,01/16/2026 05:41:39,7
3709,US5JAXDC,View,1,01/10/2024,0,01/10/2024,01/16/2026 05:41:39,7
3710,US5JAXEB,View,1,01/10/2024,0,01/10/2024,01/16/2026 05:41:39,7
3711,US5JAXEC,View,2,06/23/2025,0,06/23/2025,01/16/2026 05:41:39,7
3712,US5JAXED,View,1,01/10/2024,0,01/10/2024,01/16/2026 05:41:39,7
3713,US5JAXEE,View,2,09/22/2025,0,09/22/2025,01/16/2026 05:41:38,7
3714,US5JAXEF,View,2,09/23/2025,0,09/23/2025,01/16/2026 05:41:38,7
3715,US5JAXEG,View,1,02/23/2024,0,02/23/2024,01/16/2026 05:41:38,7
3716,US5JAXEH,View,2,06/24/2025,0,06/24/2025,01/16/2026 05:41:38,7
3717,US5JAXEI,View,2,06/24/2025,0,06/24/2025,01/16/2026 05:41:37,7
3718,US5JAXEJ,View,1,02/23/2024,0,02/23/2024,01/16/2026 05:41:37,7
3719,US5JAXFB,View,1,01/10/2024,0,01/10/2024,01/16/2026 05:41:37,7
3720,US5JAXFC,View,2,06/24/2025,0,06/24/2025,01/16/2026 05:41:37,7
3721,US5JAXFD,View,4,06/24/2025,0,06/24/2025,01/16/2026 05:41:37,7
3722,US5JAXFE,View,5,09/23/2025,0,09/23/2025,01/16/2026 05:41:36,7
3723,US5JAXFF,View,4,09/22/2025,0,09/22/2025,01/16/2026 05:41:36,7
3724,US5JAXFG,View,2,06/24/2025,0,06/24/2025,01/16/2026 05:41:36,7
3725,US5JAXFH,View,2,06/24/2025,0,06/24/2025,01/16/2026 05:41:35,7
3726,US5JAXFI,View,1,02/23/2024,0,02/23/2024,01/16/2026 05:41:35,7
3727,US5JAXFJ,View,1,02/23/2024,0,02/23/2024,01/16/2026 05:41:35,7
3728,US5JAXGG,View,1,02/23/2024,0,02/23/2024,01/16/2026 05:41:35,7
3729,US5JAXGH,View,1,02/23/2024,0,02/23/2024,01/16/2026 05:41:35,7
3730,US5JNUGC,View,2,12/06/2024,2,03/28/2025,01/16/2026 05:41:35,17
3731,US5JNUGD,View,1,06/11/2024,0,06/11/2024,01/16/2026 05:41:34,17
3732,US5KDBBB,View,1,09/09/2025,0,09/09/2025,01/16/2026 05:41:34,9
3733,US5KDBBC,View,1,09/09/2025,0,09/09/2025,01/16/2026 05:41:34,9
3734,US5KDBCC,View,1,09/09/2025,0,09/09/2025,01/16/2026 05:41:34,9
3735,US5KDBCD,View,1,09/09/2025,0,09/09/2025,01/16/2026 05:41:33,9
3736,US5KDBCE,View,1,04/23/2025,0,04/23/2025,01/16/2026 05:41:33,9
3737,US5KDBCF,View,1,04/23/2025,0,04/23/2025,01/16/2026 05:41:33,9
3738,US5KDBCG,View,1,04/23/2025,0,04/23/2025,01/16/2026 05:41:33,9
3739,US5KDBCH,View,1,04/23/2025,1,09/24/2025,01/16/2026 05:41:32,9
3740,US5KDBCI,View,1,04/23/2025,0,04/23/2025,01/16/2026 05:41:32,9
3741,US5KDBDD,View,1,09/09/2025,0,09/09/2025,01/16/2026 05:41:32,9
3742,US5KDBDE,View,1,06/24/2025,0,06/24/2025,01/16/2026 05:41:32,9
3743,US5KDBDF,View,1,06/24/2025,1,08/20/2025,01/16/2026 05:41:32,9
3744,US5KDBDG,View,1,06/24/2025,1,07/18/2025,01/16/2026 05:41:31,9
3745,US5KDBDH,View,1,06/24/2025,3,11/25/2025,01/16/2026 05:41:31,9
3746,US5KDBDI,View,1,04/23/2025,0,04/23/2025,01/16/2026 05:41:31,9
3747,US5KDBED,View,1,09/09/2025,0,09/09/2025,01/16/2026 05:41:31,9
3748,US5KDBEE,View,1,06/24/2025,0,06/24/2025,01/16/2026 05:41:30,9
3749,US5KDBEF,View,1,06/24/2025,1,08/20/2025,01/16/2026 05:41:30,9
3750,US5KDBEG,View,1,06/24/2025,0,06/24/2025,01/16/2026 05:41:30,9
3751,US5KDBEH,View,1,06/24/2025,0,06/24/2025,01/16/2026 05:41:30,9
3752,US5KDBEI,View,1,06/24/2025,0,06/24/2025,01/16/2026 05:41:30,9
3753,US5KDBFE,View,1,06/24/2025,0,06/24/2025,01/16/2026 05:41:30,9
3754,US5KDBFF,View,1,06/24/2025,0,06/24/2025,01/16/2026 05:41:29,9
3755,US5KDBFG,View,1,06/24/2025,1,07/18/2025,01/16/2026 05:41:29,9
3756,US5KDBFH,View,1,06/24/2025,1,07/18/2025,01/16/2026 05:41:29,9
3757,US5KDBFI,View,1,06/24/2025,1,07/18/2025,01/16/2026 05:41:29,9
3758,US5KDBGE,View,1,06/24/2025,1,07/18/2025,01/16/2026 05:41:29,9
3759,US5KDBGF,View,1,06/24/2025,1,07/18/2025,01/16/2026 05:41:28,9
3760,US5KDBGG,View,1,06/24/2025,1,07/18/2025,01/16/2026 05:41:28,9
3761,US5KDBGH,View,1,07/18/2025,0,07/18/2025,01/16/2026 05:41:28,9
3762,US5KDBHE,View,1,07/18/2025,0,07/18/2025,01/16/2026 05:41:28,9
3763,US5KDBHF,View,1,07/18/2025,0,07/18/2025,01/16/2026 05:41:28,9
3764,US5KDBHG,View,1,07/18/2025,0,07/18/2025,01/16/2026 05:41:28,9
3765,US5KDBHH,View,1,07/18/2025,0,07/18/2025,01/16/2026 05:41:27,9
3766,US5KFMCC,View,1,05/13/2025,0,05/13/2025,01/16/2026 05:41:27,9
3767,US5KFMCD,View,1,05/13/2025,0,05/13/2025,01/16/2026 05:41:27,9
3768,US5KFMCE,View,1,05/13/2025,2,09/10/2025,01/16/2026 05:41:27,9
3769,US5KFMCF,View,1,05/13/2025,0,05/13/2025,01/16/2026 05:41:27,9
3770,US5KFMDC,View,1,05/13/2025,0,05/13/2025,01/16/2026 05:41:27,9
3771,US5KFMDD,View,1,05/13/2025,2,12/01/2025,01/16/2026 05:41:26,9
3772,US5KFMDE,View,1,05/13/2025,1,08/06/2025,01/16/2026 05:41:26,9
3773,US5KFMDF,View,1,05/13/2025,0,05/13/2025,01/16/2026 05:41:26,9
3774,US5KTNCE,View,1,06/11/2024,0,06/11/2024,01/16/2026 05:41:26,17
3775,US5KTNDE,View,1,06/11/2024,0,06/11/2024,01/16/2026 05:41:25,17
3776,US5KTNED,View,1,06/11/2024,2,02/27/2025,01/16/2026 05:41:25,17
3777,US5KTNEE,View,1,06/11/2024,1,02/27/2025,01/16/2026 05:41:25,17
3778,US5KTNFC,View,1,06/11/2024,0,06/11/2024,01/16/2026 05:41:25,17
3779,US5KTNFD,View,2,02/27/2025,0,02/27/2025,01/16/2026 05:41:24,17
3780,US5KTNFE,View,1,06/11/2024,1,02/27/2025,01/16/2026 05:41:24,17
3781,US5KTNHD,View,2,06/27/2025,0,06/27/2025,01/16/2026 05:41:24,17
3782,US5KTNIC,View,1,06/07/2024,4,04/25/2025,01/16/2026 05:41:24,17
3783,US5KTNID,View,1,06/07/2024,0,06/07/2024,01/16/2026 05:41:24,17
3784,US5LA1BV,View,1,09/30/2024,1,11/07/2024,01/16/2026 05:41:23,8
3785,US5LA1BW,View,1,09/30/2024,1,11/07/2024,01/16/2026 05:41:23,8
3786,US5LA1BX,View,1,09/30/2024,0,09/30/2024,01/16/2026 05:41:23,8
3787,US5LA1CT,View,1,09/30/2024,0,09/30/2024,01/16/2026 05:41:23,8
3788,US5LA1CU,View,1,09/30/2024,0,09/30/2024,01/16/2026 05:41:23,8
3789,US5LA1CV,View,1,09/30/2024,0,09/30/2024,01/16/2026 05:41:23,8
3790,US5LA1CW,View,1,09/30/2024,1,11/12/2024,01/16/2026 05:41:23,8
3791,US5LA1CX,View,1,09/30/2024,1,07/29/2025,01/16/2026 05:41:22,8
3792,US5LA1CY,View,1,09/30/2024,0,09/30/2024,01/16/2026 05:41:22,8
3793,US5LA1DL,View,1,11/29/2023,0,11/29/2023,01/16/2026 05:41:22,8
3794,US5LA1DP,View,1,11/29/2023,0,11/29/2023,01/16/2026 05:41:22,8
3795,US5LA1DQ,View,1,09/30/2024,0,09/30/2024,01/16/2026 05:41:22,8
3796,US5LA1DR,View,1,09/30/2024,0,09/30/2024,01/16/2026 05:41:22,8
3797,US5LA1DS,View,1,09/30/2024,0,09/30/2024,01/16/2026 05:41:22,8
3798,US5LA1DT,View,1,09/30/2024,0,09/30/2024,01/16/2026 05:41:21,8
3799,US5LA1EI,View,1,11/29/2023,1,08/23/2024,01/16/2026 05:41:21,8
3800,US5LA1EJ,View,1,11/29/2023,1,08/23/2024,01/16/2026 05:41:21,8
3801,US5LA1EK,View,1,11/29/2023,0,11/29/2023,01/16/2026 05:41:21,8
3802,US5LA1EL,View,1,11/29/2023,0,11/29/2023,01/16/2026 05:41:21,8
3803,US5LA1EM,View,1,11/29/2023,0,11/29/2023,01/16/2026 05:41:21,8
3804,US5LA1EN,View,1,11/29/2023,4,09/29/2025,01/16/2026 05:41:21,8
3805,US5LA1EO,View,1,11/29/2023,1,09/29/2025,01/16/2026 05:41:20,8
3806,US5LA1EP,View,1,11/29/2023,0,11/29/2023,01/16/2026 05:41:20,8
3807,US5LA1FC,View,1,01/18/2024,0,01/18/2024,01/16/2026 05:41:20,8
3808,US5LA1FD,View,1,01/18/2024,0,01/18/2024,01/16/2026 05:41:20,8
3809,US5LA1FE,View,1,01/18/2024,0,01/18/2024,01/16/2026 05:41:20,8
3810,US5LA1FF,View,1,01/18/2024,0,01/18/2024,01/16/2026 05:41:20,8
3811,US5LA1FI,View,1,11/29/2023,0,11/29/2023,01/16/2026 05:41:19,8
3812,US5LA2BM,View,1,04/29/2024,0,04/29/2024,01/16/2026 05:41:19,8
3813,US5LA2BN,View,1,04/29/2024,0,04/29/2024,01/16/2026 05:41:19,8
3814,US5LA2BO,View,1,06/05/2024,0,06/05/2024,01/16/2026 05:41:19,8
3815,US5LA2BT,View,1,05/17/2024,0,05/17/2024,01/16/2026 05:41:19,8
3816,US5LA2CK,View,2,12/12/2024,3,12/08/2025,01/16/2026 05:41:19,8
3817,US5LA2CL,View,2,04/17/2025,0,04/17/2025,01/16/2026 05:41:18,8
3818,US5LA2CM,View,1,04/29/2024,0,04/29/2024,01/16/2026 05:41:18,8
3819,US5LA2CN,View,1,04/29/2024,0,04/29/2024,01/16/2026 05:41:18,8
3820,US5LA2CO,View,1,06/05/2024,0,06/05/2024,01/16/2026 05:41:18,8
3821,US5LA2CR,View,1,04/04/2024,0,04/04/2024,01/16/2026 05:41:18,8
3822,US5LA2CS,View,2,02/25/2025,0,02/25/2025,01/16/2026 05:41:18,8
3823,US5LA2CT,View,2,02/25/2025,0,02/25/2025,01/16/2026 05:41:17,8
3824,US5LA2CU,View,2,02/25/2025,0,02/25/2025,01/16/2026 05:41:17,8
3825,US5LA2DE,View,1,02/20/2024,0,02/20/2024,01/16/2026 05:41:17,8
3826,US5LA2DF,View,1,02/20/2024,0,02/20/2024,01/16/2026 05:41:17,8
3827,US5LA2DG,View,1,02/20/2024,1,08/19/2025,01/16/2026 05:41:17,8
3828,US5LA2DH,View,1,02/20/2024,0,02/20/2024,01/16/2026 05:41:17,8
3829,US5LA2DK,View,1,01/11/2024,5,12/08/2025,01/16/2026 05:41:16,8
3830,US5LA2DL,View,1,04/29/2024,4,12/08/2025,01/16/2026 05:41:16,8
3831,US5LA2DU,View,2,02/25/2025,0,02/25/2025,01/16/2026 05:41:16,8
3832,US5LA2DV,View,2,02/25/2025,0,02/25/2025,01/16/2026 05:41:16,8
3833,US5LA2DW,View,2,02/25/2025,0,02/25/2025,01/16/2026 05:41:16,8
3834,US5LA2EB,View,1,09/30/2024,2,08/19/2025,01/16/2026 05:41:15,8
3835,US5LA2EC,View,1,09/30/2024,0,09/30/2024,01/16/2026 05:41:15,8
3836,US5LA2ED,View,2,08/19/2025,0,08/19/2025,01/16/2026 05:41:15,8
3837,US5LA2EE,View,1,09/30/2024,0,09/30/2024,01/16/2026 05:41:15,8
3838,US5LA2EW,View,2,02/25/2025,0,02/25/2025,01/16/2026 05:41:15,8
3839,US5LA2EX,View,2,02/25/2025,0,02/25/2025,01/16/2026 05:41:15,8
3840,US5LA2FB,View,1,09/30/2024,0,09/30/2024,01/16/2026 05:41:14,8
3841,US5LA2FW,View,1,10/07/2024,0,10/07/2024,01/16/2026 05:41:14,8
3842,US5LA2FX,View,1,03/01/2024,0,03/01/2024,01/16/2026 05:41:14,8
3843,US5LA3CB,View,3,01/05/2026,0,01/05/2026,01/16/2026 05:41:14,8
3844,US5LA3CC,View,3,10/02/2025,2,12/04/2025,01/16/2026 05:41:14,8
3845,US5LA3CD,View,5,12/04/2025,0,12/04/2025,01/16/2026 05:41:14,8
3846,US5LA3CE,View,2,07/19/2024,0,07/19/2024,01/16/2026 05:41:13,8
3847,US5LA3CF,View,2,07/19/2024,1,09/24/2024,01/16/2026 05:41:13,8
3848,US5LA3DE,View,2,07/19/2024,0,07/19/2024,01/16/2026 05:41:13,8
3849,US5LA3DF,View,2,07/19/2024,0,07/19/2024,01/16/2026 05:41:13,8
3850,US5LA3DG,View,3,12/04/2025,0,12/04/2025,01/16/2026 05:41:13,8
3851,US5LA3DH,View,2,02/12/2025,1,11/13/2025,01/16/2026 05:41:13,8
3852,US5LA3DI,View,2,02/12/2025,2,11/13/2025,01/16/2026 05:41:12,8
3853,US5LA3EH,View,1,03/20/2024,1,11/20/2025,01/16/2026 05:41:12,8
3854,US5LCHBB,View,3,09/17/2025,0,09/17/2025,01/16/2026 05:41:12,8
3855,US5LCHBC,View,3,09/17/2025,0,09/17/2025,01/16/2026 05:41:12,8
3856,US5LCHCB,View,3,09/17/2025,0,09/17/2025,01/16/2026 05:41:12,8
3857,US5LCHCC,View,3,09/17/2025,0,09/17/2025,01/16/2026 05:41:12,8
3858,US5LCHDB,View,3,09/17/2025,0,09/17/2025,01/16/2026 05:41:12,8
3859,US5LCHDC,View,3,09/17/2025,0,09/17/2025,01/16/2026 05:41:12,8
3860,US5LCHEA,View,3,09/17/2025,0,09/17/2025,01/16/2026 05:41:11,8
3861,US5LCHEB,View,3,09/17/2025,0,09/17/2025,01/16/2026 05:41:11,8
3862,US5LCHFA,View,3,09/17/2025,0,09/17/2025,01/16/2026 05:41:11,8
3863,US5LCHGA,View,4,06/03/2025,1,09/17/2025,01/16/2026 05:41:11,8
3864,US5LCHHA,View,4,09/17/2025,0,09/17/2025,01/16/2026 05:41:11,8
3865,US5LCHIA,View,2,09/17/2025,1,10/15/2025,01/16/2026 05:41:11,8
3866,US5LCHJA,View,2,09/17/2025,0,09/17/2025,01/16/2026 05:41:11,8
3867,US5LCHJB,View,1,11/29/2023,0,11/29/2023,01/16/2026 05:41:10,8
3868,US5LCHKA,View,2,09/17/2025,0,09/17/2025,01/16/2026 05:41:10,8
3869,US5LCHKB,View,1,11/29/2023,0,11/29/2023,01/16/2026 05:41:10,8
3870,US5LCHLA,View,3,09/17/2025,3,01/13/2026,01/16/2026 05:41:10,8
3871,US5LCHLB,View,2,09/17/2025,0,09/17/2025,01/16/2026 05:41:10,8
3872,US5LCHMA,View,3,09/17/2025,1,11/21/2025,01/16/2026 05:41:10,8
3873,US5LCHMB,View,3,07/14/2025,2,11/21/2025,01/16/2026 05:41:09,8
3874,US5LCHMC,View,2,09/17/2025,0,09/17/2025,01/16/2026 05:41:09,8
3875,US5LCHNB,View,3,09/17/2025,0,09/17/2025,01/16/2026 05:41:09,8
3876,US5LCHNC,View,3,09/17/2025,0,09/17/2025,01/16/2026 05:41:09,8
3877,US5LGBBB,View,1,12/02/2025,0,12/02/2025,01/16/2026 05:41:08,11
3878,US5LGBBC,View,1,12/02/2025,0,12/02/2025,01/16/2026 05:41:08,11
3879,US5LGBBD,View,1,12/03/2025,0,12/03/2025,01/16/2026 05:41:08,11
3880,US5LGBBE,View,1,12/03/2025,0,12/03/2025,01/16/2026 05:41:08,11
3881,US5LGBBF,View,1,12/02/2025,1,12/12/2025,01/16/2026 05:41:08,11
3882,US5LGBCB,View,1,12/02/2025,0,12/02/2025,01/16/2026 05:41:08,11
3883,US5LGBCC,View,1,12/02/2025,0,12/02/2025,01/16/2026 05:41:07,11
3884,US5LGBCD,View,1,12/03/2025,0,12/03/2025,01/16/2026 05:41:07,11
3885,US5LGBCE,View,1,12/03/2025,0,12/03/2025,01/16/2026 05:41:07,11
3886,US5LGBCF,View,1,12/03/2025,0,12/03/2025,01/16/2026 05:41:07,11
3887,US5LGBDC,View,1,12/02/2025,0,12/02/2025,01/16/2026 05:41:06,11
3888,US5LGBDD,View,1,12/03/2025,0,12/03/2025,01/16/2026 05:41:06,11
3889,US5LGBDE,View,1,12/03/2025,0,12/03/2025,01/16/2026 05:41:06,11
3890,US5LGBDF,View,1,12/02/2025,0,12/02/2025,01/16/2026 05:41:06,11
3891,US5LMOAB,View,3,04/17/2025,2,12/08/2025,01/16/2026 05:41:06,8
3892,US5LMOBB,View,3,04/17/2025,2,12/08/2025,01/16/2026 05:41:05,8
3893,US5LMOBC,View,3,04/17/2025,2,12/08/2025,01/16/2026 05:41:05,8
3894,US5LMOCB,View,3,04/17/2025,0,04/17/2025,01/16/2026 05:41:05,8
3895,US5LMOCC,View,4,06/05/2025,2,12/08/2025,01/16/2026 05:41:05,8
3896,US5LMOCD,View,3,04/17/2025,1,09/02/2025,01/16/2026 05:41:04,8
3897,US5LMODC,View,4,06/05/2025,1,09/02/2025,01/16/2026 05:41:04,8
3898,US5LMODD,View,4,06/05/2025,1,09/02/2025,01/16/2026 05:41:04,8
3899,US5LMOED,View,4,06/05/2025,1,09/02/2025,01/16/2026 05:41:04,8
3900,US5LMOEE,View,3,06/05/2025,1,09/02/2025,01/16/2026 05:41:03,8
3901,US5LMOEF,View,2,10/10/2024,4,09/02/2025,01/16/2026 05:41:03,8
3902,US5LMOFE,View,2,10/10/2024,4,09/02/2025,01/16/2026 05:41:03,8
3903,US5LMOFF,View,3,02/20/2025,4,12/08/2025,01/16/2026 05:41:03,8
3904,US5LMOGF,View,3,02/20/2025,4,12/08/2025,01/16/2026 05:41:02,8
3905,US5LMOGG,View,2,12/12/2024,5,12/08/2025,01/16/2026 05:41:02,8
3906,US5LMOHF,View,5,09/02/2025,1,12/03/2025,01/16/2026 05:41:02,8
3907,US5LMOHG,View,3,02/20/2025,0,02/20/2025,01/16/2026 05:41:02,8
3908,US5LMOIF,View,4,12/12/2024,2,09/02/2025,01/16/2026 05:41:01,8
3909,US5LU8AA,View,4,09/23/2024,3,08/14/2025,01/16/2026 05:41:01,8
3910,US5LU8AB,View,4,09/23/2024,2,05/12/2025,01/16/2026 05:41:01,8
3911,US5LU8AF,View,3,08/09/2024,1,05/12/2025,01/16/2026 05:41:01,8
3912,US5LU8AG,View,8,08/15/2025,0,08/15/2025,01/16/2026 05:41:00,8
3913,US5LU8AH,View,9,08/15/2025,0,08/15/2025,01/16/2026 05:41:00,8
3914,US5LU8BA,View,7,10/02/2025,0,10/02/2025,01/16/2026 05:41:00,8
3915,US5LU8BB,View,5,09/23/2024,2,05/20/2025,01/16/2026 05:40:59,8
3916,US5LU8BC,View,2,08/15/2024,1,05/12/2025,01/16/2026 05:40:59,8
3917,US5LU8BD,View,6,08/15/2025,0,08/15/2025,01/16/2026 05:40:59,8
3918,US5LU8BE,View,3,08/15/2024,3,08/15/2025,01/16/2026 05:40:59,8
3919,US5LU8BF,View,2,08/09/2024,1,05/20/2025,01/16/2026 05:40:59,8
3920,US5LU8BG,View,2,08/09/2024,0,08/09/2024,01/16/2026 05:40:58,8
3921,US5LU8CA,View,2,10/04/2024,0,10/04/2024,01/16/2026 05:40:58,8
3922,US5MA1AQ,View,3,03/10/2025,0,03/10/2025,01/16/2026 05:40:58,1
3923,US5MA1AR,View,3,03/10/2025,0,03/10/2025,01/16/2026 05:40:58,1
3924,US5MA1AS,View,3,03/10/2025,0,03/10/2025,01/16/2026 05:40:58,1
3925,US5MA1AT,View,3,03/10/2025,0,03/10/2025,01/16/2026 05:40:57,1
3926,US5MA1BH,View,4,03/14/2025,0,03/14/2025,01/16/2026 05:40:57,1
3927,US5MA1BI,View,4,03/14/2025,0,03/14/2025,01/16/2026 05:40:57,1
3928,US5MA1BJ,View,3,03/14/2025,0,03/14/2025,01/16/2026 05:40:57,1
3929,US5MA1BO,View,3,03/19/2025,0,03/19/2025,01/16/2026 05:40:57,1
3930,US5MA1BP,View,3,03/19/2025,0,03/19/2025,01/16/2026 05:40:56,1
3931,US5MA1BQ,View,3,03/19/2025,0,03/19/2025,01/16/2026 05:40:56,1
3932,US5MA1BR,View,3,03/19/2025,0,03/19/2025,01/16/2026 05:40:56,1
3933,US5MA1BS,View,3,03/19/2025,0,03/19/2025,01/16/2026 05:40:56,1
3934,US5MA1BT,View,3,03/19/2025,0,03/19/2025,01/16/2026 05:40:56,1
3935,US5MA1CH,View,3,03/11/2025,2,11/18/2025,01/16/2026 05:40:55,1
3936,US5MA1CI,View,4,03/11/2025,2,01/12/2026,01/16/2026 05:40:55,1
3937,US5MA1CJ,View,3,03/11/2025,0,03/11/2025,01/16/2026 05:40:55,1
3938,US5MA1CK,View,3,03/11/2025,0,03/11/2025,01/16/2026 05:40:55,1
3939,US5MA1CL,View,3,03/11/2025,0,03/11/2025,01/16/2026 05:40:54,1
3940,US5MA1CM,View,3,03/11/2025,0,03/11/2025,01/16/2026 05:40:54,1
3941,US5MA1CO,View,4,03/12/2025,0,03/12/2025,01/16/2026 05:40:54,1
3942,US5MA1CP,View,3,03/12/2025,0,03/12/2025,01/16/2026 05:40:54,1
3943,US5MA1CQ,View,3,03/12/2025,0,03/12/2025,01/16/2026 05:40:54,1
3944,US5MA1CR,View,3,03/12/2025,0,03/12/2025,01/16/2026 05:40:53,1
3945,US5MA1CS,View,3,03/12/2025,0,03/12/2025,01/16/2026 05:40:53,1
3946,US5MA1CT,View,3,03/12/2025,0,03/12/2025,01/16/2026 05:40:53,1
3947,US5MA1DD,View,3,03/24/2025,0,03/24/2025,01/16/2026 05:40:53,1
3948,US5MA1DE,View,4,03/24/2025,0,03/24/2025,01/16/2026 05:40:53,1
3949,US5MA1DF,View,3,03/24/2025,0,03/24/2025,01/16/2026 05:40:52,1
3950,US5MA1DG,View,4,03/24/2025,1,07/28/2025,01/16/2026 05:40:52,1
3951,US5MA1DH,View,3,03/24/2025,0,03/24/2025,01/16/2026 05:40:52,1
3952,US5MA1DI,View,3,03/24/2025,0,03/24/2025,01/16/2026 05:40:52,1
3953,US5MA1DJ,View,3,03/26/2025,0,03/26/2025,01/16/2026 05:40:51,1
3954,US5MA1DK,View,5,03/26/2025,0,03/26/2025,01/16/2026 05:40:51,1
3955,US5MA1DL,View,3,03/26/2025,0,03/26/2025,01/16/2026 05:40:51,1
3956,US5MA1DM,View,3,03/26/2025,0,03/26/2025,01/16/2026 05:40:51,1
3957,US5MA1ED,View,3,03/27/2025,0,03/27/2025,01/16/2026 05:40:51,1
3958,US5MA1EE,View,6,03/27/2025,2,04/11/2025,01/16/2026 05:40:50,1
3959,US5MA1EF,View,3,03/27/2025,0,03/27/2025,01/16/2026 05:40:50,1
3960,US5MA1EG,View,4,03/27/2025,0,03/27/2025,01/16/2026 05:40:50,1
3961,US5MA1EH,View,3,03/27/2025,0,03/27/2025,01/16/2026 05:40:50,1
3962,US5MA1EI,View,3,03/27/2025,0,03/27/2025,01/16/2026 05:40:49,1
3963,US5MA1EJ,View,5,03/31/2025,1,12/11/2025,01/16/2026 05:40:49,1
3964,US5MA1EK,View,4,03/31/2025,0,03/31/2025,01/16/2026 05:40:49,1
3965,US5MA1EL,View,3,03/31/2025,1,08/11/2025,01/16/2026 05:40:49,1
3966,US5MA1EM,View,3,03/31/2025,0,03/31/2025,01/16/2026 05:40:48,1
3967,US5MA1ES,View,4,05/12/2025,1,08/11/2025,01/16/2026 05:40:48,1
3968,US5MA1FC,View,3,04/11/2025,0,04/11/2025,01/16/2026 05:40:48,1
3969,US5MA1FD,View,3,04/11/2025,0,04/11/2025,01/16/2026 05:40:48,1
3970,US5MA1FE,View,3,04/11/2025,0,04/11/2025,01/16/2026 05:40:48,1
3971,US5MA1FF,View,3,04/11/2025,0,04/11/2025,01/16/2026 05:40:47,1
3972,US5MA1FG,View,4,04/11/2025,0,04/11/2025,01/16/2026 05:40:47,1
3973,US5MA1FH,View,4,04/11/2025,1,09/12/2025,01/16/2026 05:40:47,1
3974,US5MA1FI,View,3,04/14/2025,0,04/14/2025,01/16/2026 05:40:47,1
3975,US5MA1FJ,View,4,04/14/2025,0,04/14/2025,01/16/2026 05:40:47,1
3976,US5MA1FK,View,3,05/07/2025,0,05/07/2025,01/16/2026 05:40:46,1
3977,US5MA1FL,View,3,05/07/2025,0,05/07/2025,01/16/2026 05:40:46,1
3978,US5MA1FM,View,3,05/07/2025,0,05/07/2025,01/16/2026 05:40:46,1
3979,US5MA1FN,View,3,05/08/2025,1,05/29/2025,01/16/2026 05:40:46,1
3980,US5MA1FO,View,4,05/07/2025,1,06/18/2025,01/16/2026 05:40:46,1
3981,US5MA1FP,View,3,05/07/2025,0,05/07/2025,01/16/2026 05:40:45,1
3982,US5MA1FS,View,3,05/12/2025,0,05/12/2025,01/16/2026 05:40:45,1
3983,US5MA1FT,View,3,05/12/2025,0,05/12/2025,01/16/2026 05:40:45,1
3984,US5MA1FU,View,3,05/12/2025,0,05/12/2025,01/16/2026 05:40:45,1
3985,US5MA1GG,View,4,04/11/2025,0,04/11/2025,01/16/2026 05:40:44,1
3986,US5MA1GH,View,4,04/14/2025,1,06/06/2025,01/16/2026 05:40:44,1
3987,US5MA1GI,View,3,04/14/2025,0,04/14/2025,01/16/2026 05:40:44,1
3988,US5MA1GJ,View,4,04/14/2025,1,11/25/2025,01/16/2026 05:40:44,1
3989,US5MA1GK,View,3,04/14/2025,2,12/11/2025,01/16/2026 05:40:44,1
3990,US5MA1GN,View,3,05/07/2025,0,05/07/2025,01/16/2026 05:40:43,1
3991,US5MA1GO,View,3,05/07/2025,1,06/18/2025,01/16/2026 05:40:43,1
3992,US5MA1GP,View,3,05/07/2025,2,12/11/2025,01/16/2026 05:40:43,1
3993,US5MA1GQ,View,3,05/12/2025,0,05/12/2025,01/16/2026 05:40:43,1
3994,US5MA1GR,View,4,05/12/2025,2,09/12/2025,01/16/2026 05:40:42,1
3995,US5MA1GS,View,3,05/12/2025,1,06/17/2025,01/16/2026 05:40:42,1
3996,US5MA1GT,View,3,05/12/2025,1,06/17/2025,01/16/2026 05:40:42,1
3997,US5MA1GU,View,3,05/12/2025,0,05/12/2025,01/16/2026 05:40:42,1
3998,US5MA1HB,View,5,05/14/2025,0,05/14/2025,01/16/2026 05:40:41,1
3999,US5MA1HI,View,3,04/14/2025,1,06/06/2025,01/16/2026 05:40:41,1
4000,US5MA1HJ,View,6,04/14/2025,2,08/01/2025,01/16/2026 05:40:41,1
4001,US5MA1HK,View,4,04/14/2025,0,04/14/2025,01/16/2026 05:40:41,1
4002,US5MA1HL,View,4,04/14/2025,0,04/14/2025,01/16/2026 05:40:41,1
4003,US5MA1HM,View,3,04/14/2025,1,08/29/2025,01/16/2026 05:40:40,1
4004,US5MA1HN,View,3,05/07/2025,0,05/07/2025,01/16/2026 05:40:40,1
4005,US5MA1HO,View,3,05/07/2025,0,05/07/2025,01/16/2026 05:40:40,1
4006,US5MA1HP,View,3,05/08/2025,0,05/08/2025,01/16/2026 05:40:40,1
4007,US5MA1HQ,View,3,05/08/2025,1,08/22/2025,01/16/2026 05:40:40,1
4008,US5MA1HR,View,3,05/30/2025,0,05/30/2025,01/16/2026 05:40:39,1
4009,US5MA1HS,View,3,05/30/2025,0,05/30/2025,01/16/2026 05:40:39,1
4010,US5MA1HT,View,3,06/03/2025,0,06/03/2025,01/16/2026 05:40:39,1
4011,US5MA1HU,View,3,06/03/2025,0,06/03/2025,01/16/2026 05:40:39,1
4012,US5MA1IB,View,2,05/14/2025,0,05/14/2025,01/16/2026 05:40:39,1
4013,US5MA1ID,View,3,06/04/2025,0,06/04/2025,01/16/2026 05:40:39,1
4014,US5MA1IE,View,3,06/04/2025,0,06/04/2025,01/16/2026 05:40:39,1
4015,US5MA1IL,View,4,04/14/2025,0,04/14/2025,01/16/2026 05:40:38,1
4016,US5MA1IM,View,4,04/14/2025,0,04/14/2025,01/16/2026 05:40:38,1
4017,US5MA1IP,View,3,05/08/2025,0,05/08/2025,01/16/2026 05:40:38,1
4018,US5MA1IQ,View,3,05/08/2025,0,05/08/2025,01/16/2026 05:40:38,1
4019,US5MA1IR,View,3,05/30/2025,0,05/30/2025,01/16/2026 05:40:38,1
4020,US5MA1IS,View,3,05/30/2025,0,05/30/2025,01/16/2026 05:40:38,1
4021,US5MA1IT,View,3,06/03/2025,0,06/03/2025,01/16/2026 05:40:37,1
4022,US5MA1JD,View,3,06/04/2025,0,06/04/2025,01/16/2026 05:40:37,1
4023,US5MA1JE,View,3,06/04/2025,0,06/04/2025,01/16/2026 05:40:37,1
4024,US5MA1JR,View,3,06/17/2025,0,06/17/2025,01/16/2026 05:40:37,1
4025,US5MA1JS,View,3,06/25/2025,1,08/11/2025,01/16/2026 05:40:37,1
4026,US5MA1KJ,View,5,06/25/2025,1,12/01/2025,01/16/2026 05:40:37,1
4027,US5MA1KK,View,3,06/25/2025,1,08/29/2025,01/16/2026 05:40:36,1
4028,US5MA1KL,View,4,06/25/2025,0,06/25/2025,01/16/2026 05:40:36,1
4029,US5MA1KP,View,3,06/17/2025,0,06/17/2025,01/16/2026 05:40:36,1
4030,US5MA1KQ,View,3,06/17/2025,0,06/17/2025,01/16/2026 05:40:36,1
4031,US5MA1KR,View,3,06/17/2025,0,06/17/2025,01/16/2026 05:40:36,1
4032,US5MA1KS,View,3,06/17/2025,0,06/17/2025,01/16/2026 05:40:35,1
4033,US5MA1LJ,View,4,06/25/2025,1,12/01/2025,01/16/2026 05:40:35,1
4034,US5MA1LK,View,3,06/25/2025,0,06/25/2025,01/16/2026 05:40:35,1
4035,US5MA1LP,View,3,06/30/2025,0,06/30/2025,01/16/2026 05:40:35,1
4036,US5MA1LQ,View,3,06/30/2025,0,06/30/2025,01/16/2026 05:40:35,1
4037,US5MA1LR,View,3,06/30/2025,0,06/30/2025,01/16/2026 05:40:34,1
4038,US5MA1MJ,View,4,06/25/2025,0,06/25/2025,01/16/2026 05:40:34,1
4039,US5MA1MK,View,6,01/12/2026,0,01/12/2026,01/16/2026 05:40:34,1
4040,US5MA1MP,View,3,06/30/2025,0,06/30/2025,01/16/2026 05:40:34,1
4041,US5MA1MQ,View,3,06/30/2025,0,06/30/2025,01/16/2026 05:40:34,1
4042,US5MA1MR,View,3,06/30/2025,0,06/30/2025,01/16/2026 05:40:33,1
4043,US5MA1NF,View,3,02/26/2025,1,09/30/2025,01/16/2026 05:40:33,1
4044,US5MA1NI,View,3,02/21/2025,1,06/17/2025,01/16/2026 05:40:33,1
4045,US5MA1NJ,View,4,02/21/2025,4,12/11/2025,01/16/2026 05:40:33,1
4046,US5MA1OE,View,3,02/26/2025,0,02/26/2025,01/16/2026 05:40:33,1
4047,US5MA1OF,View,5,02/26/2025,2,09/30/2025,01/16/2026 05:40:32,1
4048,US5MA1OJ,View,3,02/21/2025,0,02/21/2025,01/16/2026 05:40:32,1
4049,US5MA1RF,View,3,02/28/2025,2,06/11/2025,01/16/2026 05:40:32,1
4050,US5MA1RG,View,3,02/28/2025,5,11/12/2025,01/16/2026 05:40:32,1
4051,US5MA1RH,View,4,02/28/2025,3,12/18/2025,01/16/2026 05:40:31,1
4052,US5MA1RI,View,3,02/28/2025,0,02/28/2025,01/16/2026 05:40:31,1
4053,US5MA1SG,View,6,04/14/2025,0,04/14/2025,01/16/2026 05:40:31,1
4054,US5MA1SH,View,5,04/11/2025,3,12/11/2025,01/16/2026 05:40:30,1
4055,US5MA1SI,View,3,03/04/2025,1,06/04/2025,01/16/2026 05:40:30,1
4056,US5MA1SJ,View,3,03/04/2025,3,12/05/2025,01/16/2026 05:40:30,1
4057,US5MA1SK,View,3,02/27/2025,1,06/04/2025,01/16/2026 05:40:30,1
4058,US5MA1TI,View,3,04/21/2025,0,04/21/2025,01/16/2026 05:40:29,1
4059,US5MA1TJ,View,4,03/06/2025,1,04/21/2025,01/16/2026 05:40:29,1
4060,US5MA1TK,View,4,03/14/2025,1,06/04/2025,01/16/2026 05:40:29,1
4061,US5MA1TL,View,2,02/27/2025,1,06/04/2025,01/16/2026 05:40:29,1
4062,US5MA1UH,View,3,03/03/2025,0,03/03/2025,01/16/2026 05:40:28,1
4063,US5MA1UI,View,3,03/03/2025,0,03/03/2025,01/16/2026 05:40:28,1
4064,US5MA1UJ,View,2,03/03/2025,0,03/03/2025,01/16/2026 05:40:28,1
4065,US5MA1UK,View,2,02/27/2025,0,02/27/2025,01/16/2026 05:40:28,1
4066,US5MA1UL,View,2,02/27/2025,0,02/27/2025,01/16/2026 05:40:27,1
4067,US5MA1VE,View,2,03/06/2025,0,03/06/2025,01/16/2026 05:40:27,1
4068,US5MA1VF,View,3,06/12/2025,0,06/12/2025,01/16/2026 05:40:27,1
4069,US5MA1VG,View,2,03/07/2025,0,03/07/2025,01/16/2026 05:40:27,1
4070,US5MA1VH,View,2,03/12/2025,5,10/15/2025,01/16/2026 05:40:26,1
4071,US5MA1VI,View,3,03/12/2025,1,08/29/2025,01/16/2026 05:40:26,1
4072,US5MA1WF,View,2,03/07/2025,0,03/07/2025,01/16/2026 05:40:26,1
4073,US5MA1WG,View,2,03/07/2025,0,03/07/2025,01/16/2026 05:40:26,1
4074,US5MA1WH,View,5,03/12/2025,2,09/19/2025,01/16/2026 05:40:26,1
4075,US5MA1WI,View,3,03/12/2025,0,03/12/2025,01/16/2026 05:40:25,1
4076,US5MD12M,View,54,07/22/2025,0,07/22/2025,01/16/2026 05:40:25,5
4077,US5MD13M,View,36,11/26/2024,5,11/21/2025,01/16/2026 05:40:25,5
4078,US5MD16M,View,35,10/04/2023,7,07/30/2025,01/16/2026 05:40:25,5
4079,US5MD17M,View,21,10/18/2023,8,09/22/2025,01/16/2026 05:40:24,5
4080,US5MD18M,View,20,10/18/2023,1,06/24/2024,01/16/2026 05:40:24,5
4081,US5MD19M,View,12,10/25/2022,2,03/11/2025,01/16/2026 05:40:23,5
4082,US5MD1AM,View,10,07/30/2025,0,07/30/2025,01/16/2026 05:40:23,5
4083,US5MD1LB,View,2,03/27/2024,1,06/24/2024,01/16/2026 05:40:23,5
4084,US5MD1LC,View,3,10/22/2025,1,10/30/2025,01/16/2026 05:40:23,5
4085,US5MD1MA,View,2,03/27/2024,0,03/27/2024,01/16/2026 05:40:22,5
4086,US5MD1MB,View,2,03/27/2024,1,11/08/2024,01/16/2026 05:40:22,5
4087,US5MD1MC,View,4,03/27/2024,5,10/30/2025,01/16/2026 05:40:22,5
4088,US5MD1MD,View,2,03/27/2024,6,12/22/2025,01/16/2026 05:40:21,5
4089,US5MD1ME,View,2,03/27/2024,2,03/26/2025,01/16/2026 05:40:21,5
4090,US5MD1MF,View,2,03/27/2024,1,02/10/2025,01/16/2026 05:40:21,5
4091,US5MD1NA,View,1,10/18/2023,0,10/18/2023,01/16/2026 05:40:20,5
4092,US5MD1NB,View,1,10/18/2023,0,10/18/2023,01/16/2026 05:40:20,5
4093,US5MD1NC,View,2,03/20/2024,3,09/15/2025,01/16/2026 05:40:20,5
4094,US5MD1ND,View,3,11/15/2024,2,11/25/2025,01/16/2026 05:40:20,5
4095,US5MD1NE,View,3,03/27/2024,1,04/23/2024,01/16/2026 05:40:19,5
4096,US5MD1NF,View,3,03/27/2024,2,02/10/2025,01/16/2026 05:40:19,5
4097,US5MD1OA,View,1,10/18/2023,0,10/18/2023,01/16/2026 05:40:19,5
4098,US5MD1OB,View,1,10/18/2023,0,10/18/2023,01/16/2026 05:40:19,5
4099,US5MD1OC,View,1,10/18/2023,2,09/15/2025,01/16/2026 05:40:19,5
4100,US5MD21M,View,26,09/22/2021,9,09/22/2025,01/16/2026 05:40:18,5
4101,US5MD23M,View,21,01/06/2022,20,09/25/2025,01/16/2026 05:40:18,5
4102,US5MD31M,View,15,03/25/2024,3,03/06/2025,01/16/2026 05:40:17,5
4103,US5MD40M,View,7,07/13/2017,0,07/13/2017,01/16/2026 05:40:17,5
4104,US5MD41M,View,21,09/18/2023,8,06/16/2025,01/16/2026 05:40:17,5
4105,US5MD42M,View,14,06/07/2023,6,11/21/2025,01/16/2026 05:40:16,5
4106,US5MD43M,View,16,10/12/2021,20,11/21/2025,01/16/2026 05:40:16,5
4107,US5MD44M,View,23,02/03/2025,8,09/23/2025,01/16/2026 05:40:15,5
4108,US5MD50M,View,17,11/30/2022,13,08/20/2025,01/16/2026 05:40:15,5
4109,US5ME1AC,View,1,11/07/2022,0,11/07/2022,01/16/2026 05:40:15,1
4110,US5ME1AD,View,3,07/28/2025,0,07/28/2025,01/16/2026 05:40:15,1
4111,US5ME1BD,View,2,03/05/2025,1,04/21/2025,01/16/2026 05:40:14,1
4112,US5ME1BE,View,2,03/05/2025,0,03/05/2025,01/16/2026 05:40:14,1
4113,US5ME1CD,View,1,11/07/2022,0,11/07/2022,01/16/2026 05:40:14,1
4114,US5ME1CE,View,2,05/08/2024,1,05/30/2024,01/16/2026 05:40:14,1
4115,US5ME1CF,View,3,03/05/2025,1,04/28/2025,01/16/2026 05:40:14,1
4116,US5ME1DF,View,3,03/06/2025,2,04/30/2025,01/16/2026 05:40:13,1
4117,US5ME1DG,View,2,03/05/2025,0,03/05/2025,01/16/2026 05:40:13,1
4118,US5ME1EF,View,3,03/04/2025,0,03/04/2025,01/16/2026 05:40:13,1
4119,US5ME1EG,View,3,03/04/2025,3,01/14/2026,01/16/2026 05:40:13,1
4120,US5ME1EH,View,2,03/04/2025,2,01/14/2026,01/16/2026 05:40:12,1
4121,US5ME1EI,View,2,03/04/2025,1,12/22/2025,01/16/2026 05:40:12,1
4122,US5ME1FG,View,2,03/04/2025,0,03/04/2025,01/16/2026 05:40:12,1
4123,US5ME1FH,View,4,04/23/2025,0,04/23/2025,01/16/2026 05:40:11,1
4124,US5ME1FI,View,2,03/04/2025,0,03/04/2025,01/16/2026 05:40:11,1
4125,US5ME1HK,View,3,02/10/2025,0,02/10/2025,01/16/2026 05:40:11,1
4126,US5ME1HO,View,2,02/05/2025,0,02/05/2025,01/16/2026 05:40:11,1
4127,US5ME1HP,View,2,02/05/2025,0,02/05/2025,01/16/2026 05:40:10,1
4128,US5ME1II,View,2,04/04/2024,1,07/18/2025,01/16/2026 05:40:10,1
4129,US5ME1IJ,View,2,04/04/2024,2,07/18/2025,01/16/2026 05:40:10,1
4130,US5ME1IK,View,2,04/04/2024,2,08/23/2024,01/16/2026 05:40:10,1
4131,US5ME1IO,View,3,02/28/2025,2,06/27/2025,01/16/2026 05:40:09,1
4132,US5ME1IP,View,3,02/28/2025,0,02/28/2025,01/16/2026 05:40:09,1
4133,US5ME1IQ,View,3,02/28/2025,0,02/28/2025,01/16/2026 05:40:09,1
4134,US5ME1JN,View,3,02/20/2025,1,07/22/2025,01/16/2026 05:40:09,1
4135,US5ME1JO,View,3,02/20/2025,1,06/27/2025,01/16/2026 05:40:08,1
4136,US5ME1JP,View,3,02/20/2025,0,02/20/2025,01/16/2026 05:40:08,1
4137,US5ME1JQ,View,3,02/20/2025,0,02/20/2025,01/16/2026 05:40:08,1
4138,US5ME1JR,View,2,02/10/2025,1,11/18/2025,01/16/2026 05:40:08,1
4139,US5ME1JS,View,3,02/10/2025,0,02/10/2025,01/16/2026 05:40:07,1
4140,US5ME1KN,View,3,02/12/2025,0,02/12/2025,01/16/2026 05:40:07,1
4141,US5ME1KO,View,7,12/04/2025,1,12/18/2025,01/16/2026 05:40:07,1
4142,US5ME1KP,View,3,02/10/2025,1,07/01/2025,01/16/2026 05:40:06,1
4143,US5ME1KQ,View,2,02/10/2025,0,02/10/2025,01/16/2026 05:40:06,1
4144,US5ME1KS,View,2,02/10/2025,0,02/10/2025,01/16/2026 05:40:06,1
4145,US5ME1LN,View,2,02/03/2025,0,02/03/2025,01/16/2026 05:40:06,1
4146,US5ME1LO,View,3,02/03/2025,0,02/03/2025,01/16/2026 05:40:06,1
4147,US5ME1MO,View,2,02/03/2025,0,02/03/2025,01/16/2026 05:40:05,1
4148,US5ME1NO,View,2,02/03/2025,0,02/03/2025,01/16/2026 05:40:05,1
4149,US5ME1OO,View,2,02/03/2025,0,02/03/2025,01/16/2026 05:40:05,1
4150,US5ME1PO,View,2,02/03/2025,0,02/03/2025,01/16/2026 05:40:05,1
4151,US5ME2BA,View,2,02/11/2025,0,02/11/2025,01/16/2026 05:40:05,1
4152,US5ME2CA,View,2,02/11/2025,0,02/11/2025,01/16/2026 05:40:04,1
4153,US5ME2DH,View,2,12/17/2024,0,12/17/2024,01/16/2026 05:40:04,1
4154,US5ME2DI,View,2,12/23/2024,0,12/23/2024,01/16/2026 05:40:04,1
4155,US5ME2EH,View,3,12/23/2024,0,12/23/2024,01/16/2026 05:40:04,1
4156,US5ME2EI,View,3,12/23/2024,0,12/23/2024,01/16/2026 05:40:04,1
4157,US5ME2EJ,View,3,02/07/2025,0,02/07/2025,01/16/2026 05:40:04,1
4158,US5ME2EK,View,2,02/07/2025,0,02/07/2025,01/16/2026 05:40:03,1
4159,US5ME2EL,View,2,02/07/2025,0,02/07/2025,01/16/2026 05:40:03,1
4160,US5ME2EM,View,2,02/07/2025,0,02/07/2025,01/16/2026 05:40:03,1
4161,US5ME2FK,View,2,02/07/2025,0,02/07/2025,01/16/2026 05:40:03,1
4162,US5ME2FL,View,2,02/07/2025,1,04/11/2025,01/16/2026 05:40:03,1
4163,US5ME2FM,View,2,02/07/2025,0,02/07/2025,01/16/2026 05:40:02,1
4164,US5ME2GH,View,2,02/12/2025,0,02/12/2025,01/16/2026 05:40:02,1
4165,US5ME2GI,View,2,02/12/2025,0,02/12/2025,01/16/2026 05:40:02,1
4166,US5ME2GL,View,2,02/18/2025,0,02/18/2025,01/16/2026 05:40:02,1
4167,US5ME2GM,View,2,02/18/2025,0,02/18/2025,01/16/2026 05:40:02,1
4168,US5ME2GN,View,2,02/18/2025,0,02/18/2025,01/16/2026 05:40:01,1
4169,US5ME2GO,View,3,02/18/2025,0,02/18/2025,01/16/2026 05:40:01,1
4170,US5ME2HC,View,2,01/03/2025,0,01/03/2025,01/16/2026 05:40:01,1
4171,US5ME2HD,View,2,01/03/2025,0,01/03/2025,01/16/2026 05:40:01,1
4172,US5ME2HH,View,2,02/12/2025,0,02/12/2025,01/16/2026 05:40:00,1
4173,US5ME2HI,View,2,02/12/2025,0,02/12/2025,01/16/2026 05:40:00,1
4174,US5ME2HL,View,2,02/19/2025,1,11/25/2025,01/16/2026 05:40:00,1
4175,US5ME2HM,View,2,02/19/2025,0,02/19/2025,01/16/2026 05:40:00,1
4176,US5ME2HN,View,2,02/19/2025,0,02/19/2025,01/16/2026 05:39:59,1
4177,US5ME2HO,View,2,02/19/2025,0,02/19/2025,01/16/2026 05:39:59,1
4178,US5ME3FF,View,1,03/05/2024,0,03/05/2024,01/16/2026 05:39:59,1
4179,US5ME3FG,View,1,03/05/2024,2,12/10/2024,01/16/2026 05:39:59,1
4180,US5ME3FH,View,1,03/05/2024,2,10/31/2024,01/16/2026 05:39:59,1
4181,US5ME3GE,View,2,02/11/2025,0,02/11/2025,01/16/2026 05:39:58,1
4182,US5ME3GF,View,2,02/11/2025,1,08/01/2025,01/16/2026 05:39:58,1
4183,US5ME3GG,View,3,11/05/2024,2,12/01/2025,01/16/2026 05:39:58,1
4184,US5ME3GH,View,2,04/09/2024,1,10/31/2024,01/16/2026 05:39:58,1
4185,US5ME3HE,View,2,02/11/2025,0,02/11/2025,01/16/2026 05:39:57,1
4186,US5ME3HF,View,2,02/11/2025,0,02/11/2025,01/16/2026 05:39:57,1
4187,US5ME3HG,View,1,02/21/2024,1,04/12/2024,01/16/2026 05:39:57,1
4188,US5ME3HH,View,2,04/09/2024,3,10/29/2024,01/16/2026 05:39:57,1
cxl,US5MI11M,View,7,06/25/2025,1,09/09/2025,01/16/2026 05:39:57,9
4189,US5MI1OJ,View,1,10/24/2024,1,09/18/2025,01/16/2026 05:39:56,9
4190,US5MI1OK,View,1,10/24/2024,2,09/15/2025,01/16/2026 05:39:56,9
4191,US5MI1WH,View,1,05/06/2025,1,06/20/2025,01/16/2026 05:39:56,9
4192,US5MI1WJ,View,1,05/06/2025,2,01/14/2026,01/16/2026 05:39:56,9
4193,US5MI2UX,View,1,12/09/2024,0,12/09/2024,01/16/2026 05:39:55,9
4194,US5MI2UY,View,1,12/09/2024,0,12/09/2024,01/16/2026 05:39:55,9
4195,US5MI2UZ,View,1,12/09/2024,0,12/09/2024,01/16/2026 05:39:55,9
4196,US5MI2VW,View,1,12/09/2024,0,12/09/2024,01/16/2026 05:39:55,9
4197,US5MI2VX,View,1,12/09/2024,0,12/09/2024,01/16/2026 05:39:55,9
4198,US5MI2VY,View,1,12/09/2024,0,12/09/2024,01/16/2026 05:39:55,9
4199,US5MI2VZ,View,1,12/09/2024,0,12/09/2024,01/16/2026 05:39:55,9
4200,US5MI2WV,View,1,12/09/2024,0,12/09/2024,01/16/2026 05:39:54,9
4201,US5MI2WW,View,1,12/09/2024,3,07/02/2025,01/16/2026 05:39:54,9
4202,US5MI2WX,View,1,12/09/2024,0,12/09/2024,01/16/2026 05:39:54,9
4203,US5MI3DC,View,1,08/15/2024,0,08/15/2024,01/16/2026 05:39:54,9
4204,US5MI3EC,View,1,08/15/2024,1,07/03/2025,01/16/2026 05:39:54,9
4205,US5MI3ED,View,1,08/15/2024,1,07/03/2025,01/16/2026 05:39:54,9
4206,US5MI3FD,View,1,08/15/2024,1,07/03/2025,01/16/2026 05:39:54,9
4207,US5MI3GD,View,1,08/15/2024,1,07/03/2025,01/16/2026 05:39:53,9
4208,US5MI3GE,View,1,08/15/2024,1,07/03/2025,01/16/2026 05:39:53,9
4209,US5MI3HD,View,1,08/15/2024,0,08/15/2024,01/16/2026 05:39:53,9
4210,US5MI3HE,View,1,08/15/2024,0,08/15/2024,01/16/2026 05:39:53,9
4211,US5MI3ID,View,1,08/15/2024,0,08/15/2024,01/16/2026 05:39:53,9
4212,US5MI3IE,View,1,08/15/2024,0,08/15/2024,01/16/2026 05:39:53,9
4213,US5MI3IF,View,1,08/15/2024,0,08/15/2024,01/16/2026 05:39:52,9
4214,US5MI3JF,View,1,08/15/2024,0,08/15/2024,01/16/2026 05:39:52,9
4215,US5MI42M,View,4,02/20/2025,0,02/20/2025,01/16/2026 05:39:52,9
4216,US5MI4RB,View,1,12/03/2024,0,12/03/2024,01/16/2026 05:39:52,9
4217,US5MI4SA,View,1,12/11/2024,0,12/11/2024,01/16/2026 05:39:52,9
4218,US5MI4SB,View,1,12/03/2024,0,12/03/2024,01/16/2026 05:39:52,9
4219,US5MI4SC,View,1,12/03/2024,0,12/03/2024,01/16/2026 05:39:52,9
4220,US5MI4SD,View,1,12/03/2024,0,12/03/2024,01/16/2026 05:39:52,9
4221,US5MI4TA,View,1,09/20/2024,0,09/20/2024,01/16/2026 05:39:51,9
4222,US5MI4TB,View,1,12/03/2024,0,12/03/2024,01/16/2026 05:39:51,9
4223,US5MI4TC,View,1,12/03/2024,0,12/03/2024,01/16/2026 05:39:51,9
4224,US5MI4TD,View,1,12/03/2024,0,12/03/2024,01/16/2026 05:39:51,9
4225,US5MI51A,View,1,01/31/2025,0,01/31/2025,01/16/2026 05:39:51,9
4226,US5MI51B,View,1,01/31/2025,1,03/27/2025,01/16/2026 05:39:51,9
4227,US5MI51C,View,1,01/31/2025,0,01/31/2025,01/16/2026 05:39:51,9
4228,US5MI51M,View,6,01/31/2025,0,01/31/2025,01/16/2026 05:39:51,9
4229,US5MI52A,View,1,12/10/2024,0,12/10/2024,01/16/2026 05:39:50,9
4230,US5MI52M,View,5,12/10/2024,0,12/10/2024,01/16/2026 05:39:50,9
4231,US5MI56M,View,4,02/14/2025,0,02/14/2025,01/16/2026 05:39:50,9
4232,US5MI57A,View,1,02/14/2025,0,02/14/2025,01/16/2026 05:39:50,9
4233,US5MI57B,View,1,02/14/2025,0,02/14/2025,01/16/2026 05:39:50,9
4234,US5MI57C,View,1,02/14/2025,0,02/14/2025,01/16/2026 05:39:50,9
4235,US5MI57D,View,1,02/14/2025,0,02/14/2025,01/16/2026 05:39:50,9
4236,US5MI57E,View,1,02/14/2025,1,07/02/2025,01/16/2026 05:39:49,9
4237,US5MI57M,View,8,02/14/2025,0,02/14/2025,01/16/2026 05:39:49,9
4238,US5MI59M,View,4,12/06/2024,0,12/06/2024,01/16/2026 05:39:49,9
4239,US5MI61M,View,20,06/05/2025,0,06/05/2025,01/16/2026 05:39:49,9
4240,US5MI62M,View,23,06/05/2025,0,06/05/2025,01/16/2026 05:39:49,9
4241,US5MI65A,View,1,03/18/2025,0,03/18/2025,01/16/2026 05:39:48,9
4242,US5MI65B,View,1,03/18/2025,0,03/18/2025,01/16/2026 05:39:48,9
4243,US5MI65C,View,1,03/18/2025,0,03/18/2025,01/16/2026 05:39:48,9
4244,US5MI65D,View,1,03/18/2025,1,04/24/2025,01/16/2026 05:39:48,9
4245,US5MI65M,View,8,03/18/2025,1,04/24/2025,01/16/2026 05:39:48,9
4246,US5MI66A,View,1,02/24/2025,0,02/24/2025,01/16/2026 05:39:47,9
4247,US5MI66M,View,6,02/24/2025,0,02/24/2025,01/16/2026 05:39:47,9
4248,US5MI67A,View,2,03/12/2025,0,03/12/2025,01/16/2026 05:39:47,9
4249,US5MI67B,View,1,02/20/2025,0,02/20/2025,01/16/2026 05:39:47,9
4250,US5MI67M,View,6,02/20/2025,0,02/20/2025,01/16/2026 05:39:47,9
4251,US5MI6LD,View,1,11/19/2025,0,11/19/2025,01/16/2026 05:39:46,9
4252,US5MI6MD,View,1,11/19/2025,0,11/19/2025,01/16/2026 05:39:46,9
4253,US5MI6ME,View,1,11/19/2025,0,11/19/2025,01/16/2026 05:39:46,9
4254,US5MI6MF,View,1,11/19/2025,0,11/19/2025,01/16/2026 05:39:46,9
4255,US5MI6ND,View,1,11/19/2025,0,11/19/2025,01/16/2026 05:39:46,9
4256,US5MI6NE,View,1,11/19/2025,0,11/19/2025,01/16/2026 05:39:46,9
4257,US5MI6NF,View,1,11/19/2025,0,11/19/2025,01/16/2026 05:39:45,9
4258,US5MI6OC,View,1,11/19/2025,0,11/19/2025,01/16/2026 05:39:45,9
4259,US5MI6OD,View,1,11/19/2025,0,11/19/2025,01/16/2026 05:39:45,9
4260,US5MI6OE,View,1,11/19/2025,0,11/19/2025,01/16/2026 05:39:45,9
4261,US5MI6PC,View,1,11/19/2025,0,11/19/2025,01/16/2026 05:39:45,9
4262,US5MI6PD,View,1,11/19/2025,0,11/19/2025,01/16/2026 05:39:44,9
4263,US5MI6PE,View,1,11/19/2025,0,11/19/2025,01/16/2026 05:39:44,9
4264,US5MI6QB,View,1,11/19/2025,0,11/19/2025,01/16/2026 05:39:44,9
4265,US5MI6QC,View,1,11/19/2025,0,11/19/2025,01/16/2026 05:39:44,9
4266,US5MI6QD,View,1,11/19/2025,0,11/19/2025,01/16/2026 05:39:44,9
4267,US5MI6QE,View,1,11/19/2025,0,11/19/2025,01/16/2026 05:39:43,9
4268,US5MI6RA,View,1,11/19/2025,0,11/19/2025,01/16/2026 05:39:43,9
4269,US5MI6RB,View,1,11/19/2025,0,11/19/2025,01/16/2026 05:39:43,9
4270,US5MI6RE,View,1,11/19/2025,0,11/19/2025,01/16/2026 05:39:43,9
4271,US5MI70M,View,3,08/13/2024,2,07/30/2025,01/16/2026 05:39:43,9
4272,US5MI71A,View,1,09/12/2024,1,10/22/2025,01/16/2026 05:39:42,9
4273,US5MI71B,View,1,09/12/2024,0,09/12/2024,01/16/2026 05:39:42,9
4274,US5MI71M,View,4,09/12/2024,1,03/27/2025,01/16/2026 05:39:42,9
cxl,US5MI72M,View,6,05/08/2024,3,11/19/2025,01/16/2026 05:39:42,9
cxl,US5MI73M,View,20,08/01/2025,1,11/19/2025,01/16/2026 05:39:41,9
4275,US5MI77M,View,5,09/24/2024,0,09/24/2024,01/16/2026 05:39:41,9
4276,US5MI7KE,View,1,09/03/2024,0,09/03/2024,01/16/2026 05:39:41,9
4277,US5MI7KF,View,1,09/03/2024,2,08/06/2025,01/16/2026 05:39:41,9
4278,US5MI7KG,View,1,09/03/2024,0,09/03/2024,01/16/2026 05:39:41,9
4279,US5MI7KH,View,1,09/03/2024,1,08/06/2025,01/16/2026 05:39:40,9
4280,US5MI7KI,View,1,09/03/2024,1,02/21/2025,01/16/2026 05:39:40,9
4281,US5MI7LF,View,1,09/03/2024,0,09/03/2024,01/16/2026 05:39:40,9
4282,US5MI7LG,View,1,09/03/2024,0,09/03/2024,01/16/2026 05:39:40,9
4283,US5MI7LH,View,1,09/03/2024,0,09/03/2024,01/16/2026 05:39:39,9
4284,US5MI7LI,View,1,09/03/2024,1,02/27/2025,01/16/2026 05:39:39,9
4285,US5MI7LJ,View,1,09/03/2024,0,09/03/2024,01/16/2026 05:39:39,9
4286,US5MI7MG,View,1,09/03/2024,0,09/03/2024,01/16/2026 05:39:39,9
4287,US5MI7MH,View,1,09/03/2024,0,09/03/2024,01/16/2026 05:39:39,9
4288,US5MI7MI,View,1,09/03/2024,0,09/03/2024,01/16/2026 05:39:38,9
4289,US5MI7MJ,View,1,09/03/2024,2,08/06/2025,01/16/2026 05:39:38,9
4290,US5MI7MK,View,1,09/03/2024,0,09/03/2024,01/16/2026 05:39:38,9
4291,US5MI7NJ,View,1,09/03/2024,2,02/21/2025,01/16/2026 05:39:38,9
4292,US5MI7NK,View,1,09/03/2024,0,09/03/2024,01/16/2026 05:39:38,9
4293,US5MI7RP,View,1,04/15/2025,0,04/15/2025,01/16/2026 05:39:37,9
4294,US5MI7RQ,View,1,04/15/2025,0,04/15/2025,01/16/2026 05:39:37,9
4295,US5MI7RR,View,1,04/15/2025,0,04/15/2025,01/16/2026 05:39:37,9
4296,US5MI7RS,View,1,04/15/2025,0,04/15/2025,01/16/2026 05:39:37,9
4297,US5MI7RT,View,1,04/15/2025,0,04/15/2025,01/16/2026 05:39:37,9
4298,US5MI7RU,View,1,04/15/2025,0,04/15/2025,01/16/2026 05:39:36,9
4299,US5MI7SP,View,1,04/15/2025,0,04/15/2025,01/16/2026 05:39:36,9
4300,US5MI7SQ,View,1,04/15/2025,0,04/15/2025,01/16/2026 05:39:36,9
4301,US5MI7SR,View,1,04/15/2025,0,04/15/2025,01/16/2026 05:39:36,9
4302,US5MI7SS,View,1,04/15/2025,0,04/15/2025,01/16/2026 05:39:36,9
4303,US5MI7ST,View,1,04/15/2025,0,04/15/2025,01/16/2026 05:39:35,9
4304,US5MI7SU,View,1,04/15/2025,0,04/15/2025,01/16/2026 05:39:35,9
4305,US5MI7TP,View,1,04/15/2025,0,04/15/2025,01/16/2026 05:39:35,9
4306,US5MI7TQ,View,1,04/15/2025,0,04/15/2025,01/16/2026 05:39:35,9
4307,US5MI7TR,View,2,05/16/2025,0,05/16/2025,01/16/2026 05:39:35,9
4308,US5MI7TS,View,2,05/16/2025,1,12/17/2025,01/16/2026 05:39:34,9
4309,US5MI7TT,View,2,05/16/2025,0,05/16/2025,01/16/2026 05:39:34,9
4310,US5MI7TU,View,2,05/16/2025,0,05/16/2025,01/16/2026 05:39:34,9
4311,US5MI7UM,View,1,06/05/2025,0,06/05/2025,01/16/2026 05:39:34,9
4312,US5MI7UN,View,1,06/05/2025,0,06/05/2025,01/16/2026 05:39:34,9
4313,US5MI7UO,View,1,06/05/2025,0,06/05/2025,01/16/2026 05:39:34,9
4314,US5MI7UP,View,1,06/05/2025,0,06/05/2025,01/16/2026 05:39:34,9
4315,US5MI7UQ,View,1,06/05/2025,0,06/05/2025,01/16/2026 05:39:33,9
4316,US5MI7VM,View,1,06/05/2025,0,06/05/2025,01/16/2026 05:39:33,9
4317,US5MI7VN,View,1,06/05/2025,0,06/05/2025,01/16/2026 05:39:33,9
4318,US5MI7VO,View,1,06/05/2025,0,06/05/2025,01/16/2026 05:39:33,9
4319,US5MI7WN,View,1,04/17/2025,0,04/17/2025,01/16/2026 05:39:33,9
4320,US5MI7WO,View,2,05/30/2025,1,08/06/2025,01/16/2026 05:39:32,9
4321,US5MI7XH,View,1,04/23/2025,0,04/23/2025,01/16/2026 05:39:32,9
4322,US5MI7XI,View,1,04/23/2025,0,04/23/2025,01/16/2026 05:39:32,9
4323,US5MI7XM,View,1,04/23/2025,1,07/18/2025,01/16/2026 05:39:32,9
4324,US5MI7XN,View,1,04/17/2025,0,04/17/2025,01/16/2026 05:39:32,9
4325,US5MI7XO,View,2,05/30/2025,2,08/06/2025,01/16/2026 05:39:31,9
4326,US5MI7YH,View,1,04/23/2025,0,04/23/2025,01/16/2026 05:39:31,9
4327,US5MI7YI,View,1,04/23/2025,0,04/23/2025,01/16/2026 05:39:31,9
4328,US5MI7YJ,View,1,04/23/2025,2,11/28/2025,01/16/2026 05:39:31,9
4329,US5MI7YK,View,1,04/23/2025,0,04/23/2025,01/16/2026 05:39:30,9
4330,US5MI7YL,View,1,04/23/2025,2,07/11/2025,01/16/2026 05:39:30,9
4331,US5MI7YM,View,1,04/23/2025,4,08/06/2025,01/16/2026 05:39:30,9
4332,US5MI7YN,View,1,04/17/2025,1,08/06/2025,01/16/2026 05:39:30,9
4333,US5MI7YO,View,2,05/30/2025,0,05/30/2025,01/16/2026 05:39:29,9
4334,US5MI7ZH,View,1,04/23/2025,0,04/23/2025,01/16/2026 05:39:29,9
4335,US5MI7ZI,View,1,04/23/2025,0,04/23/2025,01/16/2026 05:39:29,9
4336,US5MI7ZJ,View,1,04/23/2025,0,04/23/2025,01/16/2026 05:39:29,9
4337,US5MI7ZK,View,1,04/23/2025,0,04/23/2025,01/16/2026 05:39:28,9
4338,US5MI7ZL,View,1,04/24/2025,3,07/11/2025,01/16/2026 05:39:28,9
4339,US5MI7ZM,View,1,04/23/2025,1,07/11/2025,01/16/2026 05:39:28,9
4340,US5MI7ZN,View,3,07/11/2025,0,07/11/2025,01/16/2026 05:39:28,9
4341,US5MI7ZO,View,2,05/30/2025,2,08/06/2025,01/16/2026 05:39:28,9
4342,US5MI80A,View,1,09/06/2024,0,09/06/2024,01/16/2026 05:39:27,9
4343,US5MI81M,View,21,12/06/2024,2,08/20/2025,01/16/2026 05:39:27,9
4344,US5MI87M,View,13,12/16/2024,2,09/12/2025,01/16/2026 05:39:27,9
4345,US5MI88M,View,14,12/18/2024,0,12/18/2024,01/16/2026 05:39:27,9
4346,US5MI89A,View,1,03/28/2025,0,03/28/2025,01/16/2026 05:39:27,9
4347,US5MI89B,View,1,03/28/2025,0,03/28/2025,01/16/2026 05:39:26,9
4348,US5MI89M,View,8,03/28/2025,2,09/09/2025,01/16/2026 05:39:26,9
4349,US5MI90A,View,1,02/20/2025,0,02/20/2025,01/16/2026 05:39:26,9
4350,US5MI90B,View,1,02/20/2025,0,02/20/2025,01/16/2026 05:39:26,9
4351,US5MI90M,View,6,02/20/2025,1,05/14/2025,01/16/2026 05:39:26,9
4352,US5MIABA,View,1,02/20/2024,0,02/20/2024,01/16/2026 05:39:25,7
4353,US5MIABB,View,2,07/14/2025,0,07/14/2025,01/16/2026 05:39:25,7
4354,US5MIABC,View,2,09/03/2025,0,09/03/2025,01/16/2026 05:39:25,7
4355,US5MIABD,View,1,02/20/2024,0,02/20/2024,01/16/2026 05:39:25,7
4356,US5MIACB,View,5,09/05/2025,0,09/05/2025,01/16/2026 05:39:25,7
4357,US5MIACC,View,6,12/19/2025,0,12/19/2025,01/16/2026 05:39:24,7
4358,US5MIACD,View,2,07/24/2025,0,07/24/2025,01/16/2026 05:39:24,7
4359,US5MIADB,View,2,09/03/2025,0,09/03/2025,01/16/2026 05:39:24,7
4360,US5MIADC,View,1,02/20/2024,0,02/20/2024,01/16/2026 05:39:24,7
4361,US5MIADD,View,2,06/26/2025,0,06/26/2025,01/16/2026 05:39:23,7
4362,US5MIAEC,View,2,05/22/2025,0,05/22/2025,01/16/2026 05:39:23,7
4363,US5MKEDC,View,1,12/23/2024,0,12/23/2024,01/16/2026 05:39:23,9
4364,US5MKEDD,View,1,12/23/2024,0,12/23/2024,01/16/2026 05:39:23,9
4365,US5MKEEC,View,1,12/23/2024,0,12/23/2024,01/16/2026 05:39:22,9
4366,US5MKEED,View,1,12/23/2024,1,12/08/2025,01/16/2026 05:39:22,9
4367,US5MKGCE,View,1,11/05/2024,0,11/05/2024,01/16/2026 05:39:22,9
4368,US5MKGCF,View,1,11/05/2024,0,11/05/2024,01/16/2026 05:39:22,9
4369,US5MKGCG,View,1,11/05/2024,1,09/08/2025,01/16/2026 05:39:22,9
4370,US5MKGCH,View,1,11/05/2024,1,09/08/2025,01/16/2026 05:39:21,9
4371,US5MKGCI,View,1,11/05/2024,1,09/08/2025,01/16/2026 05:39:21,9
4372,US5MKGDE,View,1,11/05/2024,1,09/12/2025,01/16/2026 05:39:21,9
4373,US5MKGDF,View,1,11/05/2024,2,09/09/2025,01/16/2026 05:39:21,9
4374,US5MKGDG,View,1,11/05/2024,1,09/08/2025,01/16/2026 05:39:20,9
4375,US5MKGFD,View,1,05/06/2025,1,07/14/2025,01/16/2026 05:39:20,9
4376,US5MKGFE,View,1,05/06/2025,1,07/21/2025,01/16/2026 05:39:20,9
4377,US5MKGFF,View,1,05/06/2025,0,05/06/2025,01/16/2026 05:39:20,9
4378,US5MN11M,View,10,07/23/2024,1,03/05/2025,01/16/2026 05:39:19,9
4379,US5MN21A,View,1,05/13/2024,0,05/13/2024,01/16/2026 05:39:19,9
4380,US5MN21B,View,1,05/13/2024,0,05/13/2024,01/16/2026 05:39:19,9
4381,US5MN21M,View,6,05/13/2024,0,05/13/2024,01/16/2026 05:39:19,9
4382,US5MOBAE,View,4,09/08/2025,1,12/17/2025,01/16/2026 05:39:19,8
4383,US5MOBAF,View,3,09/08/2025,0,09/08/2025,01/16/2026 05:39:18,8
4384,US5MOBBD,View,4,09/08/2025,0,09/08/2025,01/16/2026 05:39:18,8
4385,US5MOBBE,View,6,09/08/2025,1,12/17/2025,01/16/2026 05:39:18,8
4386,US5MOBBF,View,5,09/08/2025,1,12/17/2025,01/16/2026 05:39:18,8
4387,US5MOBBG,View,3,09/08/2025,0,09/08/2025,01/16/2026 05:39:18,8
4388,US5MOBCD,View,5,09/08/2025,0,09/08/2025,01/16/2026 05:39:17,8
4389,US5MOBCE,View,7,09/10/2025,0,09/10/2025,01/16/2026 05:39:17,8
4390,US5MOBCF,View,6,12/17/2025,0,12/17/2025,01/16/2026 05:39:17,8
4391,US5MOBCG,View,3,12/16/2025,0,12/16/2025,01/16/2026 05:39:17,8
4392,US5MOBDD,View,3,09/08/2025,0,09/08/2025,01/16/2026 05:39:16,8
4393,US5MOBDE,View,2,09/08/2025,0,09/08/2025,01/16/2026 05:39:16,8
4394,US5MOBDF,View,4,12/16/2025,0,12/16/2025,01/16/2026 05:39:16,8
4395,US5MOBDG,View,3,12/16/2025,0,12/16/2025,01/16/2026 05:39:16,8
4396,US5MOBED,View,2,09/08/2025,0,09/08/2025,01/16/2026 05:39:16,8
4397,US5MOBEE,View,4,09/08/2025,0,09/08/2025,01/16/2026 05:39:16,8
4398,US5MOBEF,View,5,12/16/2025,0,12/16/2025,01/16/2026 05:39:15,8
4399,US5MOBEG,View,2,12/04/2025,0,12/04/2025,01/16/2026 05:39:15,8
4400,US5MOBEH,View,2,12/04/2025,0,12/04/2025,01/16/2026 05:39:15,8
4401,US5MOBFD,View,2,09/08/2025,0,09/08/2025,01/16/2026 05:39:15,8
4402,US5MOBFE,View,4,09/08/2025,0,09/08/2025,01/16/2026 05:39:15,8
4403,US5MOBFF,View,3,09/08/2025,0,09/08/2025,01/16/2026 05:39:14,8
4404,US5MOBFG,View,1,06/17/2025,0,06/17/2025,01/16/2026 05:39:14,8
4405,US5MOBGD,View,2,09/08/2025,0,09/08/2025,01/16/2026 05:39:14,8
4406,US5MOBGE,View,4,09/08/2025,0,09/08/2025,01/16/2026 05:39:14,8
4407,US5MOBGF,View,5,09/08/2025,0,09/08/2025,01/16/2026 05:39:14,8
4408,US5MOBGG,View,1,06/17/2025,0,06/17/2025,01/16/2026 05:39:13,8
4409,US5MOBHE,View,3,11/17/2025,0,11/17/2025,01/16/2026 05:39:13,8
4410,US5MOBHF,View,5,11/17/2025,0,11/17/2025,01/16/2026 05:39:13,8
4411,US5MOBHG,View,1,06/17/2025,0,06/17/2025,01/16/2026 05:39:13,8
4412,US5MOBIE,View,2,09/10/2025,0,09/10/2025,01/16/2026 05:39:13,8
4413,US5MOBIF,View,4,09/10/2025,0,09/10/2025,01/16/2026 05:39:12,8
4414,US5MOBIG,View,1,06/17/2025,0,06/17/2025,01/16/2026 05:39:12,8
4415,US5MOBJE,View,3,09/10/2025,0,09/10/2025,01/16/2026 05:39:12,8
4416,US5MOBJF,View,3,09/10/2025,0,09/10/2025,01/16/2026 05:39:12,8
4417,US5MOBJG,View,1,06/17/2025,0,06/17/2025,01/16/2026 05:39:11,8
4418,US5MRHAD,View,1,02/23/2023,0,02/23/2023,01/16/2026 05:39:11,5
4419,US5MRHAE,View,1,02/23/2023,1,05/02/2025,01/16/2026 05:39:11,5
4420,US5MRHBC,View,1,02/23/2023,0,02/23/2023,01/16/2026 05:39:11,5
4421,US5MRHBD,View,1,02/23/2023,0,02/23/2023,01/16/2026 05:39:11,5
4422,US5MRHBE,View,1,02/23/2023,0,02/23/2023,01/16/2026 05:39:11,5
4423,US5MRHCA,View,1,06/11/2021,1,12/03/2024,01/16/2026 05:39:10,5
4424,US5MRHCB,View,3,11/18/2021,8,04/24/2025,01/16/2026 05:39:10,5
4425,US5MRHCC,View,1,06/11/2021,0,06/11/2021,01/16/2026 05:39:10,5
4426,US5MRHCD,View,5,10/22/2024,1,07/03/2025,01/16/2026 05:39:10,5
4427,US5MRHDA,View,8,10/16/2024,3,11/06/2025,01/16/2026 05:39:09,5
4428,US5MRHDB,View,15,02/20/2024,15,09/15/2025,01/16/2026 05:39:09,5
4429,US5MRHDC,View,8,12/20/2023,4,10/08/2025,01/16/2026 05:39:09,5
4430,US5MRHDD,View,2,01/09/2023,5,08/13/2025,01/16/2026 05:39:08,5
4431,US5MRHEB,View,7,10/03/2023,3,06/25/2025,01/16/2026 05:39:08,5
4432,US5MS1DB,View,2,02/12/2025,1,11/14/2025,01/16/2026 05:39:08,8
4433,US5MS1DC,View,2,02/12/2025,1,11/14/2025,01/16/2026 05:39:08,8
4434,US5MS1DD,View,2,02/12/2025,2,11/14/2025,01/16/2026 05:39:08,8
4435,US5MS1DE,View,2,02/12/2025,1,11/14/2025,01/16/2026 05:39:07,8
4436,US5MS1DF,View,2,02/12/2025,1,11/14/2025,01/16/2026 05:39:07,8
4437,US5MS1DM,View,2,07/17/2025,0,07/17/2025,01/16/2026 05:39:07,8
4438,US5MS1DQ,View,2,07/17/2025,0,07/17/2025,01/16/2026 05:39:07,8
4439,US5MS1EF,View,2,02/12/2025,1,11/14/2025,01/16/2026 05:39:07,8
4440,US5MS1EJ,View,2,04/25/2025,1,11/14/2025,01/16/2026 05:39:06,8
4441,US5MS1EM,View,2,02/28/2025,0,02/28/2025,01/16/2026 05:39:06,8
4442,US5MS1EQ,View,2,08/25/2025,0,08/25/2025,01/16/2026 05:39:06,8
4443,US5MS1FJ,View,1,03/27/2024,3,09/09/2025,01/16/2026 05:39:06,8
4444,US5MS1FM,View,1,05/22/2024,0,05/22/2024,01/16/2026 05:39:06,8
4445,US5MS1FQ,View,1,08/23/2023,0,08/23/2023,01/16/2026 05:39:06,8
4446,US5MSYAB,View,3,08/09/2024,1,05/12/2025,01/16/2026 05:39:05,8
4447,US5MSYAC,View,8,08/09/2024,3,08/15/2025,01/16/2026 05:39:05,8
4448,US5MSYAD,View,5,07/19/2024,3,08/15/2025,01/16/2026 05:39:05,8
4449,US5MSYAE,View,6,07/19/2024,2,05/12/2025,01/16/2026 05:39:04,8
4450,US5MSYAF,View,5,07/19/2024,4,09/29/2025,01/16/2026 05:39:04,8
4451,US5MSYBA,View,7,08/09/2024,2,05/19/2025,01/16/2026 05:39:04,8
4452,US5MSYBB,View,5,06/11/2025,0,06/11/2025,01/16/2026 05:39:03,8
4453,US5MSYBC,View,5,08/09/2024,1,05/12/2025,01/16/2026 05:39:03,8
4454,US5MSYBD,View,11,06/11/2025,1,12/04/2025,01/16/2026 05:39:03,8
4455,US5MSYBE,View,7,12/04/2025,0,12/04/2025,01/16/2026 05:39:02,8
4456,US5NC14M,View,34,10/21/2024,0,10/21/2024,01/16/2026 05:39:02,5
4457,US5NC18M,View,26,11/25/2025,0,11/25/2025,01/16/2026 05:39:02,5
4458,US5NC19M,View,33,03/14/2025,8,01/06/2026,01/16/2026 05:39:02,5
4459,US5NC1AA,View,1,01/12/2024,0,01/12/2024,01/16/2026 05:39:01,5
4460,US5NC1AB,View,1,01/12/2024,0,01/12/2024,01/16/2026 05:39:01,5
4461,US5NC1AC,View,1,01/12/2024,0,01/12/2024,01/16/2026 05:39:01,5
4462,US5NC1AD,View,1,01/12/2024,0,01/12/2024,01/16/2026 05:39:01,5
4463,US5NC1AE,View,1,01/12/2024,0,01/12/2024,01/16/2026 05:39:01,5
4464,US5NC1BB,View,1,01/12/2024,1,07/28/2025,01/16/2026 05:39:01,5
4465,US5NC1BC,View,1,01/12/2024,1,03/27/2024,01/16/2026 05:39:00,5
4466,US5NC1BD,View,1,01/12/2024,10,11/06/2025,01/16/2026 05:39:00,5
4467,US5NC1BE,View,1,01/12/2024,3,09/15/2025,01/16/2026 05:39:00,5
4468,US5NC1BF,View,2,10/27/2023,1,09/26/2024,01/16/2026 05:39:00,5
4469,US5NC1CI,View,1,05/30/2023,1,11/14/2023,01/16/2026 05:38:59,5
4470,US5NC1DI,View,6,06/07/2024,7,11/12/2025,01/16/2026 05:38:59,5
4471,US5NC1EI,View,1,05/30/2023,0,05/30/2023,01/16/2026 05:38:59,5
4472,US5NC1EJ,View,4,03/19/2025,0,03/19/2025,01/16/2026 05:38:59,5
4473,US5NC1FJ,View,2,03/19/2025,5,12/18/2025,01/16/2026 05:38:59,5
4474,US5NC1FK,View,1,02/14/2024,1,04/25/2025,01/16/2026 05:38:58,5
4475,US5NC1GK,View,1,02/14/2024,1,12/18/2025,01/16/2026 05:38:58,5
4476,US5NC1GL,View,1,10/21/2024,3,05/14/2025,01/16/2026 05:38:58,5
4477,US5NC1HL,View,1,10/21/2024,1,07/28/2025,01/16/2026 05:38:58,5
4478,US5NC1HM,View,1,10/21/2024,1,03/26/2025,01/16/2026 05:38:58,5
4479,US5NC1IM,View,1,10/21/2024,0,10/21/2024,01/16/2026 05:38:57,5
4480,US5NC1IN,View,1,10/21/2024,0,10/21/2024,01/16/2026 05:38:57,5
4481,US5NC1IO,View,1,10/21/2024,0,10/21/2024,01/16/2026 05:38:57,5
4482,US5NC1JO,View,1,05/25/2024,0,05/25/2024,01/16/2026 05:38:57,5
4483,US5NC1JP,View,3,12/10/2025,0,12/10/2025,01/16/2026 05:38:57,5
4484,US5NC1JQ,View,1,05/25/2024,1,03/06/2025,01/16/2026 05:38:57,5
4485,US5NC1KO,View,1,05/25/2024,0,05/25/2024,01/16/2026 05:38:56,5
4486,US5NC1KP,View,1,05/25/2024,2,01/28/2025,01/16/2026 05:38:56,5
4487,US5NC1KQ,View,1,05/25/2024,0,05/25/2024,01/16/2026 05:38:56,5
4488,US5NC1KR,View,1,08/05/2024,1,08/21/2024,01/16/2026 05:38:56,5
4489,US5NC1KS,View,1,08/05/2024,10,12/02/2025,01/16/2026 05:38:56,5
4490,US5NC1KT,View,1,08/05/2024,4,09/15/2025,01/16/2026 05:38:55,5
4491,US5NC1LO,View,1,12/11/2023,1,12/03/2024,01/16/2026 05:38:55,5
4492,US5NC1LP,View,1,12/11/2023,0,12/11/2023,01/16/2026 05:38:55,5
4493,US5NC1LS,View,2,10/22/2024,2,08/25/2025,01/16/2026 05:38:55,5
4494,US5NC1LT,View,4,08/25/2025,0,08/25/2025,01/16/2026 05:38:55,5
4495,US5NC1LU,View,2,03/19/2025,1,03/31/2025,01/16/2026 05:38:55,5
4496,US5NC1LV,View,4,03/19/2025,1,03/31/2025,01/16/2026 05:38:54,5
4497,US5NC1LW,View,3,10/25/2024,3,06/30/2025,01/16/2026 05:38:54,5
4498,US5NC1MO,View,1,12/11/2023,0,12/11/2023,01/16/2026 05:38:54,5
4499,US5NC1MP,View,1,12/11/2023,0,12/11/2023,01/16/2026 05:38:54,5
4500,US5NC1MV,View,1,01/26/2024,0,01/26/2024,01/16/2026 05:38:54,5
4501,US5NC1MW,View,1,01/26/2024,0,01/26/2024,01/16/2026 05:38:54,5
4502,US5NC1MX,View,1,06/11/2021,1,07/27/2021,01/16/2026 05:38:54,5
4503,US5NC21M,View,23,12/11/2025,0,12/11/2025,01/16/2026 05:38:53,5
cxl,US5NC22M,View,12,06/30/2025,1,09/10/2025,01/16/2026 05:38:53,5
4504,US5NC2AE,View,1,11/25/2025,0,11/25/2025,01/16/2026 05:38:53,5
4505,US5NC2AF,View,1,11/25/2025,0,11/25/2025,01/16/2026 05:38:53,5
4506,US5NC2BC,View,1,09/10/2025,0,09/10/2025,01/16/2026 05:38:53,5
4507,US5NC2BD,View,1,11/25/2025,0,11/25/2025,01/16/2026 05:38:53,5
4508,US5NC2BE,View,1,11/25/2025,0,11/25/2025,01/16/2026 05:38:53,5
4509,US5NC2BF,View,1,11/25/2025,0,11/25/2025,01/16/2026 05:38:53,5
4510,US5NC2CB,View,1,09/10/2025,0,09/10/2025,01/16/2026 05:38:52,5
4511,US5NC2CC,View,1,09/10/2025,0,09/10/2025,01/16/2026 05:38:52,5
4512,US5NC2CD,View,1,11/25/2025,0,11/25/2025,01/16/2026 05:38:52,5
4513,US5NC2CE,View,1,11/25/2025,0,11/25/2025,01/16/2026 05:38:52,5
4514,US5NC2CF,View,1,11/25/2025,0,11/25/2025,01/16/2026 05:38:52,5
4515,US5NC2CG,View,1,12/11/2025,0,12/11/2025,01/16/2026 05:38:52,5
4516,US5NC2CH,View,1,12/11/2025,1,12/18/2025,01/16/2026 05:38:52,5
4517,US5NC2CY,View,1,09/10/2025,0,09/10/2025,01/16/2026 05:38:52,5
4518,US5NC2CZ,View,1,09/10/2025,0,09/10/2025,01/16/2026 05:38:51,5
4519,US5NC2DA,View,1,09/10/2025,1,09/25/2025,01/16/2026 05:38:51,5
4520,US5NC2DB,View,1,09/10/2025,1,01/12/2026,01/16/2026 05:38:51,5
4521,US5NC2DC,View,1,09/10/2025,0,09/10/2025,01/16/2026 05:38:51,5
4522,US5NC2DD,View,1,11/25/2025,0,11/25/2025,01/16/2026 05:38:51,5
4523,US5NC2DE,View,1,11/25/2025,0,11/25/2025,01/16/2026 05:38:51,5
4524,US5NC2DF,View,1,11/25/2025,0,11/25/2025,01/16/2026 05:38:51,5
4525,US5NC2DG,View,1,12/11/2025,0,12/11/2025,01/16/2026 05:38:50,5
4526,US5NC2DH,View,1,12/11/2025,0,12/11/2025,01/16/2026 05:38:50,5
4527,US5NC2DY,View,1,09/10/2025,0,09/10/2025,01/16/2026 05:38:50,5
4528,US5NC2DZ,View,1,09/10/2025,0,09/10/2025,01/16/2026 05:38:50,5
4529,US5NC2EA,View,1,09/10/2025,0,09/10/2025,01/16/2026 05:38:50,5
4530,US5NC2EB,View,1,09/10/2025,0,09/10/2025,01/16/2026 05:38:49,5
4531,US5NC2EC,View,1,09/10/2025,0,09/10/2025,01/16/2026 05:38:49,5
4532,US5NC2EE,View,1,11/25/2025,0,11/25/2025,01/16/2026 05:38:49,5
4533,US5NC2EF,View,1,11/25/2025,0,11/25/2025,01/16/2026 05:38:49,5
4534,US5NC2EG,View,1,12/11/2025,0,12/11/2025,01/16/2026 05:38:49,5
4535,US5NC2EH,View,1,12/11/2025,0,12/11/2025,01/16/2026 05:38:49,5
4536,US5NC2EZ,View,1,09/10/2025,0,09/10/2025,01/16/2026 05:38:49,5
4537,US5NC2FA,View,1,09/10/2025,0,09/10/2025,01/16/2026 05:38:48,5
4538,US5NC2FF,View,1,12/11/2025,0,12/11/2025,01/16/2026 05:38:48,5
4539,US5NC2FG,View,1,12/11/2025,1,12/18/2025,01/16/2026 05:38:48,5
4540,US5NC2FH,View,1,12/11/2025,1,12/18/2025,01/16/2026 05:38:48,5
4541,US5NC2FZ,View,1,09/10/2025,0,09/10/2025,01/16/2026 05:38:48,5
4542,US5NC2GE,View,1,06/30/2025,0,06/30/2025,01/16/2026 05:38:48,5
4543,US5NC2GF,View,1,09/10/2025,0,09/10/2025,01/16/2026 05:38:47,5
4544,US5NC2GG,View,1,09/10/2025,0,09/10/2025,01/16/2026 05:38:47,5
4545,US5NC2GH,View,1,09/10/2025,0,09/10/2025,01/16/2026 05:38:47,5
4546,US5NC2HB,View,1,06/30/2025,0,06/30/2025,01/16/2026 05:38:47,5
4547,US5NC2HD,View,1,06/30/2025,0,06/30/2025,01/16/2026 05:38:47,5
4548,US5NC2HE,View,1,06/30/2025,0,06/30/2025,01/16/2026 05:38:47,5
4549,US5NC2HF,View,1,09/10/2025,0,09/10/2025,01/16/2026 05:38:47,5
4550,US5NC2HG,View,1,09/10/2025,0,09/10/2025,01/16/2026 05:38:46,5
4551,US5NC2HH,View,1,09/10/2025,0,09/10/2025,01/16/2026 05:38:46,5
4552,US5NC2IB,View,1,06/30/2025,0,06/30/2025,01/16/2026 05:38:46,5
4553,US5NC2IC,View,1,06/30/2025,0,06/30/2025,01/16/2026 05:38:46,5
4554,US5NC2ID,View,1,06/30/2025,0,06/30/2025,01/16/2026 05:38:46,5
4555,US5NC2IE,View,1,06/30/2025,0,06/30/2025,01/16/2026 05:38:46,5
4556,US5NC2IF,View,1,09/10/2025,0,09/10/2025,01/16/2026 05:38:46,5
4557,US5NC2IG,View,1,09/10/2025,0,09/10/2025,01/16/2026 05:38:45,5
4558,US5NC2IH,View,1,09/10/2025,0,09/10/2025,01/16/2026 05:38:45,5
4559,US5NC2JA,View,1,06/30/2025,0,06/30/2025,01/16/2026 05:38:45,5
4560,US5NC2JB,View,1,06/30/2025,0,06/30/2025,01/16/2026 05:38:45,5
4561,US5NC2JC,View,1,06/30/2025,0,06/30/2025,01/16/2026 05:38:45,5
4562,US5NC2JD,View,1,06/30/2025,1,09/04/2025,01/16/2026 05:38:45,5
4563,US5NC2JE,View,1,06/30/2025,0,06/30/2025,01/16/2026 05:38:45,5
4564,US5NC2JF,View,1,09/10/2025,0,09/10/2025,01/16/2026 05:38:44,5
4565,US5NC2JG,View,1,09/10/2025,0,09/10/2025,01/16/2026 05:38:44,5
4566,US5NC2JH,View,1,09/10/2025,0,09/10/2025,01/16/2026 05:38:44,5
4567,US5NC2JI,View,1,11/18/2025,0,11/18/2025,01/16/2026 05:38:44,5
4568,US5NC2KA,View,1,06/30/2025,0,06/30/2025,01/16/2026 05:38:44,5
4569,US5NC2KF,View,1,09/10/2025,0,09/10/2025,01/16/2026 05:38:44,5
4570,US5NC2KG,View,1,09/10/2025,0,09/10/2025,01/16/2026 05:38:44,5
4571,US5NC2KH,View,1,09/10/2025,0,09/10/2025,01/16/2026 05:38:44,5
4572,US5NC2KI,View,1,11/18/2025,0,11/18/2025,01/16/2026 05:38:44,5
4573,US5NC2KJ,View,1,11/18/2025,0,11/18/2025,01/16/2026 05:38:43,5
4574,US5NC2KK,View,1,11/18/2025,0,11/18/2025,01/16/2026 05:38:43,5
4575,US5NC2KL,View,1,11/18/2025,0,11/18/2025,01/16/2026 05:38:43,5
4576,US5NC2KM,View,1,11/18/2025,0,11/18/2025,01/16/2026 05:38:43,5
4577,US5NC2LM,View,1,11/18/2025,0,11/18/2025,01/16/2026 05:38:43,5
4578,US5NC2LN,View,1,11/18/2025,0,11/18/2025,01/16/2026 05:38:43,5
4579,US5NC2LO,View,1,11/18/2025,0,11/18/2025,01/16/2026 05:38:43,5
4580,US5NC2MN,View,1,11/18/2025,0,11/18/2025,01/16/2026 05:38:43,5
4581,US5NC2MO,View,1,11/18/2025,0,11/18/2025,01/16/2026 05:38:42,5
4582,US5NC2NN,View,1,11/18/2025,0,11/18/2025,01/16/2026 05:38:42,5
4583,US5NC2NO,View,1,11/18/2025,0,11/18/2025,01/16/2026 05:38:42,5
4584,US5NC2OE,View,1,02/05/2025,0,02/05/2025,01/16/2026 05:38:42,5
4585,US5NC2OF,View,1,02/05/2025,0,02/05/2025,01/16/2026 05:38:42,5
4586,US5NC2OG,View,1,02/05/2025,0,02/05/2025,01/16/2026 05:38:42,5
4587,US5NC2OJ,View,1,12/03/2024,0,12/03/2024,01/16/2026 05:38:42,5
4588,US5NC2OK,View,1,12/03/2024,0,12/03/2024,01/16/2026 05:38:41,5
4589,US5NC2OL,View,1,02/19/2025,0,02/19/2025,01/16/2026 05:38:41,5
4590,US5NC2ON,View,1,02/19/2025,0,02/19/2025,01/16/2026 05:38:41,5
4591,US5NC2OO,View,1,11/18/2025,0,11/18/2025,01/16/2026 05:38:41,5
4592,US5NC2OP,View,1,11/18/2025,0,11/18/2025,01/16/2026 05:38:41,5
4593,US5NC2PE,View,1,02/05/2025,0,02/05/2025,01/16/2026 05:38:41,5
4594,US5NC2PF,View,1,02/05/2025,0,02/05/2025,01/16/2026 05:38:41,5
4595,US5NC2PG,View,1,02/05/2025,1,03/31/2025,01/16/2026 05:38:41,5
4596,US5NC2PH,View,1,02/05/2025,0,02/05/2025,01/16/2026 05:38:40,5
4597,US5NC2PI,View,1,12/03/2024,0,12/03/2024,01/16/2026 05:38:40,5
4598,US5NC2PJ,View,1,12/03/2024,0,12/03/2024,01/16/2026 05:38:40,5
4599,US5NC2PK,View,1,12/03/2024,0,12/03/2024,01/16/2026 05:38:40,5
4600,US5NC2PL,View,1,02/19/2025,0,02/19/2025,01/16/2026 05:38:40,5
4601,US5NC2PM,View,1,02/19/2025,0,02/19/2025,01/16/2026 05:38:40,5
4602,US5NC2PN,View,1,02/19/2025,0,02/19/2025,01/16/2026 05:38:40,5
4603,US5NC2PO,View,1,11/18/2025,0,11/18/2025,01/16/2026 05:38:40,5
4604,US5NC2PP,View,1,11/18/2025,0,11/18/2025,01/16/2026 05:38:40,5
4605,US5NC2QE,View,1,02/05/2025,0,02/05/2025,01/16/2026 05:38:39,5
4606,US5NC2QF,View,1,02/05/2025,0,02/05/2025,01/16/2026 05:38:39,5
4607,US5NC2QG,View,1,02/05/2025,0,02/05/2025,01/16/2026 05:38:39,5
4608,US5NC2QH,View,1,02/05/2025,0,02/05/2025,01/16/2026 05:38:39,5
4609,US5NC2QI,View,1,12/03/2024,0,12/03/2024,01/16/2026 05:38:39,5
4610,US5NC2QJ,View,1,12/03/2024,0,12/03/2024,01/16/2026 05:38:39,5
4611,US5NC2QK,View,1,12/03/2024,0,12/03/2024,01/16/2026 05:38:39,5
4612,US5NC2QL,View,1,02/19/2025,0,02/19/2025,01/16/2026 05:38:38,5
4613,US5NC2QM,View,1,02/19/2025,0,02/19/2025,01/16/2026 05:38:38,5
4614,US5NC2QN,View,1,02/19/2025,0,02/19/2025,01/16/2026 05:38:38,5
4615,US5NC2QO,View,1,11/18/2025,0,11/18/2025,01/16/2026 05:38:38,5
4616,US5NC2QP,View,1,11/18/2025,0,11/18/2025,01/16/2026 05:38:38,5
4617,US5NC2QR,View,1,08/15/2025,0,08/15/2025,01/16/2026 05:38:38,5
4618,US5NC2QS,View,1,08/15/2025,0,08/15/2025,01/16/2026 05:38:38,5
4619,US5NC2RE,View,1,02/05/2025,0,02/05/2025,01/16/2026 05:38:38,5
4620,US5NC2RF,View,1,02/05/2025,0,02/05/2025,01/16/2026 05:38:37,5
4621,US5NC2RG,View,1,02/05/2025,0,02/05/2025,01/16/2026 05:38:37,5
4622,US5NC2RI,View,1,12/03/2024,0,12/03/2024,01/16/2026 05:38:37,5
4623,US5NC2RJ,View,1,12/03/2024,0,12/03/2024,01/16/2026 05:38:37,5
4624,US5NC2RK,View,1,12/03/2024,0,12/03/2024,01/16/2026 05:38:37,5
4625,US5NC2RL,View,1,02/19/2025,0,02/19/2025,01/16/2026 05:38:37,5
4626,US5NC2RM,View,1,02/19/2025,0,02/19/2025,01/16/2026 05:38:37,5
4627,US5NC2RN,View,1,02/19/2025,0,02/19/2025,01/16/2026 05:38:37,5
4628,US5NC2RO,View,1,05/22/2025,0,05/22/2025,01/16/2026 05:38:36,5
4629,US5NC2RP,View,1,11/18/2025,0,11/18/2025,01/16/2026 05:38:36,5
4630,US5NC2SE,View,1,02/04/2025,0,02/04/2025,01/16/2026 05:38:36,5
4631,US5NC2SF,View,1,02/04/2025,0,02/04/2025,01/16/2026 05:38:36,5
4632,US5NC2SI,View,1,12/03/2024,0,12/03/2024,01/16/2026 05:38:36,5
4633,US5NC2SJ,View,1,12/03/2024,0,12/03/2024,01/16/2026 05:38:36,5
4634,US5NC2SK,View,1,12/03/2024,0,12/03/2024,01/16/2026 05:38:36,5
4635,US5NC2SL,View,1,02/19/2025,0,02/19/2025,01/16/2026 05:38:36,5
4636,US5NC2SM,View,1,02/19/2025,0,02/19/2025,01/16/2026 05:38:35,5
4637,US5NC2SN,View,1,02/19/2025,0,02/19/2025,01/16/2026 05:38:35,5
4638,US5NC2SO,View,1,05/22/2025,0,05/22/2025,01/16/2026 05:38:35,5
4639,US5NC2SP,View,1,05/22/2025,0,05/22/2025,01/16/2026 05:38:35,5
4640,US5NC2TE,View,1,02/04/2025,0,02/04/2025,01/16/2026 05:38:35,5
4641,US5NC2TF,View,1,02/04/2025,0,02/04/2025,01/16/2026 05:38:35,5
4642,US5NC2TL,View,1,11/08/2024,0,11/08/2024,01/16/2026 05:38:34,5
4643,US5NC2TM,View,1,11/08/2024,1,09/22/2025,01/16/2026 05:38:34,5
4644,US5NC2TN,View,1,11/08/2024,0,11/08/2024,01/16/2026 05:38:34,5
4645,US5NC2TO,View,1,05/22/2025,0,05/22/2025,01/16/2026 05:38:34,5
4646,US5NC2TP,View,1,05/22/2025,0,05/22/2025,01/16/2026 05:38:34,5
4647,US5NC2UD,View,1,02/04/2025,0,02/04/2025,01/16/2026 05:38:34,5
4648,US5NC2UE,View,1,02/04/2025,0,02/04/2025,01/16/2026 05:38:33,5
4649,US5NC2UF,View,1,02/04/2025,0,02/04/2025,01/16/2026 05:38:33,5
4650,US5NC2UL,View,1,11/08/2024,0,11/08/2024,01/16/2026 05:38:33,5
4651,US5NC2UM,View,1,11/08/2024,0,11/08/2024,01/16/2026 05:38:33,5
4652,US5NC2UO,View,1,05/22/2025,0,05/22/2025,01/16/2026 05:38:33,5
4653,US5NC2UP,View,1,05/22/2025,0,05/22/2025,01/16/2026 05:38:33,5
4654,US5NC2VB,View,1,03/10/2025,0,03/10/2025,01/16/2026 05:38:32,5
4655,US5NC2VC,View,1,03/10/2025,0,03/10/2025,01/16/2026 05:38:32,5
4656,US5NC2VD,View,1,03/10/2025,0,03/10/2025,01/16/2026 05:38:32,5
4657,US5NC2VE,View,1,03/10/2025,0,03/10/2025,01/16/2026 05:38:32,5
4658,US5NC2VK,View,1,11/08/2024,0,11/08/2024,01/16/2026 05:38:32,5
4659,US5NC2VL,View,1,11/08/2024,0,11/08/2024,01/16/2026 05:38:32,5
4660,US5NC2VO,View,1,05/22/2025,0,05/22/2025,01/16/2026 05:38:31,5
4661,US5NC2VP,View,1,05/22/2025,0,05/22/2025,01/16/2026 05:38:31,5
4662,US5NC2WB,View,1,03/10/2025,0,03/10/2025,01/16/2026 05:38:31,5
4663,US5NC2WC,View,1,03/10/2025,0,03/10/2025,01/16/2026 05:38:31,5
4664,US5NC2WJ,View,1,11/08/2024,0,11/08/2024,01/16/2026 05:38:31,5
4665,US5NC2WK,View,1,11/08/2024,0,11/08/2024,01/16/2026 05:38:31,5
4666,US5NC2WO,View,1,03/13/2025,0,03/13/2025,01/16/2026 05:38:30,5
4667,US5NC2WP,View,1,03/13/2025,0,03/13/2025,01/16/2026 05:38:30,5
4668,US5NC51M,View,61,12/11/2025,0,12/11/2025,01/16/2026 05:38:30,5
4669,US5NC52M,View,21,12/11/2025,0,12/11/2025,01/16/2026 05:38:30,5
4670,US5NC53M,View,53,05/14/2025,11,12/12/2025,01/16/2026 05:38:30,5
4671,US5NC54M,View,26,11/18/2025,0,11/18/2025,01/16/2026 05:38:29,5
4672,US5NH1AD,View,3,02/10/2025,0,02/10/2025,01/16/2026 05:38:29,1
4673,US5NH1AE,View,2,02/10/2025,0,02/10/2025,01/16/2026 05:38:29,1
4674,US5NH1AF,View,2,02/10/2025,0,02/10/2025,01/16/2026 05:38:29,1
4675,US5NH1AG,View,2,02/10/2025,0,02/10/2025,01/16/2026 05:38:28,1
4676,US5NH1BB,View,2,02/11/2025,0,02/11/2025,01/16/2026 05:38:28,1
4677,US5NH1BC,View,3,02/11/2025,0,02/11/2025,01/16/2026 05:38:28,1
4678,US5NH1CC,View,4,02/11/2025,0,02/11/2025,01/16/2026 05:38:28,1
4679,US5NH1CD,View,3,02/12/2025,0,02/12/2025,01/16/2026 05:38:28,1
4680,US5NH1DC,View,2,02/11/2025,0,02/11/2025,01/16/2026 05:38:27,1
4681,US5NH1DD,View,2,02/12/2025,1,09/05/2025,01/16/2026 05:38:27,1
4682,US5NJ1AA,View,2,12/03/2025,0,12/03/2025,01/16/2026 05:38:27,5
4683,US5NJ1AB,View,2,12/03/2025,0,12/03/2025,01/16/2026 05:38:27,5
4684,US5NJ1AC,View,1,03/12/2024,0,03/12/2024,01/16/2026 05:38:27,5
4685,US5NJ1AD,View,1,03/12/2024,0,03/12/2024,01/16/2026 05:38:26,5
4686,US5NJ1BA,View,3,11/20/2025,0,11/20/2025,01/16/2026 05:38:26,5
4687,US5NJ1BB,View,3,06/13/2024,2,10/03/2025,01/16/2026 05:38:26,5
4688,US5NJ1BC,View,1,06/07/2024,3,10/03/2025,01/16/2026 05:38:26,5
4689,US5NJ1BD,View,1,06/07/2024,0,06/07/2024,01/16/2026 05:38:26,5
4690,US5NJ1CB,View,1,06/07/2024,1,09/22/2025,01/16/2026 05:38:26,5
4691,US5NJ1CC,View,1,06/07/2024,5,10/03/2025,01/16/2026 05:38:25,5
4692,US5NJ1CD,View,1,06/07/2024,0,06/07/2024,01/16/2026 05:38:25,5
4693,US5NJ1DC,View,1,06/07/2024,0,06/07/2024,01/16/2026 05:38:25,5
4694,US5NJ1DD,View,1,06/07/2024,1,12/01/2025,01/16/2026 05:38:25,5
4695,US5NJ1DE,View,1,06/07/2024,1,12/01/2025,01/16/2026 05:38:25,5
4696,US5NJ1ED,View,1,10/11/2024,0,10/11/2024,01/16/2026 05:38:24,5
4697,US5NJ1EE,View,1,10/11/2024,0,10/11/2024,01/16/2026 05:38:24,5
4698,US5NJ1EF,View,1,10/11/2024,0,10/11/2024,01/16/2026 05:38:24,5
4699,US5NJ1FD,View,1,10/11/2024,0,10/11/2024,01/16/2026 05:38:24,5
4700,US5NJ1FE,View,1,10/11/2024,1,05/19/2025,01/16/2026 05:38:24,5
4701,US5NJ1FF,View,2,05/19/2025,1,07/29/2025,01/16/2026 05:38:24,5
4702,US5NJ1FG,View,1,10/11/2024,1,07/28/2025,01/16/2026 05:38:24,5
4703,US5NJ1FH,View,1,10/11/2024,0,10/11/2024,01/16/2026 05:38:24,5
4704,US5NJ1GD,View,1,10/11/2024,0,10/11/2024,01/16/2026 05:38:23,5
4705,US5NJ1GE,View,1,10/11/2024,0,10/11/2024,01/16/2026 05:38:23,5
4706,US5NJ1GF,View,1,10/11/2024,3,05/19/2025,01/16/2026 05:38:23,5
4707,US5NJ1GG,View,1,06/11/2024,4,08/07/2025,01/16/2026 05:38:23,5
4708,US5NJ1GH,View,1,06/11/2024,1,10/30/2024,01/16/2026 05:38:23,5
4709,US5NJ1GI,View,1,06/11/2024,1,10/30/2024,01/16/2026 05:38:22,5
4710,US5NJ1HD,View,1,10/11/2024,0,10/11/2024,01/16/2026 05:38:22,5
4711,US5NJ1HG,View,1,06/11/2024,0,06/11/2024,01/16/2026 05:38:22,5
4712,US5NJ1HH,View,1,06/11/2024,1,10/30/2024,01/16/2026 05:38:22,5
4713,US5NJ1HI,View,1,06/11/2024,1,05/14/2025,01/16/2026 05:38:22,5
4714,US5NJ1HJ,View,1,06/11/2024,0,06/11/2024,01/16/2026 05:38:22,5
4715,US5NJ1IH,View,1,08/16/2024,0,08/16/2024,01/16/2026 05:38:22,5
4716,US5NJ1II,View,1,08/16/2024,0,08/16/2024,01/16/2026 05:38:21,5
4717,US5NJ1IJ,View,1,08/16/2024,3,08/18/2025,01/16/2026 05:38:21,5
4718,US5NJ1IK,View,1,08/16/2024,0,08/16/2024,01/16/2026 05:38:21,5
4719,US5NJ1JG,View,1,08/16/2024,0,08/16/2024,01/16/2026 05:38:21,5
4720,US5NJ1JH,View,1,08/16/2024,0,08/16/2024,01/16/2026 05:38:21,5
4721,US5NJ1JI,View,1,08/16/2024,0,08/16/2024,01/16/2026 05:38:21,5
4722,US5NJ1JJ,View,1,08/16/2024,3,07/28/2025,01/16/2026 05:38:20,5
4723,US5NJ1JK,View,1,08/16/2024,0,08/16/2024,01/16/2026 05:38:20,5
4724,US5NJ1KJ,View,1,08/16/2024,0,08/16/2024,01/16/2026 05:38:20,5
4725,US5NJ1KK,View,1,03/22/2024,0,03/22/2024,01/16/2026 05:38:20,5
4726,US5NJ1KL,View,1,03/22/2024,0,03/22/2024,01/16/2026 05:38:20,5
4727,US5NJ1LK,View,1,03/22/2024,0,03/22/2024,01/16/2026 05:38:20,5
4728,US5NJ1LL,View,2,06/12/2025,1,01/06/2026,01/16/2026 05:38:19,5
4729,US5NJ1LM,View,1,03/22/2024,1,05/12/2025,01/16/2026 05:38:19,5
4730,US5NJ1MK,View,1,05/20/2024,0,05/20/2024,01/16/2026 05:38:19,5
4731,US5NJ1ML,View,2,05/12/2025,0,05/12/2025,01/16/2026 05:38:19,5
4732,US5NJ1MM,View,1,05/20/2024,2,05/12/2025,01/16/2026 05:38:19,5
4733,US5NJ1NK,View,1,05/20/2024,1,04/23/2025,01/16/2026 05:38:19,5
4734,US5NJ1NL,View,1,05/20/2024,1,04/24/2025,01/16/2026 05:38:18,5
4735,US5NJ1NM,View,1,05/20/2024,0,05/20/2024,01/16/2026 05:38:18,5
4736,US5NJ1OK,View,1,09/25/2024,1,05/02/2025,01/16/2026 05:38:18,5
4737,US5NJ1OL,View,1,09/25/2024,2,06/11/2025,01/16/2026 05:38:18,5
4738,US5NJ1OM,View,1,09/25/2024,1,04/23/2025,01/16/2026 05:38:18,5
4739,US5NJ1PL,View,1,09/25/2024,0,09/25/2024,01/16/2026 05:38:17,5
4740,US5NJ1PM,View,1,09/25/2024,0,09/25/2024,01/16/2026 05:38:17,5
4741,US5NJ1QL,View,1,07/30/2024,0,07/30/2024,01/16/2026 05:38:17,5
4742,US5NJ1QM,View,1,07/30/2024,2,08/21/2025,01/16/2026 05:38:17,5
4743,US5NJ1QN,View,1,07/30/2024,0,07/30/2024,01/16/2026 05:38:17,5
4744,US5NJ1RM,View,1,07/30/2024,0,07/30/2024,01/16/2026 05:38:16,5
4745,US5NJ1RN,View,1,07/30/2024,0,07/30/2024,01/16/2026 05:38:16,5
4746,US5NJ1SM,View,2,12/23/2025,0,12/23/2025,01/16/2026 05:38:16,5
4747,US5NJ1SN,View,4,12/23/2025,0,12/23/2025,01/16/2026 05:38:16,5
4748,US5NJ1TM,View,4,12/19/2025,0,12/19/2025,01/16/2026 05:38:16,5
4749,US5NJ1TN,View,6,12/19/2025,0,12/19/2025,01/16/2026 05:38:15,5
4750,US5NJ1UM,View,6,12/19/2025,0,12/19/2025,01/16/2026 05:38:15,1
4751,US5NJ1UN,View,8,12/19/2025,0,12/19/2025,01/16/2026 05:38:15,1
4752,US5NJ1UO,View,3,12/12/2025,0,12/12/2025,01/16/2026 05:38:15,1
4753,US5NJ1UP,View,3,12/12/2025,0,12/12/2025,01/16/2026 05:38:14,1
4754,US5NJ1UQ,View,3,12/12/2025,0,12/12/2025,01/16/2026 05:38:14,1
4755,US5NJ24M,View,23,10/11/2024,0,10/11/2024,01/16/2026 05:38:14,5
cxl,US5NJ30M,View,43,06/17/2025,1,09/16/2025,01/16/2026 05:38:14,"1, 5"
4756,US5NQKCD,View,2,08/14/2025,0,08/14/2025,01/16/2026 05:38:14,17
4757,US5NQKCE,View,2,05/01/2025,0,05/01/2025,01/16/2026 05:38:14,17
4758,US5NQKDD,View,1,11/07/2024,0,11/07/2024,01/16/2026 05:38:14,17
4759,US5NQKDE,View,1,11/07/2024,0,11/07/2024,01/16/2026 05:38:13,17
4760,US5NQKED,View,1,11/07/2024,0,11/07/2024,01/16/2026 05:38:13,17
4761,US5NQKEE,View,1,11/07/2024,0,11/07/2024,01/16/2026 05:38:13,17
4762,US5NQKFD,View,1,11/07/2024,0,11/07/2024,01/16/2026 05:38:13,17
4763,US5NQKFE,View,1,11/07/2024,0,11/07/2024,01/16/2026 05:38:13,17
4764,US5NQKGD,View,1,11/07/2024,0,11/07/2024,01/16/2026 05:38:13,17
4765,US5NQKIF,View,1,10/03/2024,0,10/03/2024,01/16/2026 05:38:13,17
4766,US5NY1AH,View,2,08/20/2025,0,08/20/2025,01/16/2026 05:38:13,1
4767,US5NY1AI,View,5,08/20/2025,1,09/29/2025,01/16/2026 05:38:12,1
4768,US5NY1AJ,View,4,08/20/2025,0,08/20/2025,01/16/2026 05:38:12,1
4769,US5NY1AK,View,3,08/25/2025,0,08/25/2025,01/16/2026 05:38:12,1
4770,US5NY1AL,View,4,08/25/2025,0,08/25/2025,01/16/2026 05:38:12,1
4771,US5NY1BE,View,12,11/25/2025,0,11/25/2025,01/16/2026 05:38:12,1
4772,US5NY1BF,View,6,11/25/2025,0,11/25/2025,01/16/2026 05:38:12,1
4773,US5NY1BG,View,10,11/25/2025,0,11/25/2025,01/16/2026 05:38:11,1
4774,US5NY1BH,View,5,08/20/2025,0,08/20/2025,01/16/2026 05:38:11,1
4775,US5NY1BI,View,10,09/29/2025,0,09/29/2025,01/16/2026 05:38:11,1
4776,US5NY1BJ,View,6,08/20/2025,1,09/29/2025,01/16/2026 05:38:11,1
4777,US5NY1BK,View,4,08/25/2025,0,08/25/2025,01/16/2026 05:38:10,1
4778,US5NY1BL,View,5,08/25/2025,0,08/25/2025,01/16/2026 05:38:10,1
4779,US5NY1CE,View,3,10/18/2021,2,08/28/2023,01/16/2026 05:38:10,1
4780,US5NY1CF,View,3,08/22/2025,0,08/22/2025,01/16/2026 05:38:10,1
4781,US5NY1CI,View,3,08/25/2025,0,08/25/2025,01/16/2026 05:38:10,1
4782,US5NY1CJ,View,4,08/25/2025,0,08/25/2025,01/16/2026 05:38:09,1
4783,US5NY1CK,View,4,08/25/2025,0,08/25/2025,01/16/2026 05:38:09,1
4784,US5NY1CL,View,5,08/25/2025,0,08/25/2025,01/16/2026 05:38:09,1
4785,US5NY1DE,View,7,10/16/2023,7,05/06/2025,01/16/2026 05:38:09,1
4786,US5NY1DF,View,6,08/26/2025,0,08/26/2025,01/16/2026 05:38:08,1
4787,US5NY1DG,View,4,08/26/2025,0,08/26/2025,01/16/2026 05:38:08,1
4788,US5NY1DH,View,3,08/26/2025,0,08/26/2025,01/16/2026 05:38:08,1
4789,US5NY1EI,View,3,08/21/2025,0,08/21/2025,01/16/2026 05:38:08,1
4790,US5NY1EJ,View,2,08/27/2025,0,08/27/2025,01/16/2026 05:38:08,1
4791,US5NY1EK,View,2,08/27/2025,0,08/27/2025,01/16/2026 05:38:07,1
4792,US5NY1FF,View,3,08/18/2025,0,08/18/2025,01/16/2026 05:38:07,1
4793,US5NY1FG,View,3,08/18/2025,0,08/18/2025,01/16/2026 05:38:07,1
4794,US5NY1FI,View,2,08/27/2025,0,08/27/2025,01/16/2026 05:38:07,1
4795,US5NY1FJ,View,3,08/27/2025,1,12/01/2025,01/16/2026 05:38:07,1
4796,US5NY1FK,View,2,08/27/2025,0,08/27/2025,01/16/2026 05:38:06,1
4797,US5NY1FL,View,2,08/27/2025,0,08/27/2025,01/16/2026 05:38:06,1
4798,US5NY1GG,View,2,08/18/2025,0,08/18/2025,01/16/2026 05:38:06,1
4799,US5NY22A,View,1,12/10/2024,0,12/10/2024,01/16/2026 05:38:06,9
4800,US5NY22M,View,7,12/20/2024,0,12/20/2024,01/16/2026 05:38:06,9
4801,US5NY23M,View,8,03/26/2025,0,03/26/2025,01/16/2026 05:38:05,9
4802,US5NY24M,View,7,03/10/2025,1,09/24/2025,01/16/2026 05:38:05,9
4803,US5NY25A,View,1,02/13/2025,0,02/13/2025,01/16/2026 05:38:05,9
4804,US5NY25M,View,9,02/13/2025,0,02/13/2025,01/16/2026 05:38:05,9
4805,US5NY29M,View,13,03/21/2025,1,09/10/2025,01/16/2026 05:38:04,9
4806,US5NY2BD,View,3,08/27/2025,0,08/27/2025,01/16/2026 05:38:04,1
4807,US5NY2CD,View,3,08/27/2025,0,08/27/2025,01/16/2026 05:38:04,1
4808,US5NY2CE,View,3,08/27/2025,0,08/27/2025,01/16/2026 05:38:04,1
4809,US5NY2CF,View,3,08/27/2025,0,08/27/2025,01/16/2026 05:38:04,1
4810,US5NY2DD,View,4,09/10/2025,0,09/10/2025,01/16/2026 05:38:03,1
4811,US5NY2DE,View,5,09/10/2025,1,09/22/2025,01/16/2026 05:38:03,1
4812,US5NY2DF,View,3,08/29/2025,0,08/29/2025,01/16/2026 05:38:03,1
4813,US5NY2DG,View,3,08/29/2025,0,08/29/2025,01/16/2026 05:38:03,1
4814,US5NY2DH,View,3,08/29/2025,0,08/29/2025,01/16/2026 05:38:03,1
4815,US5NY2ED,View,2,09/03/2025,0,09/03/2025,01/16/2026 05:38:02,1
4816,US5NY2EE,View,5,09/10/2025,0,09/10/2025,01/16/2026 05:38:02,1
4817,US5NY2EF,View,4,08/29/2025,0,08/29/2025,01/16/2026 05:38:02,1
4818,US5NY2EG,View,3,08/29/2025,0,08/29/2025,01/16/2026 05:38:02,1
4819,US5NY2EH,View,3,08/29/2025,0,08/29/2025,01/16/2026 05:38:02,1
4820,US5NY2EI,View,3,08/28/2025,0,08/28/2025,01/16/2026 05:38:02,1
4821,US5NY2EJ,View,3,08/28/2025,0,08/28/2025,01/16/2026 05:38:01,1
4822,US5NY2EK,View,3,08/28/2025,0,08/28/2025,01/16/2026 05:38:01,1
4823,US5NY2FD,View,3,09/03/2025,0,09/03/2025,01/16/2026 05:38:01,1
4824,US5NY2FE,View,2,09/03/2025,0,09/03/2025,01/16/2026 05:38:01,1
4825,US5NY2FF,View,2,08/29/2025,0,08/29/2025,01/16/2026 05:38:01,1
4826,US5NY2FG,View,2,08/29/2025,0,08/29/2025,01/16/2026 05:38:01,1
4827,US5NY2FH,View,2,08/29/2025,0,08/29/2025,01/16/2026 05:38:00,1
4828,US5NY2FI,View,3,08/29/2025,0,08/29/2025,01/16/2026 05:38:00,1
4829,US5NY2FJ,View,3,08/29/2025,0,08/29/2025,01/16/2026 05:38:00,1
4830,US5NY2FK,View,3,08/28/2025,0,08/28/2025,01/16/2026 05:38:00,1
4831,US5NY2FL,View,3,09/03/2025,0,09/03/2025,01/16/2026 05:38:00,1
4832,US5NY2FM,View,3,09/03/2025,0,09/03/2025,01/16/2026 05:38:00,1
4833,US5NY2FN,View,3,09/03/2025,0,09/03/2025,01/16/2026 05:37:59,1
4834,US5NY2GD,View,3,09/03/2025,0,09/03/2025,01/16/2026 05:37:59,1
4835,US5NY2GE,View,3,09/03/2025,0,09/03/2025,01/16/2026 05:37:59,1
4836,US5NY2GF,View,3,09/08/2025,0,09/08/2025,01/16/2026 05:37:59,1
4837,US5NY2GG,View,3,09/08/2025,1,12/05/2025,01/16/2026 05:37:59,1
4838,US5NY2GH,View,2,09/08/2025,0,09/08/2025,01/16/2026 05:37:58,1
4839,US5NY2GI,View,2,08/29/2025,0,08/29/2025,01/16/2026 05:37:58,1
4840,US5NY2GJ,View,3,08/29/2025,0,08/29/2025,01/16/2026 05:37:58,1
4841,US5NY2GK,View,3,09/09/2025,0,09/09/2025,01/16/2026 05:37:58,1
4842,US5NY2GL,View,4,09/03/2025,0,09/03/2025,01/16/2026 05:37:58,1
4843,US5NY2GM,View,4,09/03/2025,0,09/03/2025,01/16/2026 05:37:58,1
4844,US5NY2GN,View,3,09/03/2025,0,09/03/2025,01/16/2026 05:37:57,1
4845,US5NY2HD,View,3,09/09/2025,0,09/09/2025,01/16/2026 05:37:57,1
4846,US5NY2HE,View,3,09/09/2025,0,09/09/2025,01/16/2026 05:37:57,1
4847,US5NY2HF,View,3,09/08/2025,0,09/08/2025,01/16/2026 05:37:57,1
4848,US5NY2HG,View,3,09/08/2025,0,09/08/2025,01/16/2026 05:37:57,1
4849,US5NY2HH,View,3,09/08/2025,0,09/08/2025,01/16/2026 05:37:56,1
4850,US5NY2HI,View,3,09/15/2025,0,09/15/2025,01/16/2026 05:37:56,1
4851,US5NY2HJ,View,3,09/15/2025,0,09/15/2025,01/16/2026 05:37:56,1
4852,US5NY2HK,View,3,09/15/2025,0,09/15/2025,01/16/2026 05:37:56,1
4853,US5NY2HL,View,3,09/15/2025,0,09/15/2025,01/16/2026 05:37:56,1
4854,US5NY2HM,View,3,09/09/2025,0,09/09/2025,01/16/2026 05:37:55,1
4855,US5NY2HN,View,3,09/09/2025,0,09/09/2025,01/16/2026 05:37:55,1
4856,US5NY2IG,View,2,01/27/2022,0,01/27/2022,01/16/2026 05:37:55,1
4857,US5NY2IH,View,2,01/27/2022,1,04/25/2022,01/16/2026 05:37:55,1
4858,US5NY2II,View,3,09/15/2025,0,09/15/2025,01/16/2026 05:37:55,1
4859,US5NY2IJ,View,3,09/15/2025,0,09/15/2025,01/16/2026 05:37:55,1
4860,US5NY2IK,View,3,09/15/2025,0,09/15/2025,01/16/2026 05:37:54,1
4861,US5NY2IL,View,3,09/15/2025,0,09/15/2025,01/16/2026 05:37:54,1
4862,US5NY2IM,View,3,09/09/2025,0,09/09/2025,01/16/2026 05:37:54,1
4863,US5NY2JK,View,3,08/14/2025,1,12/30/2025,01/16/2026 05:37:54,1
4864,US5NY2JL,View,4,08/14/2025,0,08/14/2025,01/16/2026 05:37:54,1
4865,US5NY33M,View,9,03/10/2025,0,03/10/2025,01/16/2026 05:37:53,9
4866,US5NY3CK,View,2,12/20/2023,0,12/20/2023,01/16/2026 05:37:53,1
4867,US5NY3CL,View,2,12/20/2023,0,12/20/2023,01/16/2026 05:37:53,1
4868,US5NY3CM,View,2,12/20/2023,0,12/20/2023,01/16/2026 05:37:53,1
4869,US5NY3DD,View,2,12/20/2023,0,12/20/2023,01/16/2026 05:37:53,1
4870,US5NY3DE,View,2,12/20/2023,0,12/20/2023,01/16/2026 05:37:53,1
4871,US5NY3DJ,View,2,12/20/2023,0,12/20/2023,01/16/2026 05:37:53,1
4872,US5NY3DK,View,2,12/20/2023,0,12/20/2023,01/16/2026 05:37:52,1
4873,US5NY3DL,View,3,08/07/2024,0,08/07/2024,01/16/2026 05:37:52,1
4874,US5NY3DM,View,2,12/20/2023,0,12/20/2023,01/16/2026 05:37:52,1
4875,US5NY3DO,View,2,01/08/2026,0,01/08/2026,01/16/2026 05:37:52,1
4876,US5NY3EB,View,2,12/20/2023,0,12/20/2023,01/16/2026 05:37:52,1
4877,US5NY3EC,View,2,12/20/2023,0,12/20/2023,01/16/2026 05:37:52,1
4878,US5NY3ED,View,2,12/20/2023,0,12/20/2023,01/16/2026 05:37:52,1
4879,US5NY3EE,View,2,12/20/2023,0,12/20/2023,01/16/2026 05:37:51,1
4880,US5NY3EF,View,2,12/20/2023,0,12/20/2023,01/16/2026 05:37:51,1
4881,US5NY3EG,View,2,12/20/2023,1,07/14/2025,01/16/2026 05:37:51,1
4882,US5NY3EH,View,2,12/20/2023,0,12/20/2023,01/16/2026 05:37:51,1
4883,US5NY3EI,View,2,12/20/2023,0,12/20/2023,01/16/2026 05:37:51,1
4884,US5NY3EJ,View,2,12/20/2023,0,12/20/2023,01/16/2026 05:37:51,1
4885,US5NY3EO,View,2,01/08/2026,0,01/08/2026,01/16/2026 05:37:51,1
4886,US5NY3EP,View,2,01/08/2026,0,01/08/2026,01/16/2026 05:37:50,1
4887,US5NY3FA,View,2,12/20/2023,0,12/20/2023,01/16/2026 05:37:50,9
4888,US5NY3FB,View,2,12/20/2023,0,12/20/2023,01/16/2026 05:37:50,1
4889,US5NY3FP,View,2,01/08/2026,0,01/08/2026,01/16/2026 05:37:50,1
4890,US5NY3GP,View,2,01/07/2026,0,01/07/2026,01/16/2026 05:37:50,1
4891,US5NY3GQ,View,2,01/07/2026,0,01/07/2026,01/16/2026 05:37:50,1
4892,US5NY3HP,View,2,01/07/2026,0,01/07/2026,01/16/2026 05:37:50,1
4893,US5NY3IP,View,2,01/13/2026,0,01/13/2026,01/16/2026 05:37:50,1
4894,US5NY3IQ,View,2,01/13/2026,0,01/13/2026,01/16/2026 05:37:49,1
4895,US5NY3JQ,View,2,01/13/2026,0,01/13/2026,01/16/2026 05:37:49,1
4896,US5NY3JR,View,2,01/13/2026,0,01/13/2026,01/16/2026 05:37:49,1
4897,US5NY3KR,View,2,01/13/2026,0,01/13/2026,01/16/2026 05:37:49,1
4898,US5NY3LR,View,1,10/30/2023,0,10/30/2023,01/16/2026 05:37:49,1
4899,US5NY3LS,View,1,10/30/2023,0,10/30/2023,01/16/2026 05:37:49,1
4900,US5NY3MR,View,1,10/31/2023,0,10/31/2023,01/16/2026 05:37:49,1
4901,US5NY3MS,View,1,10/31/2023,0,10/31/2023,01/16/2026 05:37:48,1
4902,US5NY4AV,View,2,12/21/2023,0,12/21/2023,01/16/2026 05:37:48,9
4903,US5NY4AW,View,2,12/21/2023,0,12/21/2023,01/16/2026 05:37:48,9
4904,US5NY4AX,View,2,12/21/2023,0,12/21/2023,01/16/2026 05:37:48,9
4905,US5NY4AY,View,2,12/21/2023,0,12/21/2023,01/16/2026 05:37:48,9
4906,US5NY4AZ,View,2,12/21/2023,0,12/21/2023,01/16/2026 05:37:48,9
4907,US5NY4BT,View,2,12/21/2023,0,12/21/2023,01/16/2026 05:37:48,9
4908,US5NY4BU,View,2,12/21/2023,0,12/21/2023,01/16/2026 05:37:48,9
4909,US5NY4BV,View,2,12/21/2023,0,12/21/2023,01/16/2026 05:37:47,9
4910,US5NY4BW,View,2,12/21/2023,0,12/21/2023,01/16/2026 05:37:47,9
4911,US5NY4CN,View,2,12/21/2023,0,12/21/2023,01/16/2026 05:37:47,9
4912,US5NY4CR,View,2,12/21/2023,0,12/21/2023,01/16/2026 05:37:47,9
4913,US5NY4CS,View,2,12/21/2023,0,12/21/2023,01/16/2026 05:37:47,9
4914,US5NY4CT,View,2,12/21/2023,0,12/21/2023,01/16/2026 05:37:47,9
4915,US5NY4DN,View,2,12/21/2023,0,12/21/2023,01/16/2026 05:37:47,9
4916,US5NY4DO,View,2,12/21/2023,0,12/21/2023,01/16/2026 05:37:46,9
4917,US5NY4DP,View,2,12/21/2023,0,12/21/2023,01/16/2026 05:37:46,9
4918,US5NY4DQ,View,2,12/21/2023,0,12/21/2023,01/16/2026 05:37:46,9
4919,US5NY4DR,View,2,12/21/2023,0,12/21/2023,01/16/2026 05:37:46,9
4920,US5NY4LG,View,1,11/08/2024,0,11/08/2024,01/16/2026 05:37:46,9
4921,US5NY4LH,View,1,11/08/2024,0,11/08/2024,01/16/2026 05:37:46,9
4922,US5NY4MG,View,1,11/08/2024,0,11/08/2024,01/16/2026 05:37:46,9
4923,US5NY4MH,View,1,11/08/2024,0,11/08/2024,01/16/2026 05:37:45,9
4924,US5NY4MI,View,1,11/08/2024,0,11/08/2024,01/16/2026 05:37:45,9
4925,US5NY4NG,View,1,11/08/2024,0,11/08/2024,01/16/2026 05:37:45,9
4926,US5NY4NH,View,1,11/08/2024,0,11/08/2024,01/16/2026 05:37:45,9
4927,US5NY4NI,View,1,11/08/2024,0,11/08/2024,01/16/2026 05:37:45,9
4928,US5NY4OG,View,1,11/08/2024,0,11/08/2024,01/16/2026 05:37:45,9
4929,US5NY4OH,View,1,11/08/2024,1,08/01/2025,01/16/2026 05:37:45,9
4930,US5NY4OI,View,1,11/08/2024,0,11/08/2024,01/16/2026 05:37:44,9
4931,US5NY61M,View,7,07/08/2025,0,07/08/2025,01/16/2026 05:37:44,9
4932,US5NY62M,View,6,10/06/2021,9,10/22/2025,01/16/2026 05:37:44,9
4933,US5NY63M,View,9,10/06/2021,11,10/22/2025,01/16/2026 05:37:43,9
4934,US5NY64M,View,6,01/03/2022,9,10/15/2025,01/16/2026 05:37:43,9
4935,US5NY65M,View,8,09/18/2024,5,07/24/2025,01/16/2026 05:37:43,9
4936,US5NY6AP,View,2,12/21/2023,0,12/21/2023,01/16/2026 05:37:42,9
4937,US5NY6AQ,View,2,12/21/2023,0,12/21/2023,01/16/2026 05:37:42,9
4938,US5NY6AR,View,2,12/21/2023,0,12/21/2023,01/16/2026 05:37:42,9
4939,US5NY6BO,View,2,12/21/2023,0,12/21/2023,01/16/2026 05:37:42,9
4940,US5NY6BP,View,2,12/21/2023,0,12/21/2023,01/16/2026 05:37:42,9
4941,US5NY6BQ,View,2,12/21/2023,0,12/21/2023,01/16/2026 05:37:41,9
4942,US5NY6BR,View,2,12/21/2023,0,12/21/2023,01/16/2026 05:37:41,9
4943,US5NY6BS,View,2,12/21/2023,0,12/21/2023,01/16/2026 05:37:41,9
4944,US5NY6CO,View,2,12/21/2023,0,12/21/2023,01/16/2026 05:37:41,9
4945,US5NY6CP,View,2,12/21/2023,0,12/21/2023,01/16/2026 05:37:41,9
4946,US5NY6CQ,View,2,12/21/2023,0,12/21/2023,01/16/2026 05:37:41,9
4947,US5NY6CS,View,2,12/21/2023,0,12/21/2023,01/16/2026 05:37:40,9
4948,US5NY6CT,View,2,12/21/2023,0,12/21/2023,01/16/2026 05:37:40,9
4949,US5NY6CU,View,2,12/21/2023,0,12/21/2023,01/16/2026 05:37:40,9
4950,US5NY6CV,View,2,12/21/2023,0,12/21/2023,01/16/2026 05:37:40,9
4951,US5NY6CW,View,2,12/21/2023,0,12/21/2023,01/16/2026 05:37:40,9
4952,US5NY6CX,View,2,12/21/2023,0,12/21/2023,01/16/2026 05:37:40,9
4953,US5NY6CY,View,2,12/21/2023,0,12/21/2023,01/16/2026 05:37:39,9
4954,US5NY6CZ,View,2,12/21/2023,0,12/21/2023,01/16/2026 05:37:39,9
4955,US5NY6DF,View,1,07/01/2024,0,07/01/2024,01/16/2026 05:37:39,9
4956,US5NY6DG,View,1,07/01/2024,0,07/01/2024,01/16/2026 05:37:39,9
4957,US5NY6DH,View,1,07/01/2024,0,07/01/2024,01/16/2026 05:37:39,9
4958,US5NY6DU,View,2,12/21/2023,0,12/21/2023,01/16/2026 05:37:39,9
4959,US5NY6DV,View,2,12/21/2023,0,12/21/2023,01/16/2026 05:37:38,9
4960,US5NY6DW,View,2,12/21/2023,0,12/21/2023,01/16/2026 05:37:38,9
4961,US5NY6DX,View,2,12/21/2023,0,12/21/2023,01/16/2026 05:37:38,9
4962,US5NY6DY,View,2,12/21/2023,0,12/21/2023,01/16/2026 05:37:38,9
4963,US5NY6EF,View,1,07/01/2024,0,07/01/2024,01/16/2026 05:37:38,9
4964,US5NY6EG,View,1,07/01/2024,0,07/01/2024,01/16/2026 05:37:38,9
4965,US5NY6EH,View,1,07/01/2024,1,07/02/2025,01/16/2026 05:37:37,9
4966,US5NY6EW,View,2,12/21/2023,0,12/21/2023,01/16/2026 05:37:37,9
4967,US5NY6EX,View,2,12/21/2023,0,12/21/2023,01/16/2026 05:37:37,9
4968,US5NY6EY,View,2,12/21/2023,0,12/21/2023,01/16/2026 05:37:37,9
4969,US5NY6EZ,View,2,12/21/2023,1,01/06/2025,01/16/2026 05:37:37,9
4970,US5NY6FV,View,2,12/21/2023,0,12/21/2023,01/16/2026 05:37:36,9
4971,US5NY6FW,View,2,12/21/2023,0,12/21/2023,01/16/2026 05:37:36,9
4972,US5NY6GV,View,2,12/21/2023,0,12/21/2023,01/16/2026 05:37:36,9
4973,US5NY6HU,View,3,07/15/2025,2,11/12/2025,01/16/2026 05:37:36,9
4974,US5NY6HV,View,3,07/15/2025,0,07/15/2025,01/16/2026 05:37:35,9
4975,US5NY9AM,View,3,09/17/2025,0,09/17/2025,01/16/2026 05:37:35,1
4976,US5NY9AN,View,3,09/17/2025,0,09/17/2025,01/16/2026 05:37:35,1
4977,US5NY9AO,View,3,09/18/2025,0,09/18/2025,01/16/2026 05:37:35,1
4978,US5NY9AP,View,3,09/18/2025,0,09/18/2025,01/16/2026 05:37:35,1
4979,US5NY9AQ,View,3,09/18/2025,0,09/18/2025,01/16/2026 05:37:34,1
4980,US5NY9AR,View,3,09/18/2025,0,09/18/2025,01/16/2026 05:37:34,1
4981,US5NY9AS,View,3,09/19/2025,0,09/19/2025,01/16/2026 05:37:34,1
4982,US5NY9AT,View,3,09/19/2025,0,09/19/2025,01/16/2026 05:37:34,1
4983,US5NY9BM,View,7,09/17/2025,0,09/17/2025,01/16/2026 05:37:34,1
4984,US5NY9BN,View,4,09/17/2025,1,11/26/2025,01/16/2026 05:37:34,1
4985,US5NY9BO,View,4,09/18/2025,1,11/26/2025,01/16/2026 05:37:33,1
4986,US5NY9BP,View,3,09/18/2025,0,09/18/2025,01/16/2026 05:37:33,1
4987,US5NY9BQ,View,3,09/18/2025,0,09/18/2025,01/16/2026 05:37:33,1
4988,US5NY9BR,View,3,09/18/2025,0,09/18/2025,01/16/2026 05:37:33,1
4989,US5NY9BS,View,3,09/19/2025,0,09/19/2025,01/16/2026 05:37:33,1
4990,US5NY9BT,View,3,09/19/2025,0,09/19/2025,01/16/2026 05:37:32,1
4991,US5NY9CM,View,4,09/22/2025,0,09/22/2025,01/16/2026 05:37:32,1
4992,US5NY9CN,View,4,09/22/2025,0,09/22/2025,01/16/2026 05:37:32,1
4993,US5NY9CO,View,7,11/26/2025,0,11/26/2025,01/16/2026 05:37:32,1
4994,US5NY9CP,View,4,09/23/2025,1,11/26/2025,01/16/2026 05:37:32,1
4995,US5NY9CQ,View,3,09/23/2025,0,09/23/2025,01/16/2026 05:37:31,1
4996,US5NY9CR,View,4,09/24/2025,0,09/24/2025,01/16/2026 05:37:31,1
4997,US5NY9CS,View,3,09/24/2025,0,09/24/2025,01/16/2026 05:37:31,1
4998,US5NY9CT,View,3,11/26/2025,0,11/26/2025,01/16/2026 05:37:31,1
4999,US5NY9CU,View,3,11/26/2025,0,11/26/2025,01/16/2026 05:37:31,1
5000,US5NY9CV,View,3,11/26/2025,0,11/26/2025,01/16/2026 05:37:30,1
5001,US5NY9DN,View,3,09/22/2025,0,09/22/2025,01/16/2026 05:37:30,1
5002,US5NY9DO,View,3,09/22/2025,0,09/22/2025,01/16/2026 05:37:30,1
5003,US5NY9DP,View,3,09/23/2025,0,09/23/2025,01/16/2026 05:37:30,1
5004,US5NY9DQ,View,4,09/23/2025,0,09/23/2025,01/16/2026 05:37:30,1
5005,US5NY9DR,View,4,09/24/2025,0,09/24/2025,01/16/2026 05:37:30,1
5006,US5NY9DS,View,5,09/24/2025,0,09/24/2025,01/16/2026 05:37:29,1
5007,US5NY9DT,View,8,09/29/2025,0,09/29/2025,01/16/2026 05:37:29,1
5008,US5NY9DU,View,5,09/25/2025,1,09/29/2025,01/16/2026 05:37:29,1
5009,US5NY9DV,View,4,12/03/2025,0,12/03/2025,01/16/2026 05:37:29,1
5010,US5NY9ES,View,3,09/24/2025,0,09/24/2025,01/16/2026 05:37:29,1
5011,US5NY9ET,View,3,09/25/2025,0,09/25/2025,01/16/2026 05:37:28,1
5012,US5NY9EU,View,4,09/25/2025,0,09/25/2025,01/16/2026 05:37:28,1
5013,US5NY9EV,View,4,12/03/2025,0,12/03/2025,01/16/2026 05:37:28,1
5014,US5NY9FM,View,2,12/05/2025,0,12/05/2025,01/16/2026 05:37:28,1
5015,US5NY9FN,View,4,12/05/2025,0,12/05/2025,01/16/2026 05:37:28,1
5016,US5NY9FO,View,3,12/05/2025,0,12/05/2025,01/16/2026 05:37:28,1
5017,US5NY9FV,View,2,12/03/2025,0,12/03/2025,01/16/2026 05:37:27,1
5018,US5NY9GM,View,2,12/05/2025,0,12/05/2025,01/16/2026 05:37:27,1
5019,US5NY9GN,View,3,12/05/2025,0,12/05/2025,01/16/2026 05:37:27,1
5020,US5NY9GO,View,3,12/05/2025,0,12/05/2025,01/16/2026 05:37:27,1
5021,US5NY9GQ,View,4,12/09/2025,0,12/09/2025,01/16/2026 05:37:27,1
5022,US5NY9GR,View,3,12/22/2025,0,12/22/2025,01/16/2026 05:37:26,1
5023,US5NY9GS,View,3,12/22/2025,0,12/22/2025,01/16/2026 05:37:26,1
5024,US5NY9GT,View,3,12/10/2025,0,12/10/2025,01/16/2026 05:37:26,1
5025,US5NY9GU,View,3,12/10/2025,0,12/10/2025,01/16/2026 05:37:26,1
5026,US5NY9GV,View,3,12/10/2025,0,12/10/2025,01/16/2026 05:37:26,1
5027,US5NY9HO,View,3,12/09/2025,0,12/09/2025,01/16/2026 05:37:25,1
5028,US5NY9HP,View,3,12/09/2025,0,12/09/2025,01/16/2026 05:37:25,1
5029,US5NY9HQ,View,4,12/09/2025,0,12/09/2025,01/16/2026 05:37:25,1
5030,US5NY9HR,View,3,12/22/2025,0,12/22/2025,01/16/2026 05:37:25,1
5031,US5NY9HS,View,3,12/22/2025,0,12/22/2025,01/16/2026 05:37:25,1
5032,US5NY9HT,View,3,12/10/2025,0,12/10/2025,01/16/2026 05:37:24,1
5033,US5NY9HU,View,3,12/10/2025,0,12/10/2025,01/16/2026 05:37:24,1
5034,US5NY9HV,View,2,12/10/2025,0,12/10/2025,01/16/2026 05:37:24,1
5035,US5NYC1J,View,3,05/22/2024,0,05/22/2024,01/16/2026 05:37:24,1
5036,US5NYC2J,View,2,09/28/2022,4,05/22/2024,01/16/2026 05:37:24,1
5037,US5NYC3J,View,3,09/28/2022,3,05/22/2024,01/16/2026 05:37:23,1
5038,US5NYC4J,View,4,05/22/2024,0,05/22/2024,01/16/2026 05:37:23,1
5039,US5NYC4K,View,2,09/28/2022,1,05/22/2024,01/16/2026 05:37:23,1
5040,US5NYC5K,View,2,09/29/2022,1,05/22/2024,01/16/2026 05:37:23,1
5041,US5NYC6J,View,2,12/21/2023,0,12/21/2023,01/16/2026 05:37:23,1
5042,US5NYC6K,View,2,12/21/2023,2,06/25/2025,01/16/2026 05:37:22,1
5043,US5NYCAB,View,5,01/02/2026,0,01/02/2026,01/16/2026 05:37:22,1
5044,US5NYCAC,View,13,01/02/2026,0,01/02/2026,01/16/2026 05:37:22,1
5045,US5NYCAD,View,10,01/06/2026,0,01/06/2026,01/16/2026 05:37:22,1
5046,US5NYCAE,View,4,01/06/2026,0,01/06/2026,01/16/2026 05:37:21,1
5047,US5NYCAF,View,5,12/30/2025,0,12/30/2025,01/16/2026 05:37:21,1
5048,US5NYCAG,View,12,12/30/2025,0,12/30/2025,01/16/2026 05:37:21,1
5049,US5NYCAH,View,4,12/30/2025,0,12/30/2025,01/16/2026 05:37:21,1
5050,US5NYCAI,View,3,12/12/2025,0,12/12/2025,01/16/2026 05:37:21,1
5051,US5NYCAJ,View,3,12/12/2025,0,12/12/2025,01/16/2026 05:37:20,1
5052,US5NYCBB,View,2,01/02/2026,0,01/02/2026,01/16/2026 05:37:20,1
5053,US5NYCBC,View,9,01/02/2026,0,01/02/2026,01/16/2026 05:37:20,1
5054,US5NYCBD,View,7,01/06/2026,0,01/06/2026,01/16/2026 05:37:20,1
5055,US5NYCBE,View,9,01/06/2026,0,01/06/2026,01/16/2026 05:37:20,1
5056,US5NYCBF,View,3,12/30/2025,0,12/30/2025,01/16/2026 05:37:19,1
5057,US5NYCBG,View,8,12/30/2025,0,12/30/2025,01/16/2026 05:37:19,1
5058,US5NYCBH,View,10,12/30/2025,0,12/30/2025,01/16/2026 05:37:19,1
5059,US5NYCBI,View,7,12/12/2025,0,12/12/2025,01/16/2026 05:37:19,1
5060,US5NYCBJ,View,5,12/12/2025,0,12/12/2025,01/16/2026 05:37:19,1
5061,US5NYCCD,View,5,05/13/2022,9,12/22/2025,01/16/2026 05:37:18,1
5062,US5NYCCE,View,10,12/22/2025,0,12/22/2025,01/16/2026 05:37:18,1
5063,US5NYCCF,View,9,08/06/2025,3,01/12/2026,01/16/2026 05:37:18,1
5064,US5NYCCG,View,6,07/13/2022,6,01/12/2026,01/16/2026 05:37:18,1
5065,US5NYCDD,View,1,01/31/2020,0,01/31/2020,01/16/2026 05:37:17,1
5066,US5NYCDE,View,8,08/06/2025,1,12/22/2025,01/16/2026 05:37:17,1
5067,US5NYCDF,View,13,06/16/2025,3,08/06/2025,01/16/2026 05:37:17,1
5068,US5NYCDG,View,10,09/30/2025,0,09/30/2025,01/16/2026 05:37:17,1
5069,US5NYCEE,View,3,01/24/2022,7,04/30/2025,01/16/2026 05:37:16,1
5070,US5NYCEF,View,6,06/16/2025,0,06/16/2025,01/16/2026 05:37:16,1
5071,US5NYCEG,View,13,06/16/2025,4,01/08/2026,01/16/2026 05:37:16,1
5072,US5NYCFE,View,1,05/28/2020,0,05/28/2020,01/16/2026 05:37:16,1
5073,US5NYCFF,View,2,07/13/2020,0,07/13/2020,01/16/2026 05:37:16,1
5074,US5NYCFG,View,9,06/09/2025,1,07/01/2025,01/16/2026 05:37:15,1
5075,US5NYCFH,View,10,11/05/2025,0,11/05/2025,01/16/2026 05:37:15,1
5076,US5NYCFI,View,5,11/15/2024,3,10/01/2025,01/16/2026 05:37:15,1
5077,US5NYCFJ,View,6,08/14/2025,1,10/22/2025,01/16/2026 05:37:14,1
5078,US5NYCGF,View,1,07/22/2020,0,07/22/2020,01/16/2026 05:37:14,1
5079,US5NYCGH,View,3,07/13/2022,2,11/05/2025,01/16/2026 05:37:14,1
5080,US5NYCHH,View,4,11/18/2021,1,04/15/2025,01/16/2026 05:37:14,1
5081,US5NYCIH,View,4,09/03/2021,8,07/21/2025,01/16/2026 05:37:13,1
5082,US5NYCII,View,3,01/21/2022,4,07/21/2025,01/16/2026 05:37:13,1
5083,US5NYCJH,View,2,10/14/2021,6,11/18/2025,01/16/2026 05:37:13,1
5084,US5NYCJI,View,1,11/23/2020,0,11/23/2020,01/16/2026 05:37:12,1
5085,US5NYCKG,View,2,10/14/2021,7,04/15/2025,01/16/2026 05:37:12,1
5086,US5NYCKH,View,2,10/14/2021,1,09/20/2024,01/16/2026 05:37:12,1
5087,US5NYCKI,View,1,11/23/2020,0,11/23/2020,01/16/2026 05:37:12,1
5088,US5NYCLG,View,4,10/14/2021,4,11/05/2025,01/16/2026 05:37:11,1
5089,US5NYCLH,View,2,05/11/2021,0,05/11/2021,01/16/2026 05:37:11,1
5090,US5NYCMG,View,2,10/14/2021,1,04/15/2025,01/16/2026 05:37:11,1
5091,US5NYCMH,View,3,04/15/2025,0,04/15/2025,01/16/2026 05:37:11,1
5092,US5NYCNG,View,3,10/14/2021,2,04/15/2025,01/16/2026 05:37:10,1
5093,US5NYCNH,View,1,02/11/2021,0,02/11/2021,01/16/2026 05:37:10,1
5094,US5NYCOG,View,3,10/14/2021,3,04/15/2025,01/16/2026 05:37:10,1
5095,US5NYCPG,View,3,10/14/2021,2,04/15/2025,01/16/2026 05:37:10,1
5096,US5NYCPH,View,3,04/15/2025,0,04/15/2025,01/16/2026 05:37:09,1
5097,US5NYCQG,View,1,03/01/2021,1,04/15/2025,01/16/2026 05:37:09,1
5098,US5NYCQH,View,1,03/01/2021,4,04/15/2025,01/16/2026 05:37:09,1
5099,US5NYCRG,View,1,02/26/2021,1,04/15/2025,01/16/2026 05:37:08,1
5100,US5NYCRH,View,2,10/14/2021,2,04/15/2025,01/16/2026 05:37:08,1
5101,US5NYCSG,View,2,11/03/2021,2,04/15/2025,01/16/2026 05:37:08,1
5102,US5NYCSH,View,1,03/09/2021,2,04/15/2025,01/16/2026 05:37:08,1
5103,US5NYCTG,View,5,04/15/2025,0,04/15/2025,01/16/2026 05:37:08,1
5104,US5NYCTH,View,2,10/14/2021,1,04/15/2025,01/16/2026 05:37:07,1
5105,US5NYCUG,View,4,05/22/2024,1,04/15/2025,01/16/2026 05:37:07,1
5106,US5NYCUH,View,4,05/22/2024,1,04/15/2025,01/16/2026 05:37:07,1
5107,US5NYCVH,View,6,03/05/2025,1,04/15/2025,01/16/2026 05:37:07,1
5108,US5NYCWH,View,3,05/22/2024,2,04/16/2025,01/16/2026 05:37:06,1
5109,US5NYCXH,View,4,05/22/2024,0,05/22/2024,01/16/2026 05:37:06,1
5110,US5NYCXI,View,2,09/28/2022,3,05/22/2024,01/16/2026 05:37:06,1
5111,US5NYCYI,View,2,09/28/2022,2,05/22/2024,01/16/2026 05:37:06,1
5112,US5NYCYJ,View,2,09/28/2022,3,09/26/2025,01/16/2026 05:37:06,1
5113,US5NYCZJ,View,2,09/29/2022,3,05/22/2024,01/16/2026 05:37:06,1
5114,US5OAKAJ,View,1,09/03/2025,0,09/03/2025,01/16/2026 05:37:05,11
5115,US5OAKBI,View,1,09/03/2025,0,09/03/2025,01/16/2026 05:37:05,11
5116,US5OAKBJ,View,1,09/03/2025,0,09/03/2025,01/16/2026 05:37:05,11
5117,US5OAKCH,View,1,09/03/2025,0,09/03/2025,01/16/2026 05:37:05,11
5118,US5OAKCI,View,1,09/03/2025,0,09/03/2025,01/16/2026 05:37:05,11
5119,US5OAKCJ,View,1,09/03/2025,0,09/03/2025,01/16/2026 05:37:04,11
5120,US5OAKDG,View,1,09/03/2025,0,09/03/2025,01/16/2026 05:37:04,11
5121,US5OAKDH,View,1,09/03/2025,0,09/03/2025,01/16/2026 05:37:04,11
5122,US5OAKDI,View,1,09/03/2025,0,09/03/2025,01/16/2026 05:37:04,11
5123,US5OAKDJ,View,1,09/03/2025,1,09/24/2025,01/16/2026 05:37:04,11
5124,US5OAKED,View,1,12/05/2025,0,12/05/2025,01/16/2026 05:37:04,11
5125,US5OAKEE,View,1,12/05/2025,0,12/05/2025,01/16/2026 05:37:03,11
5126,US5OAKEF,View,1,12/05/2025,0,12/05/2025,01/16/2026 05:37:03,11
5127,US5OAKEG,View,1,12/05/2025,0,12/05/2025,01/16/2026 05:37:03,11
5128,US5OAKEH,View,1,12/05/2025,0,12/05/2025,01/16/2026 05:37:03,11
5129,US5OAKEI,View,1,12/05/2025,0,12/05/2025,01/16/2026 05:37:03,11
5130,US5OAKEJ,View,1,12/05/2025,0,12/05/2025,01/16/2026 05:37:02,11
5131,US5OAKFE,View,1,12/05/2025,0,12/05/2025,01/16/2026 05:37:02,11
5132,US5OAKFF,View,1,12/05/2025,0,12/05/2025,01/16/2026 05:37:02,11
5133,US5OAKFG,View,1,12/05/2025,0,12/05/2025,01/16/2026 05:37:02,11
5134,US5OAKFH,View,1,12/05/2025,0,12/05/2025,01/16/2026 05:37:02,11
5135,US5OAKFI,View,1,12/05/2025,0,12/05/2025,01/16/2026 05:37:01,11
5136,US5OAKGF,View,1,09/24/2025,0,09/24/2025,01/16/2026 05:37:01,11
5137,US5OAKGG,View,1,09/24/2025,0,09/24/2025,01/16/2026 05:37:01,11
5138,US5OAKGH,View,1,09/24/2025,1,12/17/2025,01/16/2026 05:37:01,11
5139,US5OAKGI,View,1,09/24/2025,0,09/24/2025,01/16/2026 05:37:00,11
5140,US5OAKHF,View,1,09/24/2025,0,09/24/2025,01/16/2026 05:37:00,11
5141,US5OAKHG,View,1,09/24/2025,1,12/30/2025,01/16/2026 05:37:00,11
5142,US5OAKHH,View,1,09/24/2025,1,12/30/2025,01/16/2026 05:37:00,11
5143,US5OAKHI,View,1,09/24/2025,0,09/24/2025,01/16/2026 05:37:00,11
5144,US5OAKIF,View,1,09/24/2025,0,09/24/2025,01/16/2026 05:37:00,11
5145,US5OAKIG,View,1,09/24/2025,1,12/30/2025,01/16/2026 05:36:59,11
5146,US5OAKIH,View,1,09/24/2025,1,12/30/2025,01/16/2026 05:36:59,11
5147,US5OAKII,View,1,09/24/2025,1,12/17/2025,01/16/2026 05:36:59,11
5148,US5OAKJF,View,1,09/24/2025,0,09/24/2025,01/16/2026 05:36:59,11
5149,US5OAKJG,View,1,09/24/2025,0,09/24/2025,01/16/2026 05:36:59,11
5150,US5OAKJH,View,1,09/24/2025,0,09/24/2025,01/16/2026 05:36:58,11
5151,US5OAKJI,View,1,09/24/2025,0,09/24/2025,01/16/2026 05:36:58,11
5152,US5OGGAD,View,1,07/15/2025,0,07/15/2025,01/16/2026 05:36:58,14
5153,US5OGGAE,View,1,07/15/2025,0,07/15/2025,01/16/2026 05:36:58,14
5154,US5OGGBD,View,1,07/15/2025,0,07/15/2025,01/16/2026 05:36:57,14
5155,US5OGGBE,View,1,07/15/2025,0,07/15/2025,01/16/2026 05:36:57,14
5156,US5OH01M,View,6,03/04/2025,0,03/04/2025,01/16/2026 05:36:57,9
5157,US5OH06M,View,13,03/21/2025,4,07/31/2025,01/16/2026 05:36:57,9
cxl,US5OH07M,View,7,07/01/2025,1,09/09/2025,01/16/2026 05:36:56,9
cxl,US5OH08M,View,8,06/25/2025,1,09/09/2025,01/16/2026 05:36:56,9
cxl,US5OH10M,View,30,07/18/2025,1,09/09/2025,01/16/2026 05:36:56,9
5158,US5OH11M,View,24,03/26/2025,6,09/24/2025,01/16/2026 05:36:56,9
5159,US5OH1AM,View,4,03/04/2025,0,03/04/2025,01/16/2026 05:36:55,9
cxl,US5OH1BM,View,7,05/29/2025,1,09/09/2025,01/16/2026 05:36:55,9
5160,US5OH21M,View,16,03/04/2025,1,04/16/2025,01/16/2026 05:36:55,9
cxl,US5OH31M,View,22,05/19/2025,1,09/09/2025,01/16/2026 05:36:55,9
5161,US5OH40M,View,4,03/19/2025,0,03/19/2025,01/16/2026 05:36:54,9
5162,US5OH41M,View,3,03/19/2025,1,05/07/2025,01/16/2026 05:36:54,9
5163,US5OH42M,View,1,02/27/2025,4,09/24/2025,01/16/2026 05:36:54,9
5164,US5OR14M,View,57,09/27/2024,0,09/27/2024,01/16/2026 05:36:54,13
5165,US5OR1AE,View,1,08/26/2024,0,08/26/2024,01/16/2026 05:36:54,13
5166,US5OR1AF,View,1,08/26/2024,0,08/26/2024,01/16/2026 05:36:53,13
5167,US5OR1EC,View,1,08/26/2024,0,08/26/2024,01/16/2026 05:36:53,13
5168,US5OR1ED,View,1,08/26/2024,0,08/26/2024,01/16/2026 05:36:53,13
5169,US5OR1JC,View,1,08/26/2024,1,05/29/2025,01/16/2026 05:36:53,13
5170,US5OR1OC,View,1,07/11/2024,0,07/11/2024,01/16/2026 05:36:52,13
5171,US5OR1OD,View,1,07/11/2024,1,08/21/2024,01/16/2026 05:36:52,13
5172,US5OR1PC,View,1,07/11/2024,0,07/11/2024,01/16/2026 05:36:52,13
5173,US5OR1PD,View,1,07/11/2024,0,07/11/2024,01/16/2026 05:36:52,13
5174,US5OR1WF,View,1,09/10/2024,2,06/24/2025,01/16/2026 05:36:51,13
5175,US5OR1WG,View,1,09/10/2024,3,12/15/2025,01/16/2026 05:36:51,13
5176,US5OR1WH,View,1,09/10/2024,1,06/24/2025,01/16/2026 05:36:51,13
5177,US5OR1XG,View,1,09/10/2024,1,06/24/2025,01/16/2026 05:36:51,13
5178,US5OR1XH,View,1,09/10/2024,0,09/10/2024,01/16/2026 05:36:50,13
5179,US5OR2BB,View,1,09/10/2024,0,09/10/2024,01/16/2026 05:36:50,13
5180,US5OR2BC,View,1,09/10/2024,0,09/10/2024,01/16/2026 05:36:50,13
5181,US5OR2JC,View,1,09/10/2024,3,06/16/2025,01/16/2026 05:36:50,13
5182,US5OR2JD,View,1,09/10/2024,1,10/22/2024,01/16/2026 05:36:49,13
5183,US5OR2JE,View,1,09/10/2024,0,09/10/2024,01/16/2026 05:36:49,13
5184,US5OR2KC,View,1,09/10/2024,1,10/22/2024,01/16/2026 05:36:49,13
5185,US5OR2KD,View,1,09/10/2024,2,10/28/2024,01/16/2026 05:36:49,13
5186,US5OR2MC,View,1,09/10/2024,0,09/10/2024,01/16/2026 05:36:48,13
5187,US5OR2UD,View,1,06/04/2024,0,06/04/2024,01/16/2026 05:36:48,13
5188,US5OR2UE,View,1,06/04/2024,0,06/04/2024,01/16/2026 05:36:48,13
5189,US5OR2VD,View,1,06/18/2024,0,06/18/2024,01/16/2026 05:36:48,13
5190,US5OR2VE,View,1,06/04/2024,0,06/04/2024,01/16/2026 05:36:48,13
5191,US5OR2VF,View,1,06/04/2024,0,06/04/2024,01/16/2026 05:36:48,13
5192,US5OR2WD,View,1,06/04/2024,0,06/04/2024,01/16/2026 05:36:47,13
5193,US5OR2WE,View,1,06/04/2024,5,07/02/2025,01/16/2026 05:36:47,13
5194,US5OR2WF,View,1,06/04/2024,0,06/04/2024,01/16/2026 05:36:47,13
5195,US5OR2XD,View,1,06/04/2024,0,06/04/2024,01/16/2026 05:36:47,13
5196,US5OR2XE,View,2,09/20/2024,0,09/20/2024,01/16/2026 05:36:47,13
5197,US5OR2XF,View,1,06/04/2024,0,06/04/2024,01/16/2026 05:36:46,13
5198,US5OR2YD,View,1,06/04/2024,0,06/04/2024,01/16/2026 05:36:46,13
5199,US5OR2YE,View,1,06/04/2024,0,06/04/2024,01/16/2026 05:36:46,13
5200,US5OR2YF,View,1,06/04/2024,0,06/04/2024,01/16/2026 05:36:46,13
cxl,US5OR43M,View,12,09/09/2024,1,12/10/2025,01/16/2026 05:36:46,13
5201,US5OR47M,View,30,07/12/2024,0,07/12/2024,01/16/2026 05:36:45,13
5202,US5OR49M,View,9,09/17/2024,1,02/18/2025,01/16/2026 05:36:45,13
5203,US5OR50M,View,14,10/22/2024,0,10/22/2024,01/16/2026 05:36:45,13
5204,US5OR51M,View,14,09/17/2024,0,09/17/2024,01/16/2026 05:36:45,11
5205,US5ORFAC,View,1,09/20/2024,4,09/17/2025,01/16/2026 05:36:44,5
5206,US5ORFAD,View,1,09/20/2024,0,09/20/2024,01/16/2026 05:36:44,5
5207,US5ORFBB,View,1,09/20/2024,4,01/13/2026,01/16/2026 05:36:44,5
5208,US5ORFBC,View,3,12/17/2025,2,01/13/2026,01/16/2026 05:36:44,5
5209,US5ORFBD,View,1,09/20/2024,1,03/24/2025,01/16/2026 05:36:43,5
5210,US5ORFCA,View,1,09/20/2024,1,01/13/2026,01/16/2026 05:36:43,5
5211,US5ORFCB,View,1,09/20/2024,3,01/13/2026,01/16/2026 05:36:43,5
5212,US5ORFCC,View,1,09/20/2024,3,01/13/2026,01/16/2026 05:36:42,5
5213,US5ORFCD,View,1,11/06/2023,0,11/06/2023,01/16/2026 05:36:42,5
5214,US5ORFDA,View,1,09/20/2024,1,01/13/2026,01/16/2026 05:36:42,5
5215,US5ORFDB,View,1,09/20/2024,0,09/20/2024,01/16/2026 05:36:42,5
5216,US5ORFDC,View,1,09/20/2024,2,12/23/2025,01/16/2026 05:36:41,5
5217,US5ORFDD,View,2,11/29/2023,6,12/23/2025,01/16/2026 05:36:41,5
5218,US5ORGAA,View,2,11/21/2024,1,02/18/2025,01/16/2026 05:36:41,8
5219,US5ORGBA,View,3,11/21/2024,0,11/21/2024,01/16/2026 05:36:41,8
5220,US5ORGBB,View,3,11/21/2024,1,12/18/2025,01/16/2026 05:36:40,8
5221,US5ORGCB,View,2,11/21/2024,0,11/21/2024,01/16/2026 05:36:40,8
5222,US5PA1CE,View,1,09/27/2024,1,11/12/2025,01/16/2026 05:36:40,9
5223,US5PA1CF,View,1,09/27/2024,3,09/24/2025,01/16/2026 05:36:40,9
5224,US5PA1DE,View,1,09/27/2024,1,08/11/2025,01/16/2026 05:36:39,9
5225,US5PA1DF,View,1,09/27/2024,4,08/11/2025,01/16/2026 05:36:39,9
5226,US5PABBA,View,4,04/23/2025,0,04/23/2025,01/16/2026 05:36:39,7
5227,US5PABBB,View,3,07/22/2024,0,07/22/2024,01/16/2026 05:36:39,7
5228,US5PABBC,View,1,07/31/2023,0,07/31/2023,01/16/2026 05:36:39,7
5229,US5PABCA,View,2,04/23/2025,0,04/23/2025,01/16/2026 05:36:38,7
5230,US5PABCB,View,1,07/31/2023,0,07/31/2023,01/16/2026 05:36:38,7
5231,US5PABCC,View,1,07/31/2023,0,07/31/2023,01/16/2026 05:36:38,7
5232,US5PCVBB,View,1,09/19/2023,0,09/19/2023,01/16/2026 05:36:38,7
5233,US5PCVBC,View,1,09/19/2023,0,09/19/2023,01/16/2026 05:36:38,7
5234,US5PCVBD,View,3,06/25/2025,0,06/25/2025,01/16/2026 05:36:37,7
5235,US5PCVBE,View,3,06/25/2025,0,06/25/2025,01/16/2026 05:36:37,7
5236,US5PCVBF,View,3,06/25/2025,0,06/25/2025,01/16/2026 05:36:37,7
5237,US5PCVCB,View,4,02/26/2024,0,02/26/2024,01/16/2026 05:36:37,7
5238,US5PCVCC,View,5,10/02/2025,0,10/02/2025,01/16/2026 05:36:37,7
5239,US5PCVCD,View,3,06/25/2025,0,06/25/2025,01/16/2026 05:36:36,7
5240,US5PCVCE,View,2,06/25/2025,0,06/25/2025,01/16/2026 05:36:36,7
5241,US5PCVCF,View,2,07/01/2025,0,07/01/2025,01/16/2026 05:36:36,7
5242,US5PCVDB,View,1,09/19/2023,0,09/19/2023,01/16/2026 05:36:36,7
5243,US5PCVDC,View,1,09/19/2023,0,09/19/2023,01/16/2026 05:36:35,7
5244,US5PCVDD,View,1,09/19/2023,0,09/19/2023,01/16/2026 05:36:35,7
5245,US5PCVDE,View,1,09/19/2023,0,09/19/2023,01/16/2026 05:36:35,7
5246,US5PCVDF,View,1,09/19/2023,0,09/19/2023,01/16/2026 05:36:35,7
5247,US5PCVEB,View,1,05/01/2024,0,05/01/2024,01/16/2026 05:36:35,7
5248,US5PCVEC,View,1,05/01/2024,0,05/01/2024,01/16/2026 05:36:34,7
5249,US5PCVFB,View,1,05/01/2024,0,05/01/2024,01/16/2026 05:36:34,7
5250,US5PCVFC,View,1,05/01/2024,1,05/14/2024,01/16/2026 05:36:34,7
5251,US5PDXBS,View,1,04/25/2024,0,04/25/2024,01/16/2026 05:36:34,13
5252,US5PDXBT,View,1,04/25/2024,0,04/25/2024,01/16/2026 05:36:34,13
5253,US5PDXBU,View,1,04/25/2024,0,04/25/2024,01/16/2026 05:36:33,13
5254,US5PDXBV,View,1,04/25/2024,0,04/25/2024,01/16/2026 05:36:33,13
5255,US5PDXBW,View,1,04/25/2024,0,04/25/2024,01/16/2026 05:36:33,13
5256,US5PDXCV,View,1,04/25/2024,0,04/25/2024,01/16/2026 05:36:33,13
5257,US5PDXCW,View,1,04/25/2024,1,06/14/2024,01/16/2026 05:36:33,13
5258,US5PDXCX,View,1,04/25/2024,0,04/25/2024,01/16/2026 05:36:32,13
5259,US5PDXDW,View,1,04/25/2024,0,04/25/2024,01/16/2026 05:36:32,13
5260,US5PDXDX,View,1,04/25/2024,0,04/25/2024,01/16/2026 05:36:32,13
5261,US5PDXEW,View,1,04/25/2024,1,03/18/2025,01/16/2026 05:36:32,13
5262,US5PDXFU,View,1,09/27/2024,2,08/12/2025,01/16/2026 05:36:32,13
5263,US5PDXFV,View,2,03/21/2025,1,08/12/2025,01/16/2026 05:36:31,13
5264,US5PDXFW,View,1,09/27/2024,2,08/12/2025,01/16/2026 05:36:31,13
5265,US5PDXGU,View,1,09/27/2024,3,11/25/2025,01/16/2026 05:36:31,13
5266,US5PDXGV,View,1,09/27/2024,3,08/12/2025,01/16/2026 05:36:31,13
5267,US5PDXGW,View,1,09/27/2024,1,03/18/2025,01/16/2026 05:36:30,13
5268,US5PDXHU,View,1,09/27/2024,0,09/27/2024,01/16/2026 05:36:30,13
5269,US5PDXHV,View,1,09/27/2024,0,09/27/2024,01/16/2026 05:36:30,13
5270,US5PDXIU,View,1,09/27/2024,0,09/27/2024,01/16/2026 05:36:30,13
5271,US5PDXIV,View,1,09/27/2024,0,09/27/2024,01/16/2026 05:36:29,13
5272,US5PDXJU,View,3,09/30/2024,2,11/25/2025,01/16/2026 05:36:29,13
5273,US5PDXJV,View,2,09/30/2024,0,09/30/2024,01/16/2026 05:36:29,13
5274,US5PDXKU,View,2,09/30/2024,0,09/30/2024,01/16/2026 05:36:29,13
5275,US5PDXLT,View,3,03/07/2025,0,03/07/2025,01/16/2026 05:36:29,13
5276,US5PDXLU,View,2,09/30/2024,1,03/07/2025,01/16/2026 05:36:29,13
5277,US5PDXMN,View,1,08/15/2024,0,08/15/2024,01/16/2026 05:36:28,13
5278,US5PDXMR,View,2,09/30/2024,0,09/30/2024,01/16/2026 05:36:28,13
5279,US5PDXMS,View,2,09/30/2024,0,09/30/2024,01/16/2026 05:36:26,13
5280,US5PDXMT,View,2,09/30/2024,1,03/12/2025,01/16/2026 05:36:26,13
5281,US5PDXNB,View,1,05/13/2024,0,05/13/2024,01/16/2026 05:36:26,13
5282,US5PDXNC,View,1,05/13/2024,0,05/13/2024,01/16/2026 05:36:25,13
5283,US5PDXND,View,1,05/13/2024,0,05/13/2024,01/16/2026 05:36:25,13
5284,US5PDXNE,View,1,05/13/2024,0,05/13/2024,01/16/2026 05:36:25,13
5285,US5PDXNF,View,2,03/31/2025,1,09/26/2025,01/16/2026 05:36:25,13
5286,US5PDXNG,View,2,03/31/2025,1,07/23/2025,01/16/2026 05:36:25,13
5287,US5PDXNH,View,2,03/31/2025,2,12/15/2025,01/16/2026 05:36:25,13
5288,US5PDXNI,View,2,03/31/2025,1,07/23/2025,01/16/2026 05:36:24,13
5289,US5PDXNJ,View,2,03/31/2025,0,03/31/2025,01/16/2026 05:36:24,13
5290,US5PDXNK,View,1,08/15/2024,0,08/15/2024,01/16/2026 05:36:24,13
5291,US5PDXNL,View,1,08/15/2024,0,08/15/2024,01/16/2026 05:36:24,13
5292,US5PDXNM,View,1,08/15/2024,1,11/25/2025,01/16/2026 05:36:24,13
5293,US5PDXNN,View,1,08/15/2024,0,08/15/2024,01/16/2026 05:36:23,13
5294,US5PDXNO,View,1,08/15/2024,1,11/25/2025,01/16/2026 05:36:23,13
5295,US5PDXNP,View,1,08/15/2024,1,03/28/2025,01/16/2026 05:36:23,13
5296,US5PDXNQ,View,2,09/30/2024,1,11/25/2025,01/16/2026 05:36:23,13
5297,US5PDXNR,View,2,09/30/2024,1,11/25/2025,01/16/2026 05:36:23,13
5298,US5PDXNS,View,2,09/30/2024,1,03/11/2025,01/16/2026 05:36:22,13
5299,US5PDXNT,View,2,09/30/2024,0,09/30/2024,01/16/2026 05:36:22,13
5300,US5PDXOB,View,1,05/13/2024,0,05/13/2024,01/16/2026 05:36:22,13
5301,US5PDXOC,View,1,05/13/2024,0,05/13/2024,01/16/2026 05:36:22,13
5302,US5PDXOD,View,1,05/13/2024,4,11/05/2025,01/16/2026 05:36:22,13
5303,US5PDXOE,View,1,05/14/2024,3,10/22/2025,01/16/2026 05:36:21,13
5304,US5PDXOF,View,2,03/31/2025,1,09/16/2025,01/16/2026 05:36:21,13
5305,US5PDXOG,View,1,05/13/2024,1,09/16/2025,01/16/2026 05:36:21,13
5306,US5PDXOH,View,1,08/15/2024,1,03/28/2025,01/16/2026 05:36:21,13
5307,US5PDXOI,View,1,08/15/2024,2,03/28/2025,01/16/2026 05:36:21,13
5308,US5PDXOJ,View,1,08/15/2024,1,11/25/2025,01/16/2026 05:36:20,13
5309,US5PDXOK,View,1,08/16/2024,1,07/23/2025,01/16/2026 05:36:20,13
5310,US5PDXOL,View,1,08/15/2024,0,08/15/2024,01/16/2026 05:36:20,13
5311,US5PDXOM,View,1,08/15/2024,3,11/25/2025,01/16/2026 05:36:20,13
5312,US5PDXON,View,1,08/15/2024,0,08/15/2024,01/16/2026 05:36:20,13
5313,US5PDXPD,View,2,03/31/2025,2,09/11/2025,01/16/2026 05:36:19,13
5314,US5PDXPE,View,2,03/31/2025,0,03/31/2025,01/16/2026 05:36:19,13
5315,US5PDXPF,View,1,05/13/2024,0,05/13/2024,01/16/2026 05:36:19,13
5316,US5PDXPG,View,1,06/03/2024,0,06/03/2024,01/16/2026 05:36:19,13
5317,US5PEFBA,View,4,08/29/2025,0,08/29/2025,01/16/2026 05:36:19,7
5318,US5PEFBB,View,3,08/28/2025,0,08/28/2025,01/16/2026 05:36:18,7
5319,US5PEFCA,View,5,08/29/2025,0,08/29/2025,01/16/2026 05:36:18,7
5320,US5PEFCB,View,3,08/28/2025,0,08/28/2025,01/16/2026 05:36:18,7
5321,US5PFNBC,View,2,07/01/2025,0,07/01/2025,01/16/2026 05:36:18,8
5322,US5PFNBD,View,2,07/01/2025,0,07/01/2025,01/16/2026 05:36:18,8
5323,US5PFNCC,View,5,01/08/2026,0,01/08/2026,01/16/2026 05:36:17,8
5324,US5PFNCD,View,5,01/08/2026,0,01/08/2026,01/16/2026 05:36:17,8
5325,US5PFNCE,View,4,01/08/2026,0,01/08/2026,01/16/2026 05:36:17,8
5326,US5PFNDC,View,4,01/08/2026,0,01/08/2026,01/16/2026 05:36:16,8
5327,US5PFNDD,View,3,01/08/2026,0,01/08/2026,01/16/2026 05:36:16,8
5328,US5PFNDE,View,3,01/08/2026,0,01/08/2026,01/16/2026 05:36:16,8
5329,US5PFNEB,View,1,07/09/2024,0,07/09/2024,01/16/2026 05:36:16,7
5330,US5PFNEC,View,1,07/09/2024,0,07/09/2024,01/16/2026 05:36:16,7
5331,US5PFNED,View,1,07/09/2024,0,07/09/2024,01/16/2026 05:36:16,7
5332,US5PFNEE,View,1,07/10/2024,0,07/10/2024,01/16/2026 05:36:15,7
5333,US5PFNJU,View,4,01/12/2026,0,01/12/2026,01/16/2026 05:36:15,8
5334,US5PFNKU,View,4,01/12/2026,0,01/12/2026,01/16/2026 05:36:15,8
5335,US5PFNLU,View,4,01/12/2026,0,01/12/2026,01/16/2026 05:36:15,8
5336,US5PGLBB,View,2,07/17/2025,0,07/17/2025,01/16/2026 05:36:15,8
5337,US5PGLBC,View,3,07/01/2025,0,07/01/2025,01/16/2026 05:36:15,8
5338,US5PGLBD,View,2,07/17/2025,0,07/17/2025,01/16/2026 05:36:15,8
5339,US5PGLCB,View,2,02/28/2025,0,02/28/2025,01/16/2026 05:36:14,8
5340,US5PGLCC,View,3,08/25/2025,0,08/25/2025,01/16/2026 05:36:14,8
5341,US5PGLCD,View,2,08/25/2025,0,08/25/2025,01/16/2026 05:36:14,8
5342,US5PGLDB,View,1,05/22/2024,0,05/22/2024,01/16/2026 05:36:14,8
5343,US5PGLDC,View,3,08/25/2025,1,09/03/2025,01/16/2026 05:36:13,8
5344,US5PGLDD,View,1,05/22/2024,0,05/22/2024,01/16/2026 05:36:13,8
5345,US5PGLEB,View,2,07/01/2025,0,07/01/2025,01/16/2026 05:36:13,8
5346,US5PGLEC,View,2,07/01/2025,1,09/22/2025,01/16/2026 05:36:13,8
5347,US5PHLAA,View,8,07/18/2024,1,09/26/2025,01/16/2026 05:36:13,5
5348,US5PHLAB,View,2,01/18/2024,0,01/18/2024,01/16/2026 05:36:12,5
5349,US5PHLBA,View,3,01/18/2024,0,01/18/2024,01/16/2026 05:36:12,5
5350,US5PHLBB,View,6,01/18/2024,3,02/19/2025,01/16/2026 05:36:12,5
5351,US5PHLBC,View,11,04/11/2025,1,09/23/2025,01/16/2026 05:36:12,5
5352,US5PHLBD,View,6,02/05/2024,2,04/04/2025,01/16/2026 05:36:12,5
5353,US5PHLBE,View,4,02/05/2024,1,06/28/2024,01/16/2026 05:36:11,5
5354,US5PHLCD,View,3,02/05/2024,0,02/05/2024,01/16/2026 05:36:11,5
5355,US5PHLCE,View,8,02/05/2024,0,02/05/2024,01/16/2026 05:36:11,5
5356,US5PHLCF,View,3,02/05/2024,0,02/05/2024,01/16/2026 05:36:11,5
5357,US5PHLDD,View,2,02/05/2024,0,02/05/2024,01/16/2026 05:36:11,5
5358,US5PHLDE,View,5,02/05/2024,0,02/05/2024,01/16/2026 05:36:10,5
5359,US5PHLDF,View,7,02/05/2024,1,12/03/2024,01/16/2026 05:36:10,5
5360,US5PHLDG,View,6,01/10/2024,0,01/10/2024,01/16/2026 05:36:10,5
5361,US5PHLDH,View,3,01/10/2024,0,01/10/2024,01/16/2026 05:36:10,5
5362,US5PHLEG,View,4,01/10/2024,0,01/10/2024,01/16/2026 05:36:10,5
5363,US5PHLEH,View,5,01/10/2024,4,05/14/2025,01/16/2026 05:36:09,5
5364,US5PHLEI,View,5,01/10/2024,4,02/04/2025,01/16/2026 05:36:09,5
5365,US5PHLEJ,View,5,01/10/2024,0,01/10/2024,01/16/2026 05:36:09,5
5366,US5PHLFI,View,5,01/10/2024,1,10/18/2024,01/16/2026 05:36:09,5
5367,US5PHLFJ,View,6,01/10/2024,4,03/13/2025,01/16/2026 05:36:08,5
5368,US5PHLGI,View,3,01/10/2024,0,01/10/2024,01/16/2026 05:36:08,5
5369,US5PHLGJ,View,3,01/10/2024,0,01/10/2024,01/16/2026 05:36:08,5
5370,US5PJ3B3,View,2,10/24/2025,0,10/24/2025,01/16/2026 05:36:08,14
5371,US5PK4Q2,View,1,12/10/2024,0,12/10/2024,01/16/2026 05:36:08,14
5372,US5PK4Q4,View,1,12/10/2024,0,12/10/2024,01/16/2026 05:36:07,14
5373,US5PK4R1,View,1,12/10/2024,0,12/10/2024,01/16/2026 05:36:07,14
5374,US5PK4R2,View,1,12/10/2024,0,12/10/2024,01/16/2026 05:36:07,14
5375,US5PK4S1,View,1,12/10/2024,0,12/10/2024,01/16/2026 05:36:07,14
5376,US5PK4S2,View,1,12/10/2024,0,12/10/2024,01/16/2026 05:36:06,14
5377,US5PK4S4,View,1,12/10/2024,0,12/10/2024,01/16/2026 05:36:06,14
5378,US5PK4W4,View,1,12/10/2024,0,12/10/2024,01/16/2026 05:36:06,14
5379,US5PK4X1,View,1,12/10/2024,0,12/10/2024,01/16/2026 05:36:05,14
5380,US5PK4X3,View,1,12/10/2024,0,12/10/2024,01/16/2026 05:36:05,14
5381,US5PK4X4,View,1,12/26/2024,0,12/26/2024,01/16/2026 05:36:05,14
5382,US5PK4Y3,View,1,12/26/2024,0,12/26/2024,01/16/2026 05:36:05,14
5383,US5PLQAH,View,1,11/05/2021,1,02/28/2025,01/16/2026 05:36:04,8
5384,US5PLQAI,View,1,11/05/2021,2,02/28/2025,01/16/2026 05:36:04,8
5385,US5PLQAJ,View,1,11/05/2021,2,02/28/2025,01/16/2026 05:36:04,8
5386,US5PLQBH,View,1,11/05/2021,1,02/28/2025,01/16/2026 05:36:04,8
5387,US5PLQBI,View,3,10/05/2023,1,02/28/2025,01/16/2026 05:36:04,8
5388,US5PLQBJ,View,1,11/05/2021,1,02/28/2025,01/16/2026 05:36:03,8
5389,US5PLQCI,View,7,09/26/2025,1,12/03/2025,01/16/2026 05:36:03,8
5390,US5PLQCJ,View,6,09/26/2025,0,09/26/2025,01/16/2026 05:36:03,8
5391,US5PLQDI,View,4,06/12/2025,0,06/12/2025,01/16/2026 05:36:02,8
5392,US5PLQDJ,View,7,09/26/2025,0,09/26/2025,01/16/2026 05:36:02,8
5393,US5PLQDL,View,3,09/26/2025,0,09/26/2025,01/16/2026 05:36:02,8
5394,US5PLQDM,View,3,09/26/2025,0,09/26/2025,01/16/2026 05:36:02,8
5395,US5PLQEJ,View,7,09/26/2025,0,09/26/2025,01/16/2026 05:36:02,8
5396,US5PLQEK,View,8,09/26/2025,0,09/26/2025,01/16/2026 05:36:01,8
5397,US5PLQEL,View,2,09/26/2025,0,09/26/2025,01/16/2026 05:36:01,8
5398,US5PLQFK,View,6,09/26/2025,1,12/03/2025,01/16/2026 05:36:01,8
5399,US5PLQFL,View,2,09/26/2025,0,09/26/2025,01/16/2026 05:36:00,8
5400,US5PLQGK,View,5,09/26/2025,0,09/26/2025,01/16/2026 05:36:00,8
5401,US5PLQHJ,View,4,06/12/2025,1,10/29/2025,01/16/2026 05:36:00,8
5402,US5PLQHK,View,3,06/12/2025,0,06/12/2025,01/16/2026 05:36:00,8
5403,US5PLQIG,View,3,08/15/2025,0,08/15/2025,01/16/2026 05:35:59,8
5404,US5PLQIH,View,3,06/12/2025,0,06/12/2025,01/16/2026 05:35:59,8
5405,US5PLQII,View,2,05/31/2024,3,08/15/2025,01/16/2026 05:35:59,8
5406,US5PLQIJ,View,2,05/31/2024,1,05/12/2025,01/16/2026 05:35:59,8
5407,US5PLQJF,View,2,05/31/2024,3,12/03/2025,01/16/2026 05:35:58,8
5408,US5PLQJG,View,2,05/31/2024,2,08/15/2025,01/16/2026 05:35:58,8
5409,US5PLQKE,View,2,05/31/2024,3,09/08/2025,01/16/2026 05:35:58,8
5410,US5PLQKF,View,2,05/31/2024,2,12/03/2025,01/16/2026 05:35:58,8
5411,US5PLQLC,View,4,05/22/2025,0,05/22/2025,01/16/2026 05:35:58,8
5412,US5PLQLD,View,3,08/15/2025,0,08/15/2025,01/16/2026 05:35:57,8
5413,US5PLQLE,View,2,06/18/2024,1,05/12/2025,01/16/2026 05:35:57,8
5414,US5PLQMB,View,3,06/18/2024,2,05/12/2025,01/16/2026 05:35:57,8
5415,US5PLQMC,View,3,06/18/2024,1,05/12/2025,01/16/2026 05:35:57,8
5416,US5PLQNA,View,5,08/15/2025,1,09/08/2025,01/16/2026 05:35:56,8
5417,US5PLQNB,View,4,06/18/2024,2,08/15/2025,01/16/2026 05:35:56,8
5418,US5PLQOA,View,4,01/05/2026,0,01/05/2026,01/16/2026 05:35:56,8
5419,US5PLQOB,View,3,06/18/2024,2,01/13/2026,01/16/2026 05:35:56,8
5420,US5PLVAD,View,4,12/16/2025,0,12/16/2025,01/16/2026 05:35:56,8
5421,US5PLVAE,View,2,05/08/2025,2,12/16/2025,01/16/2026 05:35:56,8
5422,US5PLVBB,View,3,05/08/2025,1,12/16/2025,01/16/2026 05:35:55,8
5423,US5PLVBC,View,4,12/16/2025,0,12/16/2025,01/16/2026 05:35:55,8
5424,US5PLVBD,View,2,05/08/2025,1,12/16/2025,01/16/2026 05:35:55,8
5425,US5PLVBE,View,1,10/27/2023,2,05/20/2025,01/16/2026 05:35:55,8
5426,US5PLVCA,View,3,05/08/2025,0,05/08/2025,01/16/2026 05:35:55,8
5427,US5PLVCB,View,3,05/08/2025,1,12/16/2025,01/16/2026 05:35:55,8
5428,US5PLVDA,View,2,05/10/2024,0,05/10/2024,01/16/2026 05:35:55,8
5429,US5PLVDB,View,1,08/08/2023,1,08/15/2023,01/16/2026 05:35:54,8
5430,US5PLVZE,View,2,05/08/2025,1,12/16/2025,01/16/2026 05:35:54,8
5431,US5PNSBB,View,4,07/30/2025,0,07/30/2025,01/16/2026 05:35:54,8
5432,US5PNSBC,View,4,07/30/2025,0,07/30/2025,01/16/2026 05:35:54,8
5433,US5PNSBD,View,2,09/03/2025,0,09/03/2025,01/16/2026 05:35:54,8
5434,US5PNSBE,View,2,08/13/2025,0,08/13/2025,01/16/2026 05:35:54,8
5435,US5PNSCB,View,5,07/30/2025,0,07/30/2025,01/16/2026 05:35:54,8
5436,US5PNSCC,View,4,07/30/2025,0,07/30/2025,01/16/2026 05:35:53,8
5437,US5PNSCD,View,3,07/30/2025,1,09/12/2025,01/16/2026 05:35:53,8
5438,US5PNSDC,View,2,05/10/2024,0,05/10/2024,01/16/2026 05:35:53,8
5439,US5PNSDD,View,3,07/30/2025,0,07/30/2025,01/16/2026 05:35:53,8
5440,US5POAAD,View,3,05/14/2025,0,05/14/2025,01/16/2026 05:35:53,8
5441,US5POAAE,View,4,05/06/2025,1,07/29/2025,01/16/2026 05:35:53,8
5442,US5POABC,View,2,11/21/2024,1,05/28/2025,01/16/2026 05:35:53,8
5443,US5POABD,View,3,11/21/2024,2,05/28/2025,01/16/2026 05:35:52,8
5444,US5POABE,View,3,11/21/2024,2,05/28/2025,01/16/2026 05:35:52,8
5445,US5POACC,View,2,11/21/2024,2,05/28/2025,01/16/2026 05:35:52,8
5446,US5POACD,View,2,11/21/2024,2,05/28/2025,01/16/2026 05:35:52,8
5447,US5POACE,View,2,11/21/2024,1,05/28/2025,01/16/2026 05:35:52,8
5448,US5POADB,View,2,11/21/2024,3,11/05/2025,01/16/2026 05:35:52,8
5449,US5POADC,View,2,11/21/2024,2,05/28/2025,01/16/2026 05:35:51,8
5450,US5POAEA,View,2,11/21/2024,4,11/20/2025,01/16/2026 05:35:51,8
5451,US5POAEB,View,2,11/21/2024,3,11/20/2025,01/16/2026 05:35:51,8
5452,US5POAFA,View,2,11/21/2024,2,11/20/2025,01/16/2026 05:35:51,8
5453,US5POAGA,View,2,11/21/2024,2,11/20/2025,01/16/2026 05:35:51,8
5454,US5POAGB,View,2,11/21/2024,2,11/20/2025,01/16/2026 05:35:50,8
5455,US5PP2U4,View,1,02/06/2024,0,02/06/2024,01/16/2026 05:35:50,7
5456,US5PQ2C1,View,1,12/10/2024,0,12/10/2024,01/16/2026 05:35:50,14
cxl,US5PR12M,View,21,07/30/2024,1,07/24/2025,01/16/2026 05:35:50,7
5457,US5PR1CG,View,1,09/24/2024,0,09/24/2024,01/16/2026 05:35:50,7
5458,US5PR1CH,View,1,09/24/2024,0,09/24/2024,01/16/2026 05:35:50,7
5459,US5PR1CN,View,1,12/10/2024,0,12/10/2024,01/16/2026 05:35:49,7
5460,US5PR1CO,View,1,11/27/2024,0,11/27/2024,01/16/2026 05:35:49,7
5461,US5PR1CP,View,1,12/10/2024,0,12/10/2024,01/16/2026 05:35:49,7
5462,US5PR1CQ,View,2,06/04/2025,0,06/04/2025,01/16/2026 05:35:49,7
5463,US5PR1CR,View,1,11/27/2024,0,11/27/2024,01/16/2026 05:35:49,7
5464,US5PR1DG,View,1,09/24/2024,0,09/24/2024,01/16/2026 05:35:48,7
5465,US5PR1DH,View,1,09/24/2024,0,09/24/2024,01/16/2026 05:35:48,7
5466,US5PR1DN,View,1,11/27/2024,0,11/27/2024,01/16/2026 05:35:48,7
5467,US5PR1DO,View,1,11/27/2024,0,11/27/2024,01/16/2026 05:35:48,7
5468,US5PR1DP,View,1,12/17/2024,0,12/17/2024,01/16/2026 05:35:48,7
5469,US5PR1DQ,View,2,06/05/2025,0,06/05/2025,01/16/2026 05:35:48,7
5470,US5PR1DR,View,1,12/17/2024,0,12/17/2024,01/16/2026 05:35:47,7
5471,US5PR1DS,View,1,12/17/2024,0,12/17/2024,01/16/2026 05:35:47,7
5472,US5PR1EC,View,1,08/26/2024,0,08/26/2024,01/16/2026 05:35:47,7
5473,US5PR1ED,View,1,08/26/2024,0,08/26/2024,01/16/2026 05:35:47,7
5474,US5PR1GC,View,1,08/26/2024,0,08/26/2024,01/16/2026 05:35:47,7
5475,US5PR1GD,View,1,08/26/2024,0,08/26/2024,01/16/2026 05:35:47,7
5476,US5PR1HC,View,1,08/29/2024,0,08/29/2024,01/16/2026 05:35:46,7
5477,US5PR1HD,View,1,08/26/2024,0,08/26/2024,01/16/2026 05:35:46,7
5478,US5PR1KJ,View,1,10/29/2024,0,10/29/2024,01/16/2026 05:35:38,7
5479,US5PR1KL,View,1,10/29/2024,0,10/29/2024,01/16/2026 05:35:38,7
5480,US5PR2GB,View,1,08/15/2025,0,08/15/2025,01/16/2026 05:35:38,7
5481,US5PR2GC,View,1,08/15/2025,0,08/15/2025,01/16/2026 05:35:38,7
5482,US5PR2GD,View,1,08/07/2025,0,08/07/2025,01/16/2026 05:35:38,7
5483,US5PR2HC,View,1,08/07/2025,0,08/07/2025,01/16/2026 05:35:38,7
5484,US5PR2HD,View,1,08/15/2025,0,08/15/2025,01/16/2026 05:35:37,7
5485,US5PR2ID,View,1,08/08/2025,0,08/08/2025,01/16/2026 05:35:37,7
5486,US5PR2IE,View,1,08/07/2025,0,08/07/2025,01/16/2026 05:35:37,7
5487,US5PR2IF,View,1,11/13/2024,0,11/13/2024,01/16/2026 05:35:37,7
5488,US5PR2IG,View,1,11/13/2024,0,11/13/2024,01/16/2026 05:35:37,7
5489,US5PR2IH,View,1,11/13/2024,0,11/13/2024,01/16/2026 05:35:36,7
5490,US5PR2II,View,1,11/13/2024,0,11/13/2024,01/16/2026 05:35:36,7
5491,US5PR2IJ,View,1,11/13/2024,0,11/13/2024,01/16/2026 05:35:36,7
5492,US5PR2IK,View,1,11/13/2024,0,11/13/2024,01/16/2026 05:35:36,7
5493,US5PR2JE,View,1,08/15/2025,0,08/15/2025,01/16/2026 05:35:36,7
5494,US5PR2JF,View,1,05/05/2025,1,12/09/2025,01/16/2026 05:35:36,7
5495,US5PR2JG,View,2,08/25/2025,1,12/09/2025,01/16/2026 05:35:36,7
5496,US5PR2JH,View,1,11/13/2024,0,11/13/2024,01/16/2026 05:35:35,7
5497,US5PR2JI,View,1,11/13/2024,0,11/13/2024,01/16/2026 05:35:35,7
5498,US5PR2JJ,View,1,11/13/2024,0,11/13/2024,01/16/2026 05:35:35,7
5499,US5PR2JK,View,1,11/13/2024,0,11/13/2024,01/16/2026 05:35:35,7
5500,US5PR2KF,View,1,05/05/2025,1,12/09/2025,01/16/2026 05:35:35,7
5501,US5PR2KG,View,1,05/05/2025,1,12/09/2025,01/16/2026 05:35:34,7
5502,US5PR2KH,View,1,05/06/2025,0,05/06/2025,01/16/2026 05:35:34,7
5503,US5PR2KJ,View,1,07/24/2024,0,07/24/2024,01/16/2026 05:35:34,7
5504,US5PR2KK,View,2,09/06/2024,0,09/06/2024,01/16/2026 05:35:34,7
5505,US5PR2KL,View,1,07/24/2024,0,07/24/2024,01/16/2026 05:35:34,7
5506,US5PR2LF,View,2,07/24/2025,0,07/24/2025,01/16/2026 05:35:34,7
5507,US5PR2LG,View,2,07/24/2025,0,07/24/2025,01/16/2026 05:35:33,7
5508,US5PR2LH,View,1,05/06/2025,0,05/06/2025,01/16/2026 05:35:33,7
5509,US5PR2LJ,View,1,07/24/2024,0,07/24/2024,01/16/2026 05:35:33,7
5510,US5PR2LK,View,2,09/06/2024,0,09/06/2024,01/16/2026 05:35:33,7
5511,US5PR2LL,View,1,07/24/2024,0,07/24/2024,01/16/2026 05:35:33,7
5512,US5PR2MF,View,1,05/06/2025,0,05/06/2025,01/16/2026 05:35:33,7
5513,US5PR2MG,View,1,05/06/2025,0,05/06/2025,01/16/2026 05:35:32,7
5514,US5PR2MH,View,1,05/06/2025,0,05/06/2025,01/16/2026 05:35:32,7
cxl,US5PR43M,View,8,03/02/2023,1,08/07/2025,01/16/2026 05:35:32,7
cxl,US5PR54M,View,12,03/02/2023,1,08/07/2025,01/16/2026 05:35:32,7
cxl,US5PR55M,View,18,08/07/2025,1,12/09/2025,01/16/2026 05:35:32,7
cxl,US5PR56M,View,19,05/05/2025,1,12/09/2025,01/16/2026 05:35:32,7
cxl,US5PR57M,View,10,05/05/2025,1,08/07/2025,01/16/2026 05:35:31,7
cxl,US5PR62M,View,11,08/26/2024,1,07/28/2025,01/16/2026 05:35:31,7
5515,US5PSECD,View,1,06/26/2023,0,06/26/2023,01/16/2026 05:35:31,7
5516,US5PSECE,View,1,06/26/2023,0,06/26/2023,01/16/2026 05:35:31,7
5517,US5PSECF,View,1,06/26/2023,0,06/26/2023,01/16/2026 05:35:31,7
5518,US5PSECG,View,2,05/16/2024,0,05/16/2024,01/16/2026 05:35:31,7
5519,US5PSEDC,View,2,05/20/2024,0,05/20/2024,01/16/2026 05:35:30,7
5520,US5PSEDD,View,2,05/20/2024,0,05/20/2024,01/16/2026 05:35:30,7
5521,US5PSEDE,View,2,09/04/2025,0,09/04/2025,01/16/2026 05:35:30,7
5522,US5PSEDF,View,1,06/29/2023,0,06/29/2023,01/16/2026 05:35:30,7
5523,US5PSEDG,View,1,06/26/2023,0,06/26/2023,01/16/2026 05:35:29,7
5524,US5PSEEC,View,1,06/26/2023,0,06/26/2023,01/16/2026 05:35:29,7
5525,US5PSMBC,View,4,02/12/2025,0,02/12/2025,01/16/2026 05:35:29,1
5526,US5PSMBD,View,3,02/14/2025,0,02/14/2025,01/16/2026 05:35:29,1
5527,US5PSMBE,View,2,02/14/2025,0,02/14/2025,01/16/2026 05:35:29,1
5528,US5PSMCC,View,4,02/18/2025,0,02/18/2025,01/16/2026 05:35:28,1
5529,US5PSMCD,View,5,07/28/2025,0,07/28/2025,01/16/2026 05:35:28,1
5530,US5PSMCE,View,2,02/14/2025,0,02/14/2025,01/16/2026 05:35:28,1
5531,US5PSSDC,View,1,10/31/2024,2,06/06/2025,01/16/2026 05:35:28,9
5532,US5PSSDD,View,1,10/31/2024,0,10/31/2024,01/16/2026 05:35:28,9
5533,US5PSSEC,View,1,10/31/2024,1,06/06/2025,01/16/2026 05:35:28,9
5534,US5PSSED,View,1,10/31/2024,0,10/31/2024,01/16/2026 05:35:27,9
5535,US5PTJAA,View,4,12/19/2025,0,12/19/2025,01/16/2026 05:35:27,1
5536,US5PTJBA,View,5,12/19/2025,0,12/19/2025,01/16/2026 05:35:27,1
5537,US5PVDAA,View,4,06/16/2025,0,06/16/2025,01/16/2026 05:35:27,1
5538,US5PVDAB,View,3,06/16/2025,0,06/16/2025,01/16/2026 05:35:26,1
5539,US5PVDBA,View,3,06/16/2025,1,12/01/2025,01/16/2026 05:35:26,1
5540,US5PVDBB,View,4,06/16/2025,0,06/16/2025,01/16/2026 05:35:26,1
5541,US5PVDBC,View,3,06/20/2025,0,06/20/2025,01/16/2026 05:35:26,1
5542,US5PVDCB,View,3,06/16/2025,0,06/16/2025,01/16/2026 05:35:26,1
5543,US5PVDCC,View,4,06/20/2025,0,06/20/2025,01/16/2026 05:35:25,1
5544,US5PVDCD,View,3,06/20/2025,0,06/20/2025,01/16/2026 05:35:25,1
5545,US5PVDCE,View,3,06/23/2025,0,06/23/2025,01/16/2026 05:35:25,1
5546,US5PVDCF,View,3,06/23/2025,0,06/23/2025,01/16/2026 05:35:25,1
5547,US5PVDDC,View,4,06/20/2025,1,07/30/2025,01/16/2026 05:35:24,1
5548,US5PVDDD,View,5,06/20/2025,1,07/30/2025,01/16/2026 05:35:24,1
5549,US5PVDDE,View,4,06/23/2025,1,07/30/2025,01/16/2026 05:35:24,1
5550,US5PVDDF,View,3,06/23/2025,0,06/23/2025,01/16/2026 05:35:24,1
5551,US5PVDEC,View,8,11/19/2025,1,12/18/2025,01/16/2026 05:35:24,1
5552,US5PVDED,View,5,07/09/2025,2,09/19/2025,01/16/2026 05:35:23,1
5553,US5PVDEE,View,3,07/09/2025,1,07/30/2025,01/16/2026 05:35:23,1
5554,US5PVDFC,View,3,07/09/2025,0,07/09/2025,01/16/2026 05:35:23,1
5555,US5PVDFD,View,4,07/09/2025,2,09/19/2025,01/16/2026 05:35:23,1
5556,US5PVDFE,View,5,07/09/2025,0,07/09/2025,01/16/2026 05:35:22,1
5557,US5PVDGC,View,2,07/03/2025,0,07/03/2025,01/16/2026 05:35:22,1
5558,US5PVDGD,View,4,07/03/2025,1,07/16/2025,01/16/2026 05:35:22,1
5559,US5PVDHC,View,3,07/03/2025,0,07/03/2025,01/16/2026 05:35:22,1
5560,US5PVDHD,View,5,07/03/2025,0,07/03/2025,01/16/2026 05:35:21,1
5561,US5PVDID,View,3,07/03/2025,0,07/03/2025,01/16/2026 05:35:21,1
5562,US5PWMBD,View,2,02/06/2025,1,12/22/2025,01/16/2026 05:35:21,1
5563,US5PWMCB,View,3,02/06/2025,0,02/06/2025,01/16/2026 05:35:21,1
5564,US5PWMCC,View,4,02/07/2025,3,10/22/2025,01/16/2026 05:35:20,1
5565,US5PWMCD,View,2,04/05/2024,0,04/05/2024,01/16/2026 05:35:20,1
5566,US5PWMCE,View,3,02/10/2025,0,02/10/2025,01/16/2026 05:35:20,1
5567,US5PWMDB,View,2,02/07/2025,0,02/07/2025,01/16/2026 05:35:20,1
5568,US5PWMDC,View,5,02/07/2025,1,07/18/2025,01/16/2026 05:35:19,1
5569,US5PWMDD,View,3,02/10/2025,2,07/18/2025,01/16/2026 05:35:19,1
5570,US5RI1AB,View,3,07/10/2025,0,07/10/2025,01/16/2026 05:35:19,1
5571,US5RI1AC,View,3,07/10/2025,0,07/10/2025,01/16/2026 05:35:19,1
5572,US5RI1AD,View,3,07/28/2025,0,07/28/2025,01/16/2026 05:35:19,1
5573,US5RI1AE,View,3,07/28/2025,0,07/28/2025,01/16/2026 05:35:18,1
5574,US5RI1BB,View,3,07/10/2025,0,07/10/2025,01/16/2026 05:35:18,1
5575,US5RI1BC,View,3,07/10/2025,0,07/10/2025,01/16/2026 05:35:18,1
5576,US5RI1BD,View,3,07/28/2025,0,07/28/2025,01/16/2026 05:35:18,1
5577,US5RI1BE,View,3,07/28/2025,0,07/28/2025,01/16/2026 05:35:18,1
5578,US5RI1CA,View,3,09/09/2025,0,09/09/2025,01/16/2026 05:35:17,1
5579,US5RI1CB,View,3,07/10/2025,0,07/10/2025,01/16/2026 05:35:17,1
5580,US5RI1CC,View,3,07/10/2025,0,07/10/2025,01/16/2026 05:35:17,1
5581,US5RI1CD,View,3,07/28/2025,0,07/28/2025,01/16/2026 05:35:17,1
5582,US5RI1CE,View,3,07/28/2025,0,07/28/2025,01/16/2026 05:35:17,1
5583,US5RI1DA,View,3,08/08/2025,0,08/08/2025,01/16/2026 05:35:17,1
5584,US5RI1DB,View,3,08/08/2025,0,08/08/2025,01/16/2026 05:35:17,1
5585,US5RI1DC,View,3,08/08/2025,0,08/08/2025,01/16/2026 05:35:16,1
5586,US5RI1EA,View,3,08/08/2025,1,08/29/2025,01/16/2026 05:35:16,1
5587,US5RI1EB,View,3,08/08/2025,0,08/08/2025,01/16/2026 05:35:16,1
5588,US5RI1EC,View,3,08/08/2025,0,08/08/2025,01/16/2026 05:35:16,1
5589,US5SACBC,View,1,12/03/2025,0,12/03/2025,01/16/2026 05:35:16,11
5590,US5SACDC,View,1,12/03/2025,0,12/03/2025,01/16/2026 05:35:16,11
5591,US5SACEC,View,1,12/03/2025,0,12/03/2025,01/16/2026 05:35:15,11
5592,US5SACED,View,1,12/03/2025,0,12/03/2025,01/16/2026 05:35:15,11
5593,US5SACFD,View,1,12/03/2025,0,12/03/2025,01/16/2026 05:35:15,11
5594,US5SACGD,View,1,12/03/2025,0,12/03/2025,01/16/2026 05:35:15,11
5595,US5SACGE,View,1,12/03/2025,0,12/03/2025,01/16/2026 05:35:15,11
5596,US5SACHD,View,1,12/03/2025,0,12/03/2025,01/16/2026 05:35:15,11
5597,US5SACHE,View,1,12/03/2025,0,12/03/2025,01/16/2026 05:35:14,11
5598,US5SACHF,View,1,12/03/2025,0,12/03/2025,01/16/2026 05:35:14,11
5599,US5SACID,View,1,12/03/2025,0,12/03/2025,01/16/2026 05:35:14,11
5600,US5SACIE,View,1,12/03/2025,0,12/03/2025,01/16/2026 05:35:14,11
5601,US5SANBB,View,1,12/16/2025,0,12/16/2025,01/16/2026 05:35:14,11
5602,US5SANBC,View,1,12/16/2025,0,12/16/2025,01/16/2026 05:35:14,11
5603,US5SANBD,View,1,12/16/2025,0,12/16/2025,01/16/2026 05:35:13,11
5604,US5SANBE,View,1,12/16/2025,0,12/16/2025,01/16/2026 05:35:13,11
5605,US5SANCB,View,1,12/16/2025,0,12/16/2025,01/16/2026 05:35:13,11
5606,US5SANCC,View,1,12/16/2025,0,12/16/2025,01/16/2026 05:35:13,11
5607,US5SANCD,View,1,12/17/2025,0,12/17/2025,01/16/2026 05:35:13,11
5608,US5SANCE,View,1,12/16/2025,0,12/16/2025,01/16/2026 05:35:12,11
5609,US5SANDC,View,1,12/17/2025,0,12/17/2025,01/16/2026 05:35:12,11
5610,US5SANDD,View,1,12/16/2025,0,12/16/2025,01/16/2026 05:35:12,11
5611,US5SANEC,View,1,12/16/2025,0,12/16/2025,01/16/2026 05:35:11,11
5612,US5SANED,View,1,12/16/2025,0,12/16/2025,01/16/2026 05:35:11,11
5613,US5SAVBH,View,1,06/26/2023,0,06/26/2023,01/16/2026 05:35:11,7
5614,US5SAVBI,View,4,07/14/2025,0,07/14/2025,01/16/2026 05:35:11,7
5615,US5SAVBJ,View,4,07/14/2025,0,07/14/2025,01/16/2026 05:35:11,7
5616,US5SAVCE,View,1,11/29/2023,0,11/29/2023,01/16/2026 05:35:11,7
5617,US5SAVCF,View,2,08/29/2025,0,08/29/2025,01/16/2026 05:35:11,7
5618,US5SAVCG,View,4,07/14/2025,0,07/14/2025,01/16/2026 05:35:10,7
5619,US5SAVCH,View,4,07/14/2025,0,07/14/2025,01/16/2026 05:35:10,7
5620,US5SAVCI,View,4,07/14/2025,0,07/14/2025,01/16/2026 05:35:10,7
5621,US5SAVCJ,View,1,06/26/2023,0,06/26/2023,01/16/2026 05:35:10,7
5622,US5SAVDC,View,7,07/14/2025,0,07/14/2025,01/16/2026 05:35:10,7
5623,US5SAVDD,View,7,12/15/2025,0,12/15/2025,01/16/2026 05:35:10,7
5624,US5SAVDE,View,6,07/14/2025,0,07/14/2025,01/16/2026 05:35:09,7
5625,US5SAVDF,View,6,07/14/2025,0,07/14/2025,01/16/2026 05:35:09,7
5626,US5SAVDG,View,5,07/14/2025,0,07/14/2025,01/16/2026 05:35:09,7
5627,US5SAVDH,View,1,11/29/2023,0,11/29/2023,01/16/2026 05:35:09,7
5628,US5SAVDI,View,2,05/20/2024,0,05/20/2024,01/16/2026 05:35:09,7
5629,US5SAVDJ,View,1,06/12/2024,0,06/12/2024,01/16/2026 05:35:08,7
5630,US5SAVEB,View,5,08/20/2025,0,08/20/2025,01/16/2026 05:35:08,7
5631,US5SAVEC,View,6,07/14/2025,0,07/14/2025,01/16/2026 05:35:08,7
5632,US5SAVED,View,4,07/14/2025,0,07/14/2025,01/16/2026 05:35:08,7
5633,US5SAVEE,View,4,07/14/2025,1,11/12/2025,01/16/2026 05:35:08,7
5634,US5SAVFB,View,1,03/29/2024,0,03/29/2024,01/16/2026 05:35:07,7
5635,US5SAVFC,View,1,03/29/2024,0,03/29/2024,01/16/2026 05:35:07,7
cxl,US5SC12M,View,45,05/15/2025,1,08/22/2025,01/16/2026 05:35:07,7
cxl,US5SC18M,View,33,09/09/2025,1,09/29/2025,01/16/2026 05:35:07,7
5636,US5SC1AB,View,3,05/20/2025,0,05/20/2025,01/16/2026 05:35:06,7
5637,US5SC1AC,View,1,11/29/2023,1,01/08/2024,01/16/2026 05:35:06,7
5638,US5SC1AD,View,1,11/29/2023,0,11/29/2023,01/16/2026 05:35:06,7
5639,US5SC1AE,View,1,11/29/2023,0,11/29/2023,01/16/2026 05:35:06,7
5640,US5SC1AF,View,1,06/12/2024,0,06/12/2024,01/16/2026 05:35:06,7
5641,US5SC1BC,View,1,06/13/2024,0,06/13/2024,01/16/2026 05:35:06,7
5642,US5SC1BD,View,1,06/13/2024,0,06/13/2024,01/16/2026 05:35:06,7
5643,US5SC1BE,View,1,06/13/2024,0,06/13/2024,01/16/2026 05:35:05,7
5644,US5SC1BF,View,1,06/13/2024,0,06/13/2024,01/16/2026 05:35:05,7
5645,US5SC1CD,View,1,06/20/2024,0,06/20/2024,01/16/2026 05:35:05,7
5646,US5SC1CE,View,1,06/20/2024,0,06/20/2024,01/16/2026 05:35:05,7
5647,US5SC1DE,View,1,06/13/2024,0,06/13/2024,01/16/2026 05:35:05,7
5648,US5SC1EE,View,1,10/28/2024,0,10/28/2024,01/16/2026 05:35:04,7
5649,US5SC1FE,View,1,10/28/2024,0,10/28/2024,01/16/2026 05:35:04,7
5650,US5SC1FF,View,1,10/28/2024,0,10/28/2024,01/16/2026 05:35:04,7
5651,US5SC1FG,View,1,10/28/2024,0,10/28/2024,01/16/2026 05:35:04,7
5652,US5SC1FH,View,1,10/28/2024,0,10/28/2024,01/16/2026 05:35:04,7
5653,US5SC1FI,View,1,05/13/2025,0,05/13/2025,01/16/2026 05:35:03,7
5654,US5SC1FL,View,1,05/13/2025,0,05/13/2025,01/16/2026 05:35:03,7
5655,US5SC1GH,View,1,10/28/2024,0,10/28/2024,01/16/2026 05:35:03,7
5656,US5SC1GI,View,1,05/13/2025,0,05/13/2025,01/16/2026 05:35:03,7
5657,US5SC1GJ,View,1,05/13/2025,0,05/13/2025,01/16/2026 05:35:02,7
5658,US5SC1GK,View,1,05/13/2025,0,05/13/2025,01/16/2026 05:35:02,7
5659,US5SC1GL,View,1,05/13/2025,0,05/13/2025,01/16/2026 05:35:02,7
5660,US5SC1HI,View,1,05/13/2025,0,05/13/2025,01/16/2026 05:35:02,7
5661,US5SC1HJ,View,1,05/13/2025,1,11/12/2025,01/16/2026 05:35:02,7
5662,US5SC1HK,View,1,05/13/2025,0,05/13/2025,01/16/2026 05:35:01,7
5663,US5SC1IK,View,1,05/13/2025,0,05/13/2025,01/16/2026 05:35:01,7
5664,US5SC1IL,View,1,05/13/2025,0,05/13/2025,01/16/2026 05:35:01,7
5665,US5SC1IM,View,1,03/08/2024,0,03/08/2024,01/16/2026 05:35:01,7
5666,US5SC1JL,View,1,05/13/2025,0,05/13/2025,01/16/2026 05:35:01,7
5667,US5SC1JQ,View,2,03/20/2025,0,03/20/2025,01/16/2026 05:35:01,7
5668,US5SC1KQ,View,1,03/08/2024,0,03/08/2024,01/16/2026 05:35:01,7
5669,US5SC1KR,View,1,12/19/2024,0,12/19/2024,01/16/2026 05:35:00,7
5670,US5SC1LN,View,2,08/26/2025,0,08/26/2025,01/16/2026 05:35:00,7
5671,US5SC1LO,View,3,08/26/2025,0,08/26/2025,01/16/2026 05:35:00,7
5672,US5SC1LP,View,2,08/26/2025,0,08/26/2025,01/16/2026 05:35:00,7
5673,US5SC1LQ,View,2,08/26/2025,0,08/26/2025,01/16/2026 05:34:59,7
5674,US5SC1LR,View,1,12/19/2024,0,12/19/2024,01/16/2026 05:34:59,7
5675,US5SC1LS,View,1,12/19/2024,0,12/19/2024,01/16/2026 05:34:59,7
5676,US5SC1MN,View,2,08/26/2025,0,08/26/2025,01/16/2026 05:34:59,7
5677,US5SC1MO,View,2,08/26/2025,0,08/26/2025,01/16/2026 05:34:59,7
5678,US5SC1MP,View,2,08/26/2025,0,08/26/2025,01/16/2026 05:34:58,7
5679,US5SC1MS,View,1,12/19/2024,0,12/19/2024,01/16/2026 05:34:58,7
5680,US5SC1MT,View,1,12/19/2024,0,12/19/2024,01/16/2026 05:34:58,7
5681,US5SC1MU,View,1,12/19/2024,0,12/19/2024,01/16/2026 05:34:58,7
5682,US5SC1NN,View,2,08/26/2025,0,08/26/2025,01/16/2026 05:34:58,7
5683,US5SC1NO,View,2,08/26/2025,0,08/26/2025,01/16/2026 05:34:58,7
5684,US5SC1NP,View,2,08/26/2025,0,08/26/2025,01/16/2026 05:34:57,7
5685,US5SC1NU,View,1,12/19/2024,0,12/19/2024,01/16/2026 05:34:57,7
5686,US5SC1NV,View,1,08/18/2025,0,08/18/2025,01/16/2026 05:34:57,7
5687,US5SC1NW,View,1,06/16/2025,0,06/16/2025,01/16/2026 05:34:57,7
5688,US5SC1OV,View,1,08/18/2025,0,08/18/2025,01/16/2026 05:34:57,7
5689,US5SC1OW,View,1,06/17/2025,0,06/17/2025,01/16/2026 05:34:56,7
5690,US5SC1OX,View,1,06/17/2025,0,06/17/2025,01/16/2026 05:34:56,7
5691,US5SC1OY,View,1,06/17/2025,0,06/17/2025,01/16/2026 05:34:56,7
5692,US5SC1OZ,View,1,06/17/2025,0,06/17/2025,01/16/2026 05:34:56,7
5693,US5SC1PW,View,1,06/17/2025,0,06/17/2025,01/16/2026 05:34:56,7
5694,US5SC1PX,View,1,06/17/2025,0,06/17/2025,01/16/2026 05:34:55,7
5695,US5SC1PY,View,1,06/17/2025,0,06/17/2025,01/16/2026 05:34:55,7
5696,US5SC1PZ,View,1,06/17/2025,0,06/17/2025,01/16/2026 05:34:55,7
5697,US5SC1QW,View,1,06/17/2025,0,06/17/2025,01/16/2026 05:34:55,7
5698,US5SC1QX,View,1,06/17/2025,0,06/17/2025,01/16/2026 05:34:55,7
cxl,US5SC21M,View,28,02/25/2025,1,09/09/2025,01/16/2026 05:34:54,7
cxl,US5SC23M,View,36,08/22/2025,1,09/09/2025,01/16/2026 05:34:54,7
cxl,US5SC24M,View,20,10/28/2024,1,09/09/2025,01/16/2026 05:34:54,7
cxl,US5SC25M,View,23,08/22/2025,1,09/29/2025,01/16/2026 05:34:54,7
5699,US5SC2AB,View,1,06/17/2025,0,06/17/2025,01/16/2026 05:34:53,7
5700,US5SC2AC,View,1,06/17/2025,0,06/17/2025,01/16/2026 05:34:53,7
5701,US5SC2BB,View,1,06/17/2025,0,06/17/2025,01/16/2026 05:34:53,7
5702,US5SC2BC,View,1,06/17/2025,0,06/17/2025,01/16/2026 05:34:53,7
5703,US5SC2BD,View,1,06/17/2025,0,06/17/2025,01/16/2026 05:34:53,7
5704,US5SC2BE,View,1,06/17/2025,1,09/08/2025,01/16/2026 05:34:53,7
5705,US5SC2CC,View,1,06/17/2025,0,06/17/2025,01/16/2026 05:34:52,7
5706,US5SC2CD,View,1,06/17/2025,0,06/17/2025,01/16/2026 05:34:52,7
5707,US5SC2CE,View,1,06/17/2025,1,09/08/2025,01/16/2026 05:34:52,7
5708,US5SC2DD,View,1,12/11/2024,0,12/11/2024,01/16/2026 05:34:52,7
5709,US5SC2ED,View,1,12/11/2024,0,12/11/2024,01/16/2026 05:34:52,7
5710,US5SC2EE,View,1,12/11/2024,0,12/11/2024,01/16/2026 05:34:52,7
5711,US5SC2EF,View,1,12/11/2024,0,12/11/2024,01/16/2026 05:34:51,7
5712,US5SC2EG,View,1,12/11/2024,0,12/11/2024,01/16/2026 05:34:51,7
5713,US5SC2FG,View,1,12/11/2024,0,12/11/2024,01/16/2026 05:34:51,7
5714,US5SC2FH,View,1,12/11/2024,0,12/11/2024,01/16/2026 05:34:51,7
5715,US5SC2FI,View,1,12/11/2024,0,12/11/2024,01/16/2026 05:34:51,7
5716,US5SC2GI,View,1,12/11/2024,0,12/11/2024,01/16/2026 05:34:51,7
5717,US5SC2GJ,View,1,12/11/2024,0,12/11/2024,01/16/2026 05:34:50,7
5718,US5SC2GK,View,1,12/11/2024,2,10/30/2025,01/16/2026 05:34:50,7
5719,US5SC32M,View,48,12/19/2025,0,12/19/2025,01/16/2026 05:34:50,7
5720,US5SC34M,View,59,12/19/2025,0,12/19/2025,01/16/2026 05:34:50,"5, 7"
5721,US5SEAFG,View,1,09/22/2025,0,09/22/2025,01/16/2026 05:34:50,13
5722,US5SEAGE,View,1,09/19/2025,0,09/19/2025,01/16/2026 05:34:49,13
5723,US5SEAGF,View,1,09/19/2025,0,09/19/2025,01/16/2026 05:34:49,13
5724,US5SEAGG,View,1,09/22/2025,0,09/22/2025,01/16/2026 05:34:49,13
5725,US5SEAHE,View,1,09/19/2025,0,09/19/2025,01/16/2026 05:34:49,13
5726,US5SEAHF,View,1,09/19/2025,0,09/19/2025,01/16/2026 05:34:49,13
5727,US5SEAHG,View,1,09/19/2025,0,09/19/2025,01/16/2026 05:34:49,13
5728,US5SEAIE,View,1,09/19/2025,0,09/19/2025,01/16/2026 05:34:48,13
5729,US5SEAIF,View,1,09/19/2025,0,09/19/2025,01/16/2026 05:34:48,13
5730,US5SEAIG,View,1,12/04/2025,0,12/04/2025,01/16/2026 05:34:48,13
5731,US5SEAIH,View,1,12/04/2025,0,12/04/2025,01/16/2026 05:34:48,13
5732,US5SEAII,View,1,12/04/2025,0,12/04/2025,01/16/2026 05:34:48,13
5733,US5SEAIJ,View,1,12/04/2025,0,12/04/2025,01/16/2026 05:34:47,13
5734,US5SEAJH,View,1,12/04/2025,0,12/04/2025,01/16/2026 05:34:47,13
5735,US5SEAJI,View,1,12/04/2025,0,12/04/2025,01/16/2026 05:34:47,13
5736,US5SEAKG,View,1,12/04/2025,0,12/04/2025,01/16/2026 05:34:47,13
5737,US5SEAKH,View,1,12/04/2025,0,12/04/2025,01/16/2026 05:34:47,13
5738,US5SEAKN,View,1,11/20/2025,0,11/20/2025,01/16/2026 05:34:47,13
5739,US5SEAKO,View,1,11/20/2025,0,11/20/2025,01/16/2026 05:34:46,13
5740,US5SEALF,View,1,12/05/2025,0,12/05/2025,01/16/2026 05:34:46,13
5741,US5SEALG,View,1,12/04/2025,0,12/04/2025,01/16/2026 05:34:46,13
5742,US5SEALN,View,1,11/20/2025,0,11/20/2025,01/16/2026 05:34:46,13
5743,US5SEAMF,View,1,12/04/2025,0,12/04/2025,01/16/2026 05:34:46,13
5744,US5SEAMG,View,1,12/05/2025,0,12/05/2025,01/16/2026 05:34:45,13
5745,US5SJUCD,View,8,08/14/2025,1,08/27/2025,01/16/2026 05:34:45,7
5746,US5SJUCE,View,2,04/25/2025,0,04/25/2025,01/16/2026 05:34:45,7
5747,US5SJUCF,View,3,04/25/2025,0,04/25/2025,01/16/2026 05:34:45,7
5748,US5SJUDC,View,3,04/25/2025,0,04/25/2025,01/16/2026 05:34:45,7
5749,US5SJUDD,View,6,09/11/2025,0,09/11/2025,01/16/2026 05:34:44,7
5750,US5SJUDE,View,2,04/25/2025,0,04/25/2025,01/16/2026 05:34:44,7
5751,US5SJUDF,View,3,04/30/2025,0,04/30/2025,01/16/2026 05:34:44,7
5752,US5SJUEC,View,3,04/25/2025,0,04/25/2025,01/16/2026 05:34:44,7
5753,US5SJUED,View,3,04/25/2025,0,04/25/2025,01/16/2026 05:34:44,7
5754,US5SJUEE,View,3,04/25/2025,0,04/25/2025,01/16/2026 05:34:43,7
5755,US5SJUEF,View,3,04/25/2025,0,04/25/2025,01/16/2026 05:34:43,7
5756,US5SP02M,View,5,05/07/2025,0,05/07/2025,01/16/2026 05:34:43,14
5757,US5SP03M,View,17,03/13/2024,3,05/14/2024,01/16/2026 05:34:43,14
5758,US5SP06A,View,1,05/20/2025,0,05/20/2025,01/16/2026 05:34:43,14
5759,US5SP06M,View,8,05/20/2025,0,05/20/2025,01/16/2026 05:34:42,14
5760,US5SP07M,View,15,05/07/2025,0,05/07/2025,01/16/2026 05:34:42,14
5761,US5SP08A,View,1,07/11/2025,0,07/11/2025,01/16/2026 05:34:42,14
5762,US5SP08B,View,1,07/11/2025,0,07/11/2025,01/16/2026 05:34:42,14
5763,US5SP08C,View,1,07/11/2025,0,07/11/2025,01/16/2026 05:34:42,14
5764,US5SP08D,View,1,07/11/2025,0,07/11/2025,01/16/2026 05:34:42,14
5765,US5SP08E,View,1,07/11/2025,0,07/11/2025,01/16/2026 05:34:41,14
5766,US5SP08F,View,1,07/11/2025,0,07/11/2025,01/16/2026 05:34:41,14
5767,US5SP08M,View,11,07/11/2025,0,07/11/2025,01/16/2026 05:34:41,14
5768,US5SP09M,View,6,07/16/2025,0,07/16/2025,01/16/2026 05:34:41,14
5769,US5SP10M,View,8,05/07/2025,0,05/07/2025,01/16/2026 05:34:41,14
5770,US5SP20M,View,6,05/14/2025,0,05/14/2025,01/16/2026 05:34:40,14
5771,US5SP21M,View,3,09/05/2017,0,09/05/2017,01/16/2026 05:34:40,14
cxl,US5SP22M,View,4,08/09/2017,1,08/22/2025,01/16/2026 05:34:40,14
5772,US5SP23M,View,5,05/15/2025,0,05/15/2025,01/16/2026 05:34:40,14
5773,US5SP24M,View,4,09/05/2017,1,02/08/2018,01/16/2026 05:34:40,14
cxl,US5SP25M,View,3,08/09/2017,2,08/22/2025,01/16/2026 05:34:39,14
5774,US5SP30M,View,10,04/05/2023,0,04/05/2023,01/16/2026 05:34:39,14
5775,US5SP31M,View,5,09/06/2017,0,09/06/2017,01/16/2026 05:34:39,14
cxl,US5SP41M,View,4,08/09/2017,2,08/06/2025,01/16/2026 05:34:39,14
5776,US5SSIBF,View,6,07/11/2025,0,07/11/2025,01/16/2026 05:34:39,7
5777,US5SSIBG,View,3,07/11/2025,0,07/11/2025,01/16/2026 05:34:38,7
5778,US5SSICB,View,2,07/11/2025,0,07/11/2025,01/16/2026 05:34:38,7
5779,US5SSICC,View,7,07/11/2025,0,07/11/2025,01/16/2026 05:34:38,7
5780,US5SSICD,View,4,07/11/2025,0,07/11/2025,01/16/2026 05:34:38,7
5781,US5SSICE,View,4,07/11/2025,0,07/11/2025,01/16/2026 05:34:38,7
5782,US5SSICF,View,4,07/11/2025,0,07/11/2025,01/16/2026 05:34:37,7
5783,US5SSICG,View,2,07/11/2025,0,07/11/2025,01/16/2026 05:34:37,7
5784,US5SSIDB,View,6,07/11/2025,0,07/11/2025,01/16/2026 05:34:37,7
5785,US5SSIDC,View,6,07/11/2025,0,07/11/2025,01/16/2026 05:34:37,7
5786,US5SSIDD,View,4,07/11/2025,0,07/11/2025,01/16/2026 05:34:37,7
5787,US5SSIDE,View,2,07/11/2025,0,07/11/2025,01/16/2026 05:34:37,7
5788,US5SSIDF,View,2,07/11/2025,0,07/11/2025,01/16/2026 05:34:36,7
5789,US5SSIDG,View,2,07/11/2025,0,07/11/2025,01/16/2026 05:34:36,7
5790,US5TB3P1,View,1,04/16/2025,0,04/16/2025,01/16/2026 05:34:36,14
5791,US5TB4S1,View,1,10/02/2025,0,10/02/2025,01/16/2026 05:34:36,14
5792,US5TB4S2,View,1,10/02/2025,0,10/02/2025,01/16/2026 05:34:35,14
5793,US5TB4Y1,View,1,09/24/2025,0,09/24/2025,01/16/2026 05:34:35,14
5794,US5TB4Y3,View,1,09/24/2025,0,09/24/2025,01/16/2026 05:34:35,14
5795,US5TC3N2,View,1,09/24/2025,0,09/24/2025,01/16/2026 05:34:35,14
5796,US5TD1U4,View,1,06/05/2025,0,06/05/2025,01/16/2026 05:34:35,14
5797,US5TD3D2,View,1,12/17/2025,0,12/17/2025,01/16/2026 05:34:35,14
5798,US5TD3D4,View,1,12/17/2025,0,12/17/2025,01/16/2026 05:34:34,14
5799,US5TD4C3,View,1,06/06/2025,0,06/06/2025,01/16/2026 05:34:34,14
5800,US5TD4K3,View,1,10/02/2025,0,10/02/2025,01/16/2026 05:34:34,14
5801,US5TE3C2,View,1,11/04/2025,0,11/04/2025,01/16/2026 05:34:34,14
5802,US5TE3D1,View,1,11/04/2025,0,11/04/2025,01/16/2026 05:34:34,14
5803,US5TE4E4,View,1,11/08/2024,0,11/08/2024,01/16/2026 05:34:34,14
5804,US5TE4J2,View,1,11/08/2024,0,11/08/2024,01/16/2026 05:34:33,14
5805,US5TE4S4,View,1,11/08/2024,0,11/08/2024,01/16/2026 05:34:33,14
5806,US5TE4T1,View,1,11/08/2024,0,11/08/2024,01/16/2026 05:34:33,14
5807,US5TE4X1,View,1,11/08/2024,0,11/08/2024,01/16/2026 05:34:33,14
5808,US5TE4Z3,View,1,11/08/2024,0,11/08/2024,01/16/2026 05:34:33,14
5809,US5TF3G2,View,1,11/14/2024,0,11/14/2024,01/16/2026 05:34:32,14
5810,US5TF3R3,View,1,11/08/2024,0,11/08/2024,01/16/2026 05:34:32,14
5811,US5TK2E2,View,1,11/08/2024,0,11/08/2024,01/16/2026 05:34:32,14
5812,US5TK2J2,View,1,07/19/2024,0,07/19/2024,01/16/2026 05:34:32,14
5813,US5TL1K1,View,2,03/14/2025,0,03/14/2025,01/16/2026 05:34:32,14
5814,US5TOLAH,View,1,09/09/2025,0,09/09/2025,01/16/2026 05:34:31,9
5815,US5TOLAI,View,1,09/09/2025,0,09/09/2025,01/16/2026 05:34:31,9
5816,US5TOLBA,View,1,09/09/2025,0,09/09/2025,01/16/2026 05:34:31,9
5817,US5TOLBB,View,1,09/09/2025,1,11/21/2025,01/16/2026 05:34:31,9
5818,US5TOLBC,View,1,09/09/2025,1,11/21/2025,01/16/2026 05:34:31,9
5819,US5TOLBG,View,1,09/09/2025,0,09/09/2025,01/16/2026 05:34:30,9
5820,US5TOLBH,View,1,09/09/2025,0,09/09/2025,01/16/2026 05:34:30,9
5821,US5TOLBI,View,1,09/09/2025,0,09/09/2025,01/16/2026 05:34:30,9
5822,US5TOLCB,View,1,09/09/2025,0,09/09/2025,01/16/2026 05:34:30,9
5823,US5TOLCC,View,2,11/21/2025,0,11/21/2025,01/16/2026 05:34:30,9
5824,US5TOLCD,View,1,09/09/2025,1,11/21/2025,01/16/2026 05:34:29,9
5825,US5TOLCE,View,1,09/09/2025,0,09/09/2025,01/16/2026 05:34:29,9
5826,US5TOLCF,View,1,09/09/2025,0,09/09/2025,01/16/2026 05:34:29,9
5827,US5TOLCG,View,1,09/09/2025,0,09/09/2025,01/16/2026 05:34:29,9
5828,US5TOLCH,View,1,09/09/2025,0,09/09/2025,01/16/2026 05:34:29,9
5829,US5TOLDC,View,1,05/16/2025,1,11/21/2025,01/16/2026 05:34:28,9
5830,US5TOLDD,View,2,11/21/2025,1,12/17/2025,01/16/2026 05:34:28,9
5831,US5TOLDE,View,1,05/16/2025,2,12/17/2025,01/16/2026 05:34:28,9
5832,US5TOLDF,View,1,05/16/2025,0,05/16/2025,01/16/2026 05:34:28,9
5833,US5TOLDG,View,1,05/16/2025,0,05/16/2025,01/16/2026 05:34:28,9
5834,US5TOLDH,View,1,05/16/2025,0,05/16/2025,01/16/2026 05:34:27,9
5835,US5TOLED,View,1,05/16/2025,1,01/07/2026,01/16/2026 05:34:27,9
5836,US5TOLEE,View,1,05/16/2025,0,05/16/2025,01/16/2026 05:34:27,9
5837,US5TOLEF,View,1,05/16/2025,0,05/16/2025,01/16/2026 05:34:27,9
5838,US5TOLEG,View,1,05/16/2025,0,05/16/2025,01/16/2026 05:34:27,9
5839,US5TOLEH,View,1,05/16/2025,0,05/16/2025,01/16/2026 05:34:27,9
5840,US5TOLFD,View,1,05/16/2025,0,05/16/2025,01/16/2026 05:34:26,9
5841,US5TOLFE,View,1,05/16/2025,4,12/31/2025,01/16/2026 05:34:26,9
5842,US5TOLFF,View,1,05/16/2025,1,12/12/2025,01/16/2026 05:34:26,9
5843,US5TOLFG,View,1,05/16/2025,0,05/16/2025,01/16/2026 05:34:26,9
5844,US5TOLFH,View,1,05/16/2025,1,09/17/2025,01/16/2026 05:34:26,9
5845,US5TOLGE,View,1,05/16/2025,0,05/16/2025,01/16/2026 05:34:25,9
5846,US5TOLGF,View,1,05/16/2025,2,09/26/2025,01/16/2026 05:34:25,9
5847,US5TPACB,View,3,11/12/2024,0,11/12/2024,01/16/2026 05:34:25,7
5848,US5TPACC,View,4,03/12/2025,0,03/12/2025,01/16/2026 05:34:25,7
5849,US5TPACD,View,4,08/11/2025,0,08/11/2025,01/16/2026 05:34:25,7
5850,US5TPACE,View,4,08/15/2025,0,08/15/2025,01/16/2026 05:34:25,7
5851,US5TPACF,View,5,11/25/2025,0,11/25/2025,01/16/2026 05:34:24,7
5852,US5TPACG,View,3,11/25/2025,0,11/25/2025,01/16/2026 05:34:24,7
5853,US5TPADC,View,3,08/11/2025,0,08/11/2025,01/16/2026 05:34:24,7
5854,US5TPADD,View,4,08/11/2025,0,08/11/2025,01/16/2026 05:34:24,7
5855,US5TPADE,View,5,08/15/2025,0,08/15/2025,01/16/2026 05:34:24,7
5856,US5TPADF,View,5,11/25/2025,0,11/25/2025,01/16/2026 05:34:24,7
5857,US5TPADG,View,4,11/25/2025,0,11/25/2025,01/16/2026 05:34:23,7
5858,US5TPADH,View,3,11/25/2025,0,11/25/2025,01/16/2026 05:34:23,7
5859,US5TPAEE,View,2,07/14/2025,0,07/14/2025,01/16/2026 05:34:23,7
5860,US5TPAEF,View,3,11/25/2025,0,11/25/2025,01/16/2026 05:34:23,7
5861,US5TPAEG,View,3,11/25/2025,0,11/25/2025,01/16/2026 05:34:23,7
5862,US5TPAEH,View,3,11/25/2025,0,11/25/2025,01/16/2026 05:34:23,7
5863,US5TPAEI,View,4,11/25/2025,0,11/25/2025,01/16/2026 05:34:22,7
5864,US5TPAFD,View,2,05/16/2025,0,05/16/2025,01/16/2026 05:34:22,7
5865,US5TPAFE,View,5,05/01/2025,1,01/12/2026,01/16/2026 05:34:22,7
5866,US5TPAFG,View,5,08/15/2025,0,08/15/2025,01/16/2026 05:34:22,7
5867,US5TPAFH,View,4,08/15/2025,0,08/15/2025,01/16/2026 05:34:22,7
5868,US5TPAFI,View,3,08/15/2025,0,08/15/2025,01/16/2026 05:34:22,7
5869,US5TPAFJ,View,3,08/15/2025,0,08/15/2025,01/16/2026 05:34:21,7
5870,US5TPAGD,View,2,05/16/2025,0,05/16/2025,01/16/2026 05:34:21,7
5871,US5TPAGI,View,3,08/15/2025,0,08/15/2025,01/16/2026 05:34:21,7
5872,US5TPAGJ,View,2,08/15/2025,0,08/15/2025,01/16/2026 05:34:21,7
5873,US5TPAHD,View,3,05/19/2025,0,05/19/2025,01/16/2026 05:34:21,7
5874,US5TPAHI,View,6,12/09/2025,0,12/09/2025,01/16/2026 05:34:20,7
5875,US5TPAHJ,View,3,08/15/2025,0,08/15/2025,01/16/2026 05:34:20,7
5876,US5TPAID,View,5,05/01/2025,0,05/01/2025,01/16/2026 05:34:20,7
5877,US5TPAIE,View,4,05/19/2025,0,05/19/2025,01/16/2026 05:34:20,7
5878,US5TPAJD,View,6,05/16/2025,1,12/30/2025,01/16/2026 05:34:19,7
5879,US5TPAJE,View,4,05/16/2025,0,05/16/2025,01/16/2026 05:34:19,7
5880,US5TPAKD,View,8,04/11/2025,1,05/01/2025,01/16/2026 05:34:19,7
5881,US5TPAKE,View,5,04/11/2025,0,04/11/2025,01/16/2026 05:34:19,7
5882,US5TX1AE,View,2,10/02/2025,1,11/18/2025,01/16/2026 05:34:19,8
5883,US5TX1BD,View,1,07/31/2023,3,11/18/2025,01/16/2026 05:34:18,8
5884,US5TX1BE,View,1,07/31/2023,4,11/18/2025,01/16/2026 05:34:18,8
5885,US5TX1CD,View,1,06/22/2023,4,11/18/2025,01/16/2026 05:34:18,8
5886,US5TX1CE,View,2,02/13/2025,0,02/13/2025,01/16/2026 05:34:18,8
5887,US5TX1DD,View,3,01/30/2025,3,11/18/2025,01/16/2026 05:34:18,8
5888,US5TX1DE,View,2,02/13/2025,0,02/13/2025,01/16/2026 05:34:17,8
5889,US5TX1EC,View,1,06/22/2023,2,11/18/2025,01/16/2026 05:34:17,8
5890,US5TX1ED,View,1,06/22/2023,2,11/18/2025,01/16/2026 05:34:17,8
5891,US5TX1FB,View,1,07/21/2025,0,07/21/2025,01/16/2026 05:34:17,8
5892,US5TX1FC,View,1,05/22/2024,2,11/18/2025,01/16/2026 05:34:17,8
5893,US5TX1GB,View,1,07/21/2025,0,07/21/2025,01/16/2026 05:34:16,8
5894,US5TX1GC,View,1,05/22/2024,7,11/18/2025,01/16/2026 05:34:16,8
5895,US5TX1GD,View,1,07/21/2025,0,07/21/2025,01/16/2026 05:34:16,8
5896,US5TX1GE,View,1,07/21/2025,0,07/21/2025,01/16/2026 05:34:16,8
5897,US5TX1HB,View,1,05/22/2024,5,03/25/2025,01/16/2026 05:34:16,8
5898,US5TX1HC,View,1,05/22/2024,4,03/25/2025,01/16/2026 05:34:15,8
5899,US5TX1IB,View,1,05/22/2024,4,03/25/2025,01/16/2026 05:34:15,8
5900,US5TX1JB,View,1,05/22/2024,4,03/25/2025,01/16/2026 05:34:15,8
5901,US5TX1KB,View,1,05/22/2024,4,03/25/2025,01/16/2026 05:34:15,8
5902,US5TX1LB,View,1,05/22/2024,2,03/25/2025,01/16/2026 05:34:14,8
5903,US5TX1MB,View,1,05/22/2024,2,03/25/2025,01/16/2026 05:34:14,8
5904,US5TX1NB,View,1,05/22/2024,3,04/15/2025,01/16/2026 05:34:14,8
5905,US5TX1OB,View,1,05/22/2024,3,04/15/2025,01/16/2026 05:34:14,8
5906,US5TX1OC,View,3,09/09/2025,0,09/09/2025,01/16/2026 05:34:13,8
5907,US5TX1PC,View,3,09/09/2025,0,09/09/2025,01/16/2026 05:34:13,8
5908,US5TX1QC,View,1,05/22/2024,3,04/15/2025,01/16/2026 05:34:13,8
5909,US5TX1RC,View,1,05/22/2024,3,04/15/2025,01/16/2026 05:34:13,8
5910,US5TX1RD,View,3,09/09/2025,0,09/09/2025,01/16/2026 05:34:13,8
5911,US5TX1SD,View,3,09/09/2025,0,09/09/2025,01/16/2026 05:34:13,8
5912,US5TX1TD,View,1,05/22/2024,2,03/25/2025,01/16/2026 05:34:12,8
5913,US5TX1TE,View,2,03/24/2025,0,03/24/2025,01/16/2026 05:34:12,8
5914,US5TX1UE,View,2,03/24/2025,1,05/05/2025,01/16/2026 05:34:12,8
5915,US5TX1VE,View,1,12/12/2023,5,03/25/2025,01/16/2026 05:34:12,8
5916,US5TX2AC,View,1,12/12/2023,3,03/20/2025,01/16/2026 05:34:12,8
5917,US5TX2AD,View,1,12/12/2023,3,03/18/2025,01/16/2026 05:34:11,8
5918,US5TX2AE,View,1,12/12/2023,1,03/18/2025,01/16/2026 05:34:11,8
5919,US5TX2BD,View,1,12/12/2023,3,03/18/2025,01/16/2026 05:34:11,8
5920,US5TX2BE,View,1,12/12/2023,3,03/18/2025,01/16/2026 05:34:11,8
5921,US5TX2CE,View,1,07/31/2024,2,05/20/2025,01/16/2026 05:34:10,8
5922,US5TX2CF,View,1,07/31/2024,2,12/03/2025,01/16/2026 05:34:10,8
5923,US5TX2DF,View,1,07/31/2024,1,11/15/2024,01/16/2026 05:34:10,8
5924,US5TX2DG,View,1,08/01/2024,0,08/01/2024,01/16/2026 05:34:10,8
5925,US5TX2EG,View,1,08/01/2024,0,08/01/2024,01/16/2026 05:34:10,8
5926,US5TX2EH,View,1,07/31/2024,1,02/25/2025,01/16/2026 05:34:09,8
5927,US5TX2EI,View,1,07/31/2024,1,02/25/2025,01/16/2026 05:34:09,8
5928,US5TX2FI,View,1,07/31/2024,3,08/08/2025,01/16/2026 05:34:09,8
5929,US5TX2FJ,View,1,07/31/2024,2,08/08/2025,01/16/2026 05:34:09,8
5930,US5TX2GJ,View,1,07/31/2024,1,02/25/2025,01/16/2026 05:34:09,8
5931,US5TX2GK,View,1,12/15/2023,1,02/25/2025,01/16/2026 05:34:08,8
5932,US5TX2GL,View,3,02/25/2025,0,02/25/2025,01/16/2026 05:34:08,8
5933,US5TX2GM,View,3,02/25/2025,1,03/24/2025,01/16/2026 05:34:08,8
5934,US5TX2GO,View,2,05/08/2025,1,12/16/2025,01/16/2026 05:34:08,8
5935,US5TX2HO,View,1,10/27/2023,1,06/02/2025,01/16/2026 05:34:08,8
5936,US5TX2IO,View,1,10/27/2023,2,05/20/2025,01/16/2026 05:34:08,8
5937,US5TX2IP,View,1,10/27/2023,2,03/24/2025,01/16/2026 05:34:07,8
5938,US5TX2JP,View,1,10/27/2023,2,09/29/2025,01/16/2026 05:34:07,8
5939,US5TX2JQ,View,1,07/25/2024,1,02/25/2025,01/16/2026 05:34:07,8
5940,US5TX2JR,View,1,07/25/2024,2,03/24/2025,01/16/2026 05:34:07,8
5941,US5TX2KR,View,1,07/25/2024,1,02/25/2025,01/16/2026 05:34:07,8
5942,US5TX2KS,View,1,07/25/2024,1,02/25/2025,01/16/2026 05:34:06,8
5943,US5TX2KT,View,1,07/25/2024,1,02/25/2025,01/16/2026 05:34:06,8
5944,US5TX2LT,View,1,07/25/2024,1,02/25/2025,01/16/2026 05:34:06,8
5945,US5TX2LU,View,1,07/25/2024,1,02/25/2025,01/16/2026 05:34:06,8
5946,US5TX2LV,View,1,07/25/2024,1,02/25/2025,01/16/2026 05:34:06,8
5947,US5TX2LW,View,1,07/25/2024,2,03/24/2025,01/16/2026 05:34:06,8
5948,US5TX2LX,View,1,07/25/2024,2,03/24/2025,01/16/2026 05:34:05,8
5949,US5TX2MX,View,1,07/25/2024,2,03/24/2025,01/16/2026 05:34:05,8
5950,US5TX2MY,View,1,07/25/2024,2,03/24/2025,01/16/2026 05:34:05,8
5951,US5TX2MZ,View,1,07/25/2024,2,03/24/2025,01/16/2026 05:34:05,8
5952,US5TX2NZ,View,1,07/25/2024,1,02/25/2025,01/16/2026 05:34:05,8
5953,US5TX3AB,View,3,06/23/2025,0,06/23/2025,01/16/2026 05:34:05,8
5954,US5TX3BB,View,3,06/23/2025,0,06/23/2025,01/16/2026 05:34:04,8
5955,US5TX3CB,View,3,06/23/2025,0,06/23/2025,01/16/2026 05:34:04,8
5956,US5TX3CC,View,3,06/23/2025,0,06/23/2025,01/16/2026 05:34:04,8
5957,US5TX3CD,View,3,06/23/2025,0,06/23/2025,01/16/2026 05:34:04,8
5958,US5TX3DC,View,3,06/23/2025,0,06/23/2025,01/16/2026 05:34:04,8
5959,US5TX3DD,View,3,06/23/2025,3,09/29/2025,01/16/2026 05:34:03,8
5960,US5TX3DE,View,3,06/23/2025,0,06/23/2025,01/16/2026 05:34:03,8
5961,US5TX3EE,View,3,06/23/2025,1,09/09/2025,01/16/2026 05:34:03,8
5962,US5TX3GI,View,1,09/21/2023,5,04/24/2025,01/16/2026 05:34:03,8
5963,US5TX3GJ,View,1,09/21/2023,3,04/24/2025,01/16/2026 05:34:01,8
5964,US5TX3HJ,View,1,12/05/2023,4,07/10/2025,01/16/2026 05:34:01,8
5965,US5TX3HK,View,1,12/05/2023,5,08/21/2025,01/16/2026 05:34:01,8
5966,US5TX3HL,View,2,03/24/2025,2,08/21/2025,01/16/2026 05:34:01,8
5967,US5TX3IL,View,1,07/11/2023,4,08/21/2025,01/16/2026 05:34:00,8
5968,US5TX3IM,View,2,05/02/2025,0,05/02/2025,01/16/2026 05:34:00,8
5969,US5TX3IN,View,1,07/11/2023,2,03/31/2025,01/16/2026 05:34:00,8
5970,US5TX3JN,View,1,07/11/2023,1,11/08/2024,01/16/2026 05:34:00,8
5971,US5TX3JO,View,1,07/11/2023,2,11/19/2025,01/16/2026 05:34:00,8
5972,US5TX3JP,View,2,05/28/2025,1,11/19/2025,01/16/2026 05:34:00,8
5973,US5TX3KP,View,1,12/05/2023,2,11/19/2025,01/16/2026 05:33:59,8
5974,US5TX3KQ,View,1,12/05/2023,2,11/19/2025,01/16/2026 05:33:59,8
5975,US5TX3KR,View,1,12/05/2023,2,11/19/2025,01/16/2026 05:33:59,8
5976,US5TX3LR,View,1,12/05/2023,1,02/11/2025,01/16/2026 05:33:59,8
5977,US5TXTBF,View,1,05/11/2023,1,03/31/2025,01/16/2026 05:33:59,8
5978,US5TXTBG,View,1,05/11/2023,1,03/31/2025,01/16/2026 05:33:59,8
5979,US5TXTBH,View,1,05/11/2023,1,03/31/2025,01/16/2026 05:33:59,8
5980,US5TXTCE,View,1,05/11/2023,1,03/31/2025,01/16/2026 05:33:58,8
5981,US5TXTCF,View,1,05/11/2023,1,03/31/2025,01/16/2026 05:33:58,8
5982,US5TXTCG,View,1,05/11/2023,3,03/31/2025,01/16/2026 05:33:58,8
5983,US5TXTCH,View,1,05/11/2023,3,03/31/2025,01/16/2026 05:33:58,8
5984,US5TXTDA,View,3,06/23/2025,2,09/02/2025,01/16/2026 05:33:58,8
5985,US5TXTDB,View,2,06/30/2025,2,09/18/2025,01/16/2026 05:33:57,8
5986,US5TXTDC,View,2,12/03/2024,4,09/18/2025,01/16/2026 05:33:57,8
5987,US5TXTDD,View,1,07/21/2023,6,12/11/2025,01/16/2026 05:33:57,8
5988,US5TXTDE,View,1,07/21/2023,6,12/11/2025,01/16/2026 05:33:57,8
5989,US5TXTDF,View,1,05/11/2023,7,12/11/2025,01/16/2026 05:33:56,8
5990,US5TXTEA,View,3,02/05/2025,1,09/24/2025,01/16/2026 05:33:56,8
5991,US5TXTEB,View,4,02/05/2025,4,12/11/2025,01/16/2026 05:33:56,8
5992,US5TXTEC,View,8,10/02/2025,1,12/11/2025,01/16/2026 05:33:56,8
5993,US5TXTED,View,2,08/12/2025,2,12/11/2025,01/16/2026 05:33:55,8
5994,US5TXTEE,View,1,07/21/2023,1,03/31/2025,01/16/2026 05:33:55,8
5995,US5UAACC,View,1,04/29/2025,1,09/25/2025,01/16/2026 05:33:55,17
5996,US5UAADC,View,1,04/30/2025,0,04/30/2025,01/16/2026 05:33:55,17
5997,US5UAADD,View,1,04/29/2025,0,04/29/2025,01/16/2026 05:33:55,17
5998,US5UAAEC,View,1,04/29/2025,0,04/29/2025,01/16/2026 05:33:54,17
5999,US5UM1BB,View,1,08/06/2025,0,08/06/2025,01/16/2026 05:33:54,14
6000,US5UM1BC,View,1,08/06/2025,0,08/06/2025,01/16/2026 05:33:54,14
6001,US5UM1BD,View,1,08/06/2025,0,08/06/2025,01/16/2026 05:33:54,14
6002,US5UM1BE,View,1,08/06/2025,0,08/06/2025,01/16/2026 05:33:54,14
6003,US5UM1CB,View,1,08/06/2025,0,08/06/2025,01/16/2026 05:33:53,14
6004,US5UM1CC,View,1,08/06/2025,1,08/21/2025,01/16/2026 05:33:53,14
6005,US5UM1CD,View,1,08/06/2025,0,08/06/2025,01/16/2026 05:33:53,14
6006,US5UM1CE,View,1,08/06/2025,0,08/06/2025,01/16/2026 05:33:53,14
6007,US5UM2CF,View,1,08/22/2025,0,08/22/2025,01/16/2026 05:33:53,14
6008,US5UM2CG,View,1,08/22/2025,0,08/22/2025,01/16/2026 05:33:53,14
6009,US5UM2CH,View,1,08/22/2025,0,08/22/2025,01/16/2026 05:33:52,14
6010,US5UM6DD,View,1,09/14/2024,0,09/14/2024,01/16/2026 05:33:52,7
6011,US5UM6DE,View,1,09/14/2024,0,09/14/2024,01/16/2026 05:33:52,7
6012,US5VA09M,View,8,09/20/2024,0,09/20/2024,01/16/2026 05:33:52,5
cxl,US5VA10M,View,30,10/04/2023,3,12/16/2025,01/16/2026 05:33:52,5
6013,US5VA11M,View,32,09/20/2024,4,09/23/2025,01/16/2026 05:33:52,5
cxl,US5VA14M,View,43,06/20/2024,4,12/16/2025,01/16/2026 05:33:51,5
6014,US5VA16M,View,43,12/16/2025,1,12/31/2025,01/16/2026 05:33:51,5
6015,US5VA1AP,View,1,11/08/2024,0,11/08/2024,01/16/2026 05:33:51,5
6016,US5VA1AT,View,1,03/13/2025,0,03/13/2025,01/16/2026 05:33:51,5
6017,US5VA1AU,View,1,03/13/2025,0,03/13/2025,01/16/2026 05:33:50,5
6018,US5VA1BP,View,1,05/22/2024,0,05/22/2024,01/16/2026 05:33:50,5
6019,US5VA1BT,View,1,02/07/2024,0,02/07/2024,01/16/2026 05:33:50,5
6020,US5VA1BU,View,1,02/07/2024,0,02/07/2024,01/16/2026 05:33:50,5
6021,US5VA1CM,View,1,11/17/2023,0,11/17/2023,01/16/2026 05:33:50,5
6022,US5VA1CN,View,1,11/17/2023,0,11/17/2023,01/16/2026 05:33:50,5
6023,US5VA1CP,View,1,05/22/2024,0,05/22/2024,01/16/2026 05:33:50,5
6024,US5VA1CQ,View,1,05/22/2024,2,07/15/2025,01/16/2026 05:33:49,5
6025,US5VA1CR,View,1,05/22/2024,0,05/22/2024,01/16/2026 05:33:49,5
6026,US5VA1CS,View,1,02/07/2024,0,02/07/2024,01/16/2026 05:33:49,5
6027,US5VA1CT,View,1,02/07/2024,0,02/07/2024,01/16/2026 05:33:49,5
6028,US5VA1DM,View,1,11/17/2023,0,11/17/2023,01/16/2026 05:33:49,5
6029,US5VA1DN,View,1,11/17/2023,0,11/17/2023,01/16/2026 05:33:48,5
6030,US5VA1DP,View,1,09/20/2024,0,09/20/2024,01/16/2026 05:33:48,5
6031,US5VA1EN,View,1,03/22/2024,0,03/22/2024,01/16/2026 05:33:48,5
6032,US5VA1EO,View,1,09/20/2024,0,09/20/2024,01/16/2026 05:33:48,5
6033,US5VA1ES,View,1,09/20/2024,0,09/20/2024,01/16/2026 05:33:48,5
6034,US5VA1ET,View,1,09/20/2024,2,03/13/2025,01/16/2026 05:33:47,5
6035,US5VA1EU,View,1,09/20/2024,4,06/11/2025,01/16/2026 05:33:47,5
6036,US5VA1EV,View,1,09/20/2024,3,09/15/2025,01/16/2026 05:33:47,5
6037,US5VA1FM,View,1,03/22/2024,0,03/22/2024,01/16/2026 05:33:47,5
6038,US5VA1FN,View,1,03/22/2024,0,03/22/2024,01/16/2026 05:33:46,5
6039,US5VA1FS,View,2,11/29/2023,1,04/24/2025,01/16/2026 05:33:46,5
6040,US5VA1FT,View,2,11/29/2023,12,01/06/2026,01/16/2026 05:33:46,5
6041,US5VA1FU,View,2,11/29/2023,5,12/23/2025,01/16/2026 05:33:46,5
6042,US5VA1FV,View,1,11/06/2023,5,12/23/2025,01/16/2026 05:33:45,5
6043,US5VA1GS,View,3,03/04/2024,6,12/23/2025,01/16/2026 05:33:45,5
6044,US5VA1GT,View,2,11/29/2023,7,12/23/2025,01/16/2026 05:33:45,5
6045,US5VA1GU,View,2,04/30/2024,0,04/30/2024,01/16/2026 05:33:45,5
6046,US5VA1GV,View,1,11/06/2023,1,05/05/2025,01/16/2026 05:33:44,5
6047,US5VA1HO,View,1,06/20/2024,0,06/20/2024,01/16/2026 05:33:44,5
6048,US5VA1HP,View,1,06/20/2024,0,06/20/2024,01/16/2026 05:33:44,5
6049,US5VA1HQ,View,1,06/20/2024,1,10/11/2024,01/16/2026 05:33:44,5
6050,US5VA1HR,View,1,06/20/2024,0,06/20/2024,01/16/2026 05:33:44,5
6051,US5VA1HS,View,1,06/20/2024,1,01/14/2026,01/16/2026 05:33:43,5
6052,US5VA1HT,View,1,06/20/2024,1,01/14/2026,01/16/2026 05:33:43,5
6053,US5VA1HU,View,1,04/04/2024,1,12/10/2024,01/16/2026 05:33:43,5
6054,US5VA1HV,View,1,04/04/2024,2,05/05/2025,01/16/2026 05:33:43,5
6055,US5VA1IN,View,1,03/22/2024,1,09/22/2025,01/16/2026 05:33:42,5
6056,US5VA1IO,View,1,06/20/2024,0,06/20/2024,01/16/2026 05:33:42,5
6057,US5VA1IP,View,1,06/20/2024,0,06/20/2024,01/16/2026 05:33:42,5
6058,US5VA1IQ,View,1,06/20/2024,0,06/20/2024,01/16/2026 05:33:42,5
6059,US5VA1IR,View,1,06/20/2024,0,06/20/2024,01/16/2026 05:33:41,5
6060,US5VA1IS,View,1,06/20/2024,1,01/14/2026,01/16/2026 05:33:41,5
6061,US5VA1IT,View,1,06/20/2024,0,06/20/2024,01/16/2026 05:33:41,5
6062,US5VA1IU,View,1,04/04/2024,0,04/04/2024,01/16/2026 05:33:40,5
6063,US5VA1IV,View,1,04/04/2024,1,12/10/2024,01/16/2026 05:33:40,5
6064,US5VA1JN,View,1,01/04/2024,0,01/04/2024,01/16/2026 05:33:40,5
6065,US5VA1JO,View,1,01/04/2024,3,12/12/2025,01/16/2026 05:33:40,5
6066,US5VA1JP,View,1,01/04/2024,1,07/22/2024,01/16/2026 05:33:40,5
6067,US5VA1JQ,View,1,01/04/2024,3,05/14/2025,01/16/2026 05:33:40,5
6068,US5VA1JR,View,1,01/04/2024,0,01/04/2024,01/16/2026 05:33:39,5
6069,US5VA1JS,View,1,01/04/2024,2,01/14/2026,01/16/2026 05:33:39,5
6070,US5VA1JT,View,1,01/04/2024,2,01/14/2026,01/16/2026 05:33:39,5
6071,US5VA1JU,View,1,01/04/2024,0,01/04/2024,01/16/2026 05:33:39,5
6072,US5VA1JV,View,1,01/05/2024,1,12/10/2024,01/16/2026 05:33:38,5
6073,US5VA1KL,View,1,03/24/2025,0,03/24/2025,01/16/2026 05:33:38,5
6074,US5VA1KM,View,1,01/05/2024,1,01/30/2024,01/16/2026 05:33:38,5
6075,US5VA1KN,View,1,01/05/2024,0,01/05/2024,01/16/2026 05:33:38,5
6076,US5VA1KO,View,1,01/05/2024,0,01/05/2024,01/16/2026 05:33:38,5
6077,US5VA1KP,View,1,01/05/2024,0,01/05/2024,01/16/2026 05:33:37,5
6078,US5VA1KQ,View,1,01/05/2024,1,05/09/2025,01/16/2026 05:33:37,5
6079,US5VA1KR,View,1,01/05/2024,2,12/13/2024,01/16/2026 05:33:37,5
6080,US5VA1KS,View,1,01/05/2024,0,01/05/2024,01/16/2026 05:33:37,5
6081,US5VA1KT,View,1,01/05/2024,2,01/14/2026,01/16/2026 05:33:37,5
6082,US5VA1KU,View,1,01/05/2024,0,01/05/2024,01/16/2026 05:33:36,5
6083,US5VA1KV,View,1,01/05/2024,1,12/10/2024,01/16/2026 05:33:36,5
6084,US5VA1LL,View,1,03/24/2025,0,03/24/2025,01/16/2026 05:33:36,5
6085,US5VA1LM,View,1,03/24/2025,0,03/24/2025,01/16/2026 05:33:36,5
6086,US5VA1LN,View,1,03/24/2025,0,03/24/2025,01/16/2026 05:33:35,5
6087,US5VA1LO,View,1,10/04/2023,0,10/04/2023,01/16/2026 05:33:35,5
6088,US5VA1LP,View,1,10/04/2023,0,10/04/2023,01/16/2026 05:33:35,5
6089,US5VA1LQ,View,1,10/04/2023,0,10/04/2023,01/16/2026 05:33:35,5
6090,US5VA1LR,View,1,10/04/2023,0,10/04/2023,01/16/2026 05:33:35,5
6091,US5VA1LS,View,1,10/04/2023,0,10/04/2023,01/16/2026 05:33:35,5
6092,US5VA1LT,View,1,10/04/2023,0,10/04/2023,01/16/2026 05:33:34,5
6093,US5VA1LU,View,1,10/04/2023,0,10/04/2023,01/16/2026 05:33:34,5
6094,US5VA1LV,View,1,10/04/2023,0,10/04/2023,01/16/2026 05:33:34,5
6095,US5VA1MJ,View,1,03/24/2025,0,03/24/2025,01/16/2026 05:33:34,5
6096,US5VA1MK,View,1,03/24/2025,0,03/24/2025,01/16/2026 05:33:34,5
6097,US5VA1ML,View,1,03/24/2025,1,05/09/2025,01/16/2026 05:33:34,5
6098,US5VA1MM,View,1,03/24/2025,0,03/24/2025,01/16/2026 05:33:34,5
6099,US5VA1MO,View,1,10/04/2023,0,10/04/2023,01/16/2026 05:33:33,5
6100,US5VA1MP,View,1,10/04/2023,0,10/04/2023,01/16/2026 05:33:33,5
6101,US5VA1MQ,View,1,10/04/2023,1,05/27/2025,01/16/2026 05:33:33,5
6102,US5VA1MR,View,1,10/04/2023,0,10/04/2023,01/16/2026 05:33:33,5
6103,US5VA1MS,View,1,10/04/2023,0,10/04/2023,01/16/2026 05:33:33,5
6104,US5VA1MT,View,1,10/04/2023,0,10/04/2023,01/16/2026 05:33:33,5
6105,US5VA1MU,View,1,10/04/2023,0,10/04/2023,01/16/2026 05:33:33,5
6106,US5VA1MV,View,1,10/04/2023,2,07/14/2025,01/16/2026 05:33:33,5
6107,US5VA1NS,View,1,06/16/2023,0,06/16/2023,01/16/2026 05:33:32,5
6108,US5VA1NT,View,2,11/14/2024,0,11/14/2024,01/16/2026 05:33:32,5
6109,US5VA1NU,View,2,11/14/2024,0,11/14/2024,01/16/2026 05:33:32,5
6110,US5VA1NV,View,1,06/16/2023,0,06/16/2023,01/16/2026 05:33:32,5
6111,US5VA1OS,View,2,11/14/2024,0,11/14/2024,01/16/2026 05:33:32,5
6112,US5VA1OT,View,2,11/14/2024,0,11/14/2024,01/16/2026 05:33:32,5
6113,US5VA1OU,View,2,11/14/2024,0,11/14/2024,01/16/2026 05:33:32,5
6114,US5VA1OV,View,1,06/16/2023,2,05/14/2025,01/16/2026 05:33:32,5
6115,US5VA1PS,View,2,11/14/2024,0,11/14/2024,01/16/2026 05:33:31,5
6116,US5VA1PT,View,2,11/14/2024,0,11/14/2024,01/16/2026 05:33:31,5
6117,US5VA1PU,View,1,06/16/2023,0,06/16/2023,01/16/2026 05:33:31,5
6118,US5VA1PV,View,1,06/16/2023,0,06/16/2023,01/16/2026 05:33:31,5
6119,US5VA1QS,View,1,06/16/2023,2,01/19/2024,01/16/2026 05:33:31,5
6120,US5VA1QT,View,1,06/16/2023,1,05/31/2024,01/16/2026 05:33:31,5
6121,US5VA1QU,View,1,06/16/2023,0,06/16/2023,01/16/2026 05:33:31,5
6122,US5VA1QV,View,1,06/16/2023,2,09/10/2025,01/16/2026 05:33:31,5
6123,US5VA1VE,View,1,05/01/2023,0,05/01/2023,01/16/2026 05:33:30,5
6124,US5VA1VF,View,1,05/01/2023,0,05/01/2023,01/16/2026 05:33:30,5
6125,US5VA1VG,View,1,05/01/2023,2,02/10/2025,01/16/2026 05:33:30,5
6126,US5VA1WB,View,1,05/01/2023,0,05/01/2023,01/16/2026 05:33:30,5
6127,US5VA1WC,View,1,05/01/2023,0,05/01/2023,01/16/2026 05:33:30,5
6128,US5VA1WD,View,1,05/01/2023,0,05/01/2023,01/16/2026 05:33:30,5
6129,US5VA1WE,View,1,05/01/2023,0,05/01/2023,01/16/2026 05:33:30,5
6130,US5VA1WF,View,1,05/01/2023,0,05/01/2023,01/16/2026 05:33:30,5
6131,US5VA1XB,View,1,05/01/2023,0,05/01/2023,01/16/2026 05:33:29,5
6132,US5VA1XC,View,1,05/01/2023,0,05/01/2023,01/16/2026 05:33:29,5
6133,US5VA1XD,View,1,05/01/2023,0,05/01/2023,01/16/2026 05:33:29,5
6134,US5VA1XE,View,1,05/01/2023,0,05/01/2023,01/16/2026 05:33:29,5
6135,US5VA21M,View,29,08/07/2025,1,08/19/2025,01/16/2026 05:33:29,5
6136,US5VA22M,View,32,02/08/2024,6,08/18/2025,01/16/2026 05:33:29,5
6137,US5VA27M,View,27,06/24/2022,8,01/23/2025,01/16/2026 05:33:28,5
6138,US5VA41M,View,49,11/26/2024,2,06/12/2025,01/16/2026 05:33:28,5
6139,US5VA63M,View,21,11/26/2024,6,12/01/2025,01/16/2026 05:33:27,5
6140,US5VA71M,View,23,07/15/2024,2,12/01/2025,01/16/2026 05:33:27,5
6141,US5VCTAE,View,1,07/31/2024,1,08/08/2025,01/16/2026 05:33:27,8
6142,US5VDZFF,View,1,10/01/2024,0,10/01/2024,01/16/2026 05:33:27,17
6143,US5VDZGF,View,1,10/01/2024,0,10/01/2024,01/16/2026 05:33:26,17
6144,US5VDZGG,View,1,10/01/2024,0,10/01/2024,01/16/2026 05:33:26,17
6145,US5VDZGH,View,1,09/30/2024,1,06/12/2025,01/16/2026 05:33:26,17
6146,US5VDZHH,View,1,09/30/2024,0,09/30/2024,01/16/2026 05:33:26,17
6147,US5VI1CO,View,1,07/25/2024,0,07/25/2024,01/16/2026 05:33:25,7
6148,US5VI1CP,View,1,07/25/2024,0,07/25/2024,01/16/2026 05:33:25,7
6149,US5VI1CQ,View,1,07/25/2024,0,07/25/2024,01/16/2026 05:33:25,7
6150,US5VI1CR,View,2,03/26/2025,0,03/26/2025,01/16/2026 05:33:25,7
6151,US5VI1DO,View,1,07/25/2024,0,07/25/2024,01/16/2026 05:33:25,7
6152,US5VI1DP,View,1,07/25/2024,1,01/07/2026,01/16/2026 05:33:25,7
6153,US5VI1DQ,View,1,07/25/2024,0,07/25/2024,01/16/2026 05:33:24,7
6154,US5VI1DR,View,2,03/26/2025,0,03/26/2025,01/16/2026 05:33:24,7
6155,US5VI1DS,View,1,07/30/2024,0,07/30/2024,01/16/2026 05:33:24,7
6156,US5VI1ES,View,1,07/30/2024,0,07/30/2024,01/16/2026 05:33:24,7
6157,US5VI1KO,View,1,07/24/2024,0,07/24/2024,01/16/2026 05:33:24,7
6158,US5VI1KP,View,2,08/15/2024,0,08/15/2024,01/16/2026 05:33:23,7
6159,US5VI1KQ,View,1,07/24/2024,0,07/24/2024,01/16/2026 05:33:23,7
6160,US5VI1KR,View,1,07/24/2024,0,07/24/2024,01/16/2026 05:33:23,7
6161,US5VI1LO,View,2,08/13/2024,1,09/04/2024,01/16/2026 05:33:23,7
6162,US5VI1LP,View,3,08/18/2025,0,08/18/2025,01/16/2026 05:33:22,7
6163,US5VI1LQ,View,2,08/15/2024,0,08/15/2024,01/16/2026 05:33:22,7
6164,US5VI1LR,View,2,08/15/2024,0,08/15/2024,01/16/2026 05:33:22,7
6165,US5VT1DD,View,2,03/18/2022,3,09/20/2024,01/16/2026 05:33:22,1
6166,US5VT1ED,View,2,03/18/2022,3,10/12/2022,01/16/2026 05:33:21,1
6167,US5WA01M,View,7,10/08/2021,7,06/30/2025,01/16/2026 05:33:21,13
6168,US5WA04M,View,20,08/16/2024,0,08/16/2024,01/16/2026 05:33:21,13
6169,US5WA10M,View,5,09/23/2022,1,12/01/2022,01/16/2026 05:33:21,13
6170,US5WA12M,View,29,12/04/2025,0,12/04/2025,01/16/2026 05:33:21,13
6171,US5WA13M,View,40,09/14/2022,6,11/07/2023,01/16/2026 05:33:20,13
6172,US5WA14M,View,35,09/24/2025,0,09/24/2025,01/16/2026 05:33:20,13
6173,US5WA15M,View,30,01/11/2024,3,07/29/2025,01/16/2026 05:33:20,13
6174,US5WA16M,View,25,12/04/2025,0,12/04/2025,01/16/2026 05:33:20,13
cxl,US5WA17M,View,33,09/30/2025,1,12/04/2025,01/16/2026 05:33:19,13
6175,US5WA18M,View,29,09/23/2025,0,09/23/2025,01/16/2026 05:33:19,13
cxl,US5WA19M,View,23,05/11/2022,8,12/04/2025,01/16/2026 05:33:19,13
6176,US5WA1GN,View,1,07/07/2025,0,07/07/2025,01/16/2026 05:33:19,13
6177,US5WA1HN,View,1,07/07/2025,0,07/07/2025,01/16/2026 05:33:18,13
6178,US5WA1IN,View,1,07/07/2025,0,07/07/2025,01/16/2026 05:33:18,13
6179,US5WA20M,View,19,08/26/2022,2,01/04/2023,01/16/2026 05:33:18,13
6180,US5WA21M,View,16,09/22/2025,0,09/22/2025,01/16/2026 05:33:18,13
6181,US5WA22M,View,44,12/18/2024,1,05/08/2025,01/16/2026 05:33:18,13
6182,US5WA23M,View,16,06/08/2022,5,03/26/2025,01/16/2026 05:33:17,13
6183,US5WA24M,View,13,06/08/2022,1,12/01/2022,01/16/2026 05:33:17,13
cxl,US5WA26M,View,20,09/22/2025,1,12/04/2025,01/16/2026 05:33:17,13
cxl,US5WA27M,View,14,12/14/2022,1,09/22/2025,01/16/2026 05:33:17,13
cxl,US5WA28M,View,26,01/30/2023,10,12/04/2025,01/16/2026 05:33:17,13
6184,US5WA29M,View,16,12/06/2021,6,01/27/2025,01/16/2026 05:33:16,13
6185,US5WA30M,View,5,09/30/2021,1,12/02/2022,01/16/2026 05:33:16,13
6186,US5WA31M,View,36,09/25/2025,0,09/25/2025,01/16/2026 05:33:16,13
cxl,US5WA32M,View,24,09/30/2021,7,07/11/2025,01/16/2026 05:33:16,13
6187,US5WA33M,View,20,06/29/2022,2,10/24/2023,01/16/2026 05:33:15,13
6188,US5WA3BA,View,1,07/22/2024,1,03/18/2025,01/16/2026 05:33:15,13
6189,US5WA3BB,View,1,07/22/2024,1,03/18/2025,01/16/2026 05:33:15,13
6190,US5WA3BC,View,1,07/22/2024,1,03/18/2025,01/16/2026 05:33:15,13
6191,US5WA3BD,View,1,07/22/2024,0,07/22/2024,01/16/2026 05:33:14,13
6192,US5WA3BE,View,1,07/22/2024,0,07/22/2024,01/16/2026 05:33:14,13
6193,US5WA3BF,View,1,07/22/2024,0,07/22/2024,01/16/2026 05:33:14,13
6194,US5WA3BG,View,1,07/22/2024,0,07/22/2024,01/16/2026 05:33:14,13
6195,US5WA3BH,View,1,07/22/2024,0,07/22/2024,01/16/2026 05:33:14,13
6196,US5WA3CA,View,1,07/22/2024,1,03/18/2025,01/16/2026 05:33:14,13
6197,US5WA3CB,View,1,07/22/2024,0,07/22/2024,01/16/2026 05:33:14,13
6198,US5WA3CH,View,1,07/22/2024,0,07/22/2024,01/16/2026 05:33:13,13
6199,US5WA3CI,View,1,07/22/2024,0,07/22/2024,01/16/2026 05:33:13,13
6200,US5WA3CJ,View,1,07/22/2024,0,07/22/2024,01/16/2026 05:33:13,13
6201,US5WA3CS,View,1,06/10/2024,0,06/10/2024,01/16/2026 05:33:13,13
6202,US5WA3CT,View,1,06/10/2024,0,06/10/2024,01/16/2026 05:33:13,13
6203,US5WA3CU,View,1,06/10/2024,0,06/10/2024,01/16/2026 05:33:13,13
6204,US5WA3CV,View,1,06/10/2024,0,06/10/2024,01/16/2026 05:33:13,13
6205,US5WA3CW,View,1,06/10/2024,0,06/10/2024,01/16/2026 05:33:12,13
6206,US5WA3CX,View,1,06/10/2024,0,06/10/2024,01/16/2026 05:33:12,13
6207,US5WA3CY,View,1,06/10/2024,0,06/10/2024,01/16/2026 05:33:12,13
6208,US5WA3DJ,View,1,04/01/2024,0,04/01/2024,01/16/2026 05:33:12,13
6209,US5WA3DK,View,1,04/01/2024,1,05/23/2025,01/16/2026 05:33:12,13
6210,US5WA3DL,View,1,04/01/2024,0,04/01/2024,01/16/2026 05:33:12,13
6211,US5WA3DM,View,1,04/01/2024,0,04/01/2024,01/16/2026 05:33:12,13
6212,US5WA3DN,View,1,04/01/2024,0,04/01/2024,01/16/2026 05:33:11,13
6213,US5WA3DO,View,1,04/01/2024,0,04/01/2024,01/16/2026 05:33:11,13
6214,US5WA3DP,View,1,04/01/2024,0,04/01/2024,01/16/2026 05:33:11,13
6215,US5WA3DQ,View,1,04/01/2024,1,04/19/2024,01/16/2026 05:33:11,13
6216,US5WA3DR,View,1,04/01/2024,0,04/01/2024,01/16/2026 05:33:11,13
6217,US5WA3DS,View,1,04/01/2024,0,04/01/2024,01/16/2026 05:33:11,13
6218,US5WA3DX,View,1,06/10/2024,0,06/10/2024,01/16/2026 05:33:11,13
6219,US5WA3DY,View,1,06/10/2024,0,06/10/2024,01/16/2026 05:33:10,13
6220,US5WA3DZ,View,1,02/23/2024,0,02/23/2024,01/16/2026 05:33:10,13
cxl,US5WA40M,View,20,06/12/2024,1,07/11/2025,01/16/2026 05:33:10,13
6221,US5WA41M,View,24,12/20/2024,0,12/20/2024,01/16/2026 05:33:10,13
6222,US5WA42M,View,24,09/30/2025,0,09/30/2025,01/16/2026 05:33:10,13
6223,US5WA43M,View,22,10/30/2022,5,07/02/2025,01/16/2026 05:33:09,13
6224,US5WA44M,View,14,10/30/2022,2,04/26/2024,01/16/2026 05:33:09,13
6225,US5WA45M,View,25,12/02/2024,1,03/07/2025,01/16/2026 05:33:08,13
6226,US5WA4BA,View,1,02/23/2024,0,02/23/2024,01/16/2026 05:33:08,13
6227,US5WA4BB,View,1,02/23/2024,0,02/23/2024,01/16/2026 05:33:08,13
6228,US5WA4BC,View,1,02/23/2024,0,02/23/2024,01/16/2026 05:33:08,13
6229,US5WA4BD,View,1,02/23/2024,0,02/23/2024,01/16/2026 05:33:08,13
6230,US5WA4BE,View,1,02/23/2024,0,02/23/2024,01/16/2026 05:33:07,13
6231,US5WA4BF,View,1,08/08/2024,1,08/28/2024,01/16/2026 05:33:07,13
6232,US5WA4BG,View,1,08/08/2024,1,08/28/2024,01/16/2026 05:33:07,13
6233,US5WA4CA,View,1,02/23/2024,0,02/23/2024,01/16/2026 05:33:07,13
6234,US5WA4CB,View,1,02/23/2024,0,02/23/2024,01/16/2026 05:33:07,13
6235,US5WA4CG,View,1,08/08/2024,1,08/28/2024,01/16/2026 05:33:07,13
6236,US5WA4CH,View,1,08/08/2024,1,08/28/2024,01/16/2026 05:33:07,13
6237,US5WA4CI,View,1,08/08/2024,1,08/28/2024,01/16/2026 05:33:06,13
6238,US5WA4CJ,View,1,08/08/2024,1,08/28/2024,01/16/2026 05:33:06,13
6239,US5WA4CK,View,1,08/08/2024,0,08/08/2024,01/16/2026 05:33:06,13
6240,US5WA4DJ,View,1,08/08/2024,1,08/28/2024,01/16/2026 05:33:06,13
6241,US5WA4DK,View,1,08/08/2024,1,08/28/2024,01/16/2026 05:33:06,13
6242,US5WA4DL,View,1,08/08/2024,2,05/08/2025,01/16/2026 05:33:06,13
6243,US5WA4DM,View,1,08/08/2024,1,08/28/2024,01/16/2026 05:33:05,13
6244,US5WA4DN,View,1,03/12/2024,0,03/12/2024,01/16/2026 05:33:05,13
6245,US5WA4DO,View,1,03/12/2024,0,03/12/2024,01/16/2026 05:33:05,13
6246,US5WA4EN,View,1,03/12/2024,0,03/12/2024,01/16/2026 05:33:05,13
6247,US5WA4EO,View,1,03/12/2024,0,03/12/2024,01/16/2026 05:33:05,13
6248,US5WA4EP,View,1,03/12/2024,0,03/12/2024,01/16/2026 05:33:05,13
6249,US5WA4EQ,View,1,03/12/2024,0,03/12/2024,01/16/2026 05:33:04,13
6250,US5WA4ER,View,1,03/12/2024,0,03/12/2024,01/16/2026 05:33:04,13
6251,US5WA4ES,View,1,03/12/2024,0,03/12/2024,01/16/2026 05:33:04,13
6252,US5WA4ET,View,1,12/20/2024,0,12/20/2024,01/16/2026 05:33:04,13
6253,US5WA4EU,View,1,12/20/2024,0,12/20/2024,01/16/2026 05:33:04,13
6254,US5WA4EV,View,1,12/20/2024,0,12/20/2024,01/16/2026 05:33:04,13
6255,US5WA4EW,View,1,12/20/2024,0,12/20/2024,01/16/2026 05:33:04,13
6256,US5WA4FV,View,1,12/20/2024,0,12/20/2024,01/16/2026 05:33:03,13
6257,US5WA4FW,View,1,12/20/2024,0,12/20/2024,01/16/2026 05:33:03,13
6258,US5WA4FX,View,1,12/20/2024,1,07/08/2025,01/16/2026 05:33:03,13
6259,US5WA4GW,View,1,12/20/2024,0,12/20/2024,01/16/2026 05:33:03,13
6260,US5WA4GX,View,1,12/20/2024,0,12/20/2024,01/16/2026 05:33:03,13
6261,US5WA4HV,View,1,04/30/2024,0,04/30/2024,01/16/2026 05:33:03,13
6262,US5WA4HW,View,1,04/30/2024,1,03/07/2025,01/16/2026 05:33:03,13
6263,US5WA4HX,View,1,12/20/2024,0,12/20/2024,01/16/2026 05:33:02,13
6264,US5WA4IS,View,1,04/29/2024,0,04/29/2024,01/16/2026 05:33:02,13
6265,US5WA4IT,View,1,04/29/2024,0,04/29/2024,01/16/2026 05:33:02,13
6266,US5WA4IU,View,1,04/29/2024,0,04/29/2024,01/16/2026 05:33:02,13
6267,US5WA4IV,View,1,04/29/2024,0,04/29/2024,01/16/2026 05:33:02,13
6268,US5WA4IW,View,1,04/30/2024,1,11/12/2025,01/16/2026 05:33:02,13
6269,US5WA4IX,View,1,07/16/2024,0,07/16/2024,01/16/2026 05:33:01,13
6270,US5WA4IY,View,1,07/16/2024,0,07/16/2024,01/16/2026 05:33:01,13
6271,US5WA4JS,View,1,04/29/2024,0,04/29/2024,01/16/2026 05:33:01,13
6272,US5WA4JT,View,1,04/29/2024,0,04/29/2024,01/16/2026 05:33:01,13
6273,US5WA4JY,View,1,07/16/2024,0,07/16/2024,01/16/2026 05:33:01,13
6274,US5WA4JZ,View,1,07/16/2024,1,02/25/2025,01/16/2026 05:33:01,13
6275,US5WA4KS,View,1,04/29/2024,0,04/29/2024,01/16/2026 05:33:01,13
6276,US5WA4KT,View,1,04/29/2024,0,04/29/2024,01/16/2026 05:33:00,13
6277,US5WA4KZ,View,1,07/16/2024,0,07/16/2024,01/16/2026 05:33:00,13
cxl,US5WA50M,View,19,08/30/2022,2,11/20/2025,01/16/2026 05:33:00,13
cxl,US5WA51M,View,25,11/24/2021,3,11/20/2025,01/16/2026 05:33:00,13
6278,US5WA5CW,View,1,05/08/2024,0,05/08/2024,01/16/2026 05:33:00,13
6279,US5WA5DA,View,1,07/16/2024,0,07/16/2024,01/16/2026 05:33:00,13
6280,US5WA5DB,View,1,07/16/2024,0,07/16/2024,01/16/2026 05:32:59,13
6281,US5WA5DU,View,1,05/08/2024,0,05/08/2024,01/16/2026 05:32:59,13
6282,US5WA5DV,View,1,05/08/2024,0,05/08/2024,01/16/2026 05:32:59,13
6283,US5WA5DW,View,1,05/08/2024,0,05/08/2024,01/16/2026 05:32:59,13
6284,US5WA5DX,View,1,05/08/2024,0,05/08/2024,01/16/2026 05:32:59,13
6285,US5WA5EB,View,1,07/16/2024,0,07/16/2024,01/16/2026 05:32:59,13
6286,US5WA5ET,View,1,05/08/2024,0,05/08/2024,01/16/2026 05:32:59,13
6287,US5WA5EU,View,1,05/08/2024,0,05/08/2024,01/16/2026 05:32:58,13
6288,US5WA5EV,View,1,05/08/2024,0,05/08/2024,01/16/2026 05:32:58,13
6289,US5WA5EW,View,1,05/08/2024,0,05/08/2024,01/16/2026 05:32:58,13
6290,US5WA5EX,View,1,05/08/2024,0,05/08/2024,01/16/2026 05:32:58,13
6291,US5WA5FB,View,1,07/16/2024,0,07/16/2024,01/16/2026 05:32:58,13
6292,US5WA5FC,View,1,07/16/2024,0,07/16/2024,01/16/2026 05:32:58,13
6293,US5WA5FD,View,1,07/16/2024,0,07/16/2024,01/16/2026 05:32:58,13
6294,US5WA5FH,View,1,10/02/2024,0,10/02/2024,01/16/2026 05:32:57,13
6295,US5WA5FI,View,1,10/03/2024,0,10/03/2024,01/16/2026 05:32:57,13
6296,US5WA5FT,View,1,05/08/2024,0,05/08/2024,01/16/2026 05:32:57,13
6297,US5WA5GC,View,1,10/03/2024,0,10/03/2024,01/16/2026 05:32:57,13
6298,US5WA5GD,View,1,10/03/2024,0,10/03/2024,01/16/2026 05:32:57,13
6299,US5WA5GE,View,1,10/03/2024,0,10/03/2024,01/16/2026 05:32:57,13
6300,US5WA5GF,View,1,10/03/2024,0,10/03/2024,01/16/2026 05:32:57,13
6301,US5WA5GG,View,1,10/03/2024,0,10/03/2024,01/16/2026 05:32:56,13
6302,US5WA5GH,View,1,10/03/2024,0,10/03/2024,01/16/2026 05:32:56,13
6303,US5WA5GI,View,1,10/03/2024,0,10/03/2024,01/16/2026 05:32:56,13
6304,US5WA5GJ,View,1,03/27/2024,0,03/27/2024,01/16/2026 05:32:56,13
6305,US5WA5GK,View,1,03/27/2024,0,03/27/2024,01/16/2026 05:32:56,13
6306,US5WA5GL,View,1,03/27/2024,0,03/27/2024,01/16/2026 05:32:56,13
6307,US5WA5GM,View,1,03/27/2024,0,03/27/2024,01/16/2026 05:32:56,13
6308,US5WA5GR,View,1,05/08/2024,1,08/21/2025,01/16/2026 05:32:56,13
6309,US5WA5GS,View,1,05/08/2024,0,05/08/2024,01/16/2026 05:32:55,13
6310,US5WA5GT,View,1,05/08/2024,0,05/08/2024,01/16/2026 05:32:55,13
6311,US5WA5HG,View,1,10/03/2024,0,10/03/2024,01/16/2026 05:32:55,13
6312,US5WA5HM,View,1,03/27/2024,0,03/27/2024,01/16/2026 05:32:55,13
6313,US5WA5HN,View,1,03/27/2024,0,03/27/2024,01/16/2026 05:32:55,13
6314,US5WA5HO,View,1,03/27/2024,0,03/27/2024,01/16/2026 05:32:55,13
6315,US5WA5HP,View,1,03/27/2024,0,03/27/2024,01/16/2026 05:32:55,13
6316,US5WA5HQ,View,1,03/27/2024,1,09/20/2024,01/16/2026 05:32:55,13
6317,US5WA5HR,View,1,03/27/2024,0,03/27/2024,01/16/2026 05:32:54,13
6318,US5WA60M,View,31,02/28/2024,8,06/30/2025,01/16/2026 05:32:54,13
6319,US5WA70M,View,14,11/22/2024,0,11/22/2024,01/16/2026 05:32:54,13
6320,US5WI03A,View,1,12/03/2024,2,07/09/2025,01/16/2026 05:32:54,9
6321,US5WI03M,View,6,12/03/2024,1,03/19/2025,01/16/2026 05:32:54,9
6322,US5WI06A,View,1,12/11/2024,0,12/11/2024,01/16/2026 05:32:54,9
6323,US5WI06B,View,1,12/11/2024,1,04/29/2025,01/16/2026 05:32:53,9
6324,US5WI06M,View,10,12/11/2024,0,12/11/2024,01/16/2026 05:32:53,9
6325,US5WI1AB,View,1,09/19/2024,1,08/01/2025,01/16/2026 05:32:53,9
6326,US5WI1AC,View,1,09/19/2024,0,09/19/2024,01/16/2026 05:32:53,9
6327,US5WI1BB,View,1,09/19/2024,1,08/01/2025,01/16/2026 05:32:53,9
6328,US5WI1DO,View,2,11/05/2024,0,11/05/2024,01/16/2026 05:32:53,9
6329,US5WI1DP,View,2,11/05/2024,0,11/05/2024,01/16/2026 05:32:53,9
6330,US5WI1EO,View,2,11/05/2024,0,11/05/2024,01/16/2026 05:32:52,9
6331,US5WI1EP,View,2,11/05/2024,0,11/05/2024,01/16/2026 05:32:52,9
6332,US5WI21A,View,1,09/04/2024,0,09/04/2024,01/16/2026 05:32:52,9
6333,US5WI21B,View,1,09/04/2024,1,03/27/2025,01/16/2026 05:32:52,9
6334,US5WI21M,View,5,09/04/2024,0,09/04/2024,01/16/2026 05:32:52,9
6335,US5WI2DT,View,1,11/08/2024,0,11/08/2024,01/16/2026 05:32:52,9
6336,US5WI2DU,View,1,11/08/2024,0,11/08/2024,01/16/2026 05:32:52,9
6337,US5WI2ET,View,1,11/08/2024,0,11/08/2024,01/16/2026 05:32:52,9
6338,US5WI2EU,View,1,11/08/2024,0,11/08/2024,01/16/2026 05:32:51,9
6339,US5WI2RK,View,1,10/16/2024,0,10/16/2024,01/16/2026 05:32:51,9
6340,US5WI2RL,View,1,10/16/2024,0,10/16/2024,01/16/2026 05:32:51,9
6341,US5WI2SK,View,1,10/16/2024,0,10/16/2024,01/16/2026 05:32:51,9
6342,US5WI2SL,View,1,10/16/2024,0,10/16/2024,01/16/2026 05:32:51,9
6343,US5WI2TJ,View,1,10/16/2024,0,10/16/2024,01/16/2026 05:32:51,9
6344,US5WI2TK,View,1,10/16/2024,0,10/16/2024,01/16/2026 05:32:50,9
6345,US5WI2TL,View,1,10/16/2024,0,10/16/2024,01/16/2026 05:32:50,9
6346,US5WI2TM,View,1,10/16/2024,0,10/16/2024,01/16/2026 05:32:50,9
6347,US5WI2UJ,View,1,10/16/2024,0,10/16/2024,01/16/2026 05:32:50,9
6348,US5WI2UK,View,1,10/16/2024,0,10/16/2024,01/16/2026 05:32:50,9
6349,US5WI2UL,View,1,10/16/2024,0,10/16/2024,01/16/2026 05:32:50,9
6350,US5WI2UM,View,1,10/16/2024,0,10/16/2024,01/16/2026 05:32:49,9
6351,US5WI2VI,View,1,10/16/2024,0,10/16/2024,01/16/2026 05:32:49,9
6352,US5WI2VJ,View,1,10/16/2024,0,10/16/2024,01/16/2026 05:32:49,9
6353,US5WI2VK,View,1,10/16/2024,0,10/16/2024,01/16/2026 05:32:49,9
6354,US5WI2VL,View,1,10/16/2024,0,10/16/2024,01/16/2026 05:32:48,9
6355,US5WI2VM,View,1,10/16/2024,0,10/16/2024,01/16/2026 05:32:48,9
6356,US5WI2WK,View,1,11/05/2024,0,11/05/2024,01/16/2026 05:32:48,9
6357,US5WI2WL,View,1,11/05/2024,0,11/05/2024,01/16/2026 05:32:48,9
6358,US5WI2WM,View,1,11/05/2024,0,11/05/2024,01/16/2026 05:32:48,9
6359,US5WI2XK,View,1,11/05/2024,0,11/05/2024,01/16/2026 05:32:48,9
6360,US5WI2XL,View,1,11/05/2024,0,11/05/2024,01/16/2026 05:32:48,9
6361,US5WI2XM,View,1,11/05/2024,0,11/05/2024,01/16/2026 05:32:47,9
6362,US5WI2YL,View,1,11/05/2024,0,11/05/2024,01/16/2026 05:32:47,9
6363,US5WI2YM,View,1,11/05/2024,0,11/05/2024,01/16/2026 05:32:47,9
6364,US5WI2YN,View,1,11/05/2024,0,11/05/2024,01/16/2026 05:32:47,9
6365,US5WI2YO,View,1,11/05/2024,0,11/05/2024,01/16/2026 05:32:47,9
6366,US5WI2ZO,View,1,11/05/2024,0,11/05/2024,01/16/2026 05:32:47,9
6367,US5WI2ZP,View,1,11/05/2024,0,11/05/2024,01/16/2026 05:32:47,9
6368,US5WI32A,View,1,02/26/2025,0,02/26/2025,01/16/2026 05:32:46,9
6369,US5WI32M,View,8,02/26/2025,3,08/15/2025,01/16/2026 05:32:46,9
6370,US5WI33A,View,1,02/04/2025,0,02/04/2025,01/16/2026 05:32:46,9
6371,US5WI33M,View,9,02/04/2025,0,02/04/2025,01/16/2026 05:32:46,9
6372,US5WI34A,View,1,12/13/2024,0,12/13/2024,01/16/2026 05:32:46,9
6373,US5WI34M,View,9,12/13/2024,0,12/13/2024,01/16/2026 05:32:46,9
6374,US5WI3EL,View,2,11/05/2024,0,11/05/2024,01/16/2026 05:32:46,9
6375,US5WI3EM,View,2,11/05/2024,0,11/05/2024,01/16/2026 05:32:45,9
6376,US5WI3FK,View,2,11/05/2024,2,07/21/2025,01/16/2026 05:32:45,9
6377,US5WI3FL,View,2,11/05/2024,3,07/21/2025,01/16/2026 05:32:45,9
6378,US5WI3FM,View,2,11/05/2024,0,11/05/2024,01/16/2026 05:32:45,9
6379,US5WI3GJ,View,2,11/05/2024,0,11/05/2024,01/16/2026 05:32:45,9
6380,US5WI3GK,View,2,11/05/2024,0,11/05/2024,01/16/2026 05:32:45,9
6381,US5WI3JH,View,1,05/21/2024,0,05/21/2024,01/16/2026 05:32:44,9
6382,US5WI3JI,View,1,05/21/2024,0,05/21/2024,01/16/2026 05:32:44,9
6383,US5WKGBD,View,2,12/21/2023,0,12/21/2023,01/16/2026 05:32:44,9
6384,US5WKGCD,View,2,12/21/2023,0,12/21/2023,01/16/2026 05:32:44,9
6385,US5WKGIC,View,2,12/21/2023,0,12/21/2023,01/16/2026 05:32:44,9
6386,US5WKGID,View,2,12/21/2023,0,12/21/2023,01/16/2026 05:32:43,9
6387,US5YAKFG,View,1,07/12/2024,0,07/12/2024,01/16/2026 05:32:43,17
6388,US5YAKGG,View,1,07/12/2024,1,03/14/2025,01/16/2026 05:32:43,17
6389,US6AK1BM,View,4,03/28/2023,0,03/28/2023,01/16/2026 05:32:43,17
6390,US6HA13M,View,1,05/14/2025,0,05/14/2025,01/16/2026 05:32:43,14
6391,US6HA14A,View,1,06/03/2025,0,06/03/2025,01/16/2026 05:32:43,14
6392,US6HA14B,View,1,06/03/2025,0,06/03/2025,01/16/2026 05:32:42,14
6393,US6HA15M,View,1,05/14/2025,0,05/14/2025,01/16/2026 05:32:42,14
6394,US6HA17M,View,1,05/14/2025,0,05/14/2025,01/16/2026 05:32:42,14
6395,US6HA21M,View,1,05/14/2025,0,05/14/2025,01/16/2026 05:32:42,14
6396,US6HA26M,View,4,08/28/2017,0,08/28/2017,01/16/2026 05:32:42,14
6397,US6HA27M,View,5,08/28/2017,1,07/20/2018,01/16/2026 05:32:42,14
6398,US6HA28M,View,5,08/28/2017,1,07/20/2018,01/16/2026 05:32:42,14
6399,US6HA29M,View,6,05/30/2025,0,05/30/2025,01/16/2026 05:32:41,14
6400,US6HA30M,View,1,05/14/2025,0,05/14/2025,01/16/2026 05:32:41,14
6401,US6HA31A,View,1,09/23/2025,0,09/23/2025,01/16/2026 05:32:41,14
6402,US6HA31B,View,1,09/23/2025,0,09/23/2025,01/16/2026 05:32:41,14
6403,US6HA31C,View,1,09/23/2025,0,09/23/2025,01/16/2026 05:32:41,14
6404,US6HA31D,View,1,09/23/2025,0,09/23/2025,01/16/2026 05:32:41,14
6405,US6HA31E,View,1,09/23/2025,0,09/23/2025,01/16/2026 05:32:41,14
6406,US6HA62M,View,1,05/14/2025,0,05/14/2025,01/16/2026 05:32:41,14
6407,US6HA63M,View,1,05/14/2025,0,05/14/2025,01/16/2026 05:32:40,14
6408,US6HA64M,View,4,05/30/2025,0,05/30/2025,01/16/2026 05:32:40,14
6409,US6ME56M,View,10,08/21/2024,0,08/21/2024,01/16/2026 05:32:40,1
6410,US6MI07A,View,1,03/05/2025,1,01/07/2026,01/16/2026 05:32:40,9
6411,US6MI07C,View,1,03/05/2025,0,03/05/2025,01/16/2026 05:32:40,9
6412,US6MI07D,View,1,03/05/2025,1,09/17/2025,01/16/2026 05:32:39,9
6413,US6MI07E,View,1,03/05/2025,1,09/26/2025,01/16/2026 05:32:39,9
6414,US6MI07F,View,1,03/05/2025,1,09/26/2025,01/16/2026 05:32:39,9
6415,US6MI07G,View,1,03/05/2025,2,12/31/2025,01/16/2026 05:32:39,9
6416,US6MI07M,View,5,03/05/2025,0,03/05/2025,01/16/2026 05:32:39,9
6417,US6MI42A,View,1,02/20/2025,1,03/27/2025,01/16/2026 05:32:39,9
6418,US6MI54A,View,1,02/04/2025,0,02/04/2025,01/16/2026 05:32:39,9
6419,US6MI54M,View,6,02/04/2025,1,02/21/2025,01/16/2026 05:32:38,9
6420,US6MI56A,View,1,02/14/2025,0,02/14/2025,01/16/2026 05:32:38,9
6421,US6MI69M,View,7,08/30/2024,1,10/16/2024,01/16/2026 05:32:38,9
6422,US6MI71M,View,5,08/14/2024,2,03/27/2025,01/16/2026 05:32:38,9
6423,US6MI76M,View,1,08/29/2024,1,03/27/2025,01/16/2026 05:32:38,9
6424,US6MI77A,View,1,09/24/2024,0,09/24/2024,01/16/2026 05:32:38,9
6425,US6MI77B,View,1,09/24/2024,1,04/24/2025,01/16/2026 05:32:37,9
6426,US6MI86M,View,1,08/29/2024,0,08/29/2024,01/16/2026 05:32:37,9
6427,US6MN11A,View,1,07/23/2024,0,07/23/2024,01/16/2026 05:32:37,9
6428,US6NY27M,View,5,03/26/2025,0,03/26/2025,01/16/2026 05:32:37,9
6429,US6NY33M,View,6,03/17/2025,0,03/17/2025,01/16/2026 05:32:37,9
6430,US6OH01M,View,4,03/07/2025,0,03/07/2025,01/16/2026 05:32:37,9
6431,US6OH05M,View,6,03/17/2025,4,10/15/2025,01/16/2026 05:32:37,9
6432,US6OH07A,View,1,03/25/2025,0,03/25/2025,01/16/2026 05:32:36,9
6433,US6OH07B,View,1,03/05/2025,0,03/05/2025,01/16/2026 05:32:36,9
6434,US6OH07M,View,4,03/25/2025,0,03/25/2025,01/16/2026 05:32:36,9
6435,US6OH08A,View,1,03/07/2025,0,03/07/2025,01/16/2026 05:32:36,9
6436,US6OH08B,View,1,03/07/2025,0,03/07/2025,01/16/2026 05:32:36,9
6437,US6OH08C,View,1,03/07/2025,0,03/07/2025,01/16/2026 05:32:35,9
6438,US6OH08M,View,5,03/10/2025,0,03/10/2025,01/16/2026 05:32:35,9
6439,US6OH09M,View,5,03/07/2025,2,07/30/2025,01/16/2026 05:32:35,9
6440,US6OH1AA,View,1,03/19/2025,0,03/19/2025,01/16/2026 05:32:34,9
6441,US6OH1AB,View,1,03/19/2025,1,08/20/2025,01/16/2026 05:32:34,9
6442,US6OH1AC,View,1,03/19/2025,0,03/19/2025,01/16/2026 05:32:34,9
6443,US6OH1AD,View,1,03/19/2025,0,03/19/2025,01/16/2026 05:32:34,9
6444,US6OH1AM,View,4,03/19/2025,0,03/19/2025,01/16/2026 05:32:34,9
6445,US6SP10M,View,4,06/22/2021,0,06/22/2021,01/16/2026 05:32:34,14
6446,US6TE3VR,View,1,04/11/2025,0,04/11/2025,01/16/2026 05:32:34,14
6447,US6WI01A,View,1,03/06/2025,0,03/06/2025,01/16/2026 05:32:34,9
6448,US6WI01M,View,4,03/06/2025,0,03/06/2025,01/16/2026 05:32:33,9
6449,US6WI20A,View,1,08/22/2024,1,09/18/2024,01/16/2026 05:32:33,9
6450,US6WI20B,View,1,08/22/2024,1,09/18/2024,01/16/2026 05:32:33,9
6451,US6WI23A,View,1,08/30/2024,0,08/30/2024,01/16/2026 05:32:33,9
